-- MySQL dump 10.13  Distrib 5.5.41, for debian-linux-gnu (i686)
--
-- Host: localhost    Database: clecherodb
-- ------------------------------------------------------
-- Server version	5.5.41-0ubuntu0.14.04.1

/*!40101 SET @OLD_CHARACTER_SET_CLIENT=@@CHARACTER_SET_CLIENT */;
/*!40101 SET @OLD_CHARACTER_SET_RESULTS=@@CHARACTER_SET_RESULTS */;
/*!40101 SET @OLD_COLLATION_CONNECTION=@@COLLATION_CONNECTION */;
/*!40101 SET NAMES utf8 */;
/*!40103 SET @OLD_TIME_ZONE=@@TIME_ZONE */;
/*!40103 SET TIME_ZONE='+00:00' */;
/*!40014 SET @OLD_UNIQUE_CHECKS=@@UNIQUE_CHECKS, UNIQUE_CHECKS=0 */;
/*!40014 SET @OLD_FOREIGN_KEY_CHECKS=@@FOREIGN_KEY_CHECKS, FOREIGN_KEY_CHECKS=0 */;
/*!40101 SET @OLD_SQL_MODE=@@SQL_MODE, SQL_MODE='NO_AUTO_VALUE_ON_ZERO' */;
/*!40111 SET @OLD_SQL_NOTES=@@SQL_NOTES, SQL_NOTES=0 */;

--
-- Current Database: `clecherodb`
--

CREATE DATABASE /*!32312 IF NOT EXISTS*/ `clecherodb` /*!40100 DEFAULT CHARACTER SET latin1 */;

USE `clecherodb`;

--
-- Table structure for table `cattle`
--

DROP TABLE IF EXISTS `cattle`;
/*!40101 SET @saved_cs_client     = @@character_set_client */;
/*!40101 SET character_set_client = utf8 */;
CREATE TABLE `cattle` (
  `id` int(11) NOT NULL AUTO_INCREMENT,
  `caravana` varchar(250) DEFAULT NULL,
  `dairy_id` int(11) NOT NULL,
  PRIMARY KEY (`id`),
  KEY `fk_cattle_dairies_idx` (`dairy_id`),
  CONSTRAINT `fk_cattle_dairies` FOREIGN KEY (`dairy_id`) REFERENCES `dairies` (`id`) ON DELETE NO ACTION ON UPDATE NO ACTION
) ENGINE=InnoDB AUTO_INCREMENT=435 DEFAULT CHARSET=utf8;
/*!40101 SET character_set_client = @saved_cs_client */;

--
-- Dumping data for table `cattle`
--

LOCK TABLES `cattle` WRITE;
/*!40000 ALTER TABLE `cattle` DISABLE KEYS */;
INSERT INTO `cattle` VALUES (1,'1',3),(2,'2',3),(3,'3',3),(4,'4',3),(5,'5',3),(6,'6',3),(7,'7',3),(8,'8',3),(9,'9',3),(10,'10',3),(11,'11',3),(12,'12',3),(13,'13',3),(14,'14',3),(15,'15',3),(16,'16',3),(17,'17',3),(18,'18',3),(19,'19',3),(20,'20',3),(21,'21',3),(22,'22',3),(23,'23',3),(24,'24',3),(25,'25',3),(26,'26',3),(27,'28',3),(28,'29',3),(29,'30',3),(30,'31',3),(31,'32',3),(32,'33',3),(33,'34',3),(34,'35',3),(35,'36',3),(36,'37',3),(37,'38',3),(38,'39',3),(39,'40',3),(40,'41',3),(41,'42',3),(42,'43',3),(43,'44',3),(44,'45',3),(45,'27',3),(46,'50',3),(47,'46',3),(48,'47',3),(49,'48',3),(50,'49',3),(51,'51',3),(52,'52',3),(53,'53',3),(54,'54',3),(55,'55',3),(56,'56',3),(57,'57',3),(58,'58',3),(59,'59',3),(60,'60',3),(61,'61',3),(62,'62',3),(63,'63',3),(64,'64',3),(65,'65',3),(66,'66',3),(67,'67',3),(68,'68',3),(69,'69',3),(70,'70',3),(71,'71',3),(72,'72',3),(73,'73',3),(74,'74',3),(75,'75',3),(76,'76',3),(77,'77',3),(78,'78',3),(79,'79',3),(80,'80',3),(81,'81',3),(82,'82',3),(83,'83',3),(84,'84',3),(85,'85',3),(86,'86',3),(87,'87',3),(88,'88',3),(89,'89',3),(90,'90',3),(91,'91',3),(92,'92',3),(93,'93',3),(94,'94',3),(95,'95',3),(96,'96',3),(97,'97',3),(98,'98',3),(99,'99',3),(100,'100',3),(101,'101',3),(102,'102',3),(103,'103',3),(104,'104',3),(105,'105',3),(106,'106',3),(107,'107',3),(108,'108',3),(109,'109',3),(110,'110',3),(111,'111',3),(112,'112',3),(113,'113',3),(114,'114',3),(115,'115',3),(116,'116',3),(117,'117',3),(118,'118',3),(119,'119',3),(120,'120',3),(121,'121',3),(122,'122',3),(123,'123',3),(124,'124',3),(125,'125',3),(126,'126',3),(127,'127',3),(128,'128',3),(129,'129',3),(130,'130',3),(131,'131',3),(132,'132',3),(133,'133',3),(134,'134',3),(135,'135',3),(136,'136',3),(137,'137',3),(138,'138',3),(139,'139',3),(140,'140',3),(141,'141',3),(142,'142',3),(143,'143',3),(144,'144',3),(145,'145',3),(146,'146',3),(147,'147',3),(148,'148',3),(149,'149',3),(150,'150',3),(151,'151',3),(152,'152',3),(153,'153',3),(154,'154',3),(155,'155',3),(156,'156',3),(157,'157',3),(158,'158',3),(159,'159',3),(160,'160',3),(161,'161',3),(162,'162',3),(163,'163',3),(164,'164',3),(165,'165',3),(166,'166',3),(167,'167',3),(168,'168',3),(169,'169',3),(170,'170',3),(171,'171',3),(172,'172',3),(173,'173',3),(175,'1',4),(176,'2',4),(177,'3',4),(178,'4',4),(179,'5',4),(180,'6',4),(181,'7',4),(182,'8',4),(183,'9',4),(184,'10',4),(185,'11',4),(186,'12',4),(187,'13',4),(188,'14',4),(189,'15',4),(190,'16',4),(191,'17',4),(192,'18',4),(193,'19',4),(194,'20',4),(195,'21',4),(196,'22',4),(197,'23',4),(198,'24',4),(199,'25',4),(200,'26',4),(201,'28',4),(202,'29',4),(203,'30',4),(204,'31',4),(205,'32',4),(206,'33',4),(207,'34',4),(208,'35',4),(209,'36',4),(210,'37',4),(211,'38',4),(212,'39',4),(213,'40',4),(214,'41',4),(215,'42',4),(216,'43',4),(217,'44',4),(218,'45',4),(219,'46',4),(220,'47',4),(221,'48',4),(222,'49',4),(223,'50',4),(224,'51',4),(225,'52',4),(226,'53',4),(227,'54',4),(228,'55',4),(229,'56',4),(230,'57',4),(231,'58',4),(232,'59',4),(233,'60',4),(234,'61',4),(235,'62',4),(236,'63',4),(237,'64',4),(238,'65',4),(239,'66',4),(240,'67',4),(241,'68',4),(242,'69',4),(243,'70',4),(244,'71',4),(245,'72',4),(246,'73',4),(247,'74',4),(248,'75',4),(249,'76',4),(250,'77',4),(251,'78',4),(252,'79',4),(253,'80',4),(254,'81',4),(255,'82',4),(256,'83',4),(257,'84',4),(258,'85',4),(259,'86',4),(260,'87',4),(261,'88',4),(262,'89',4),(263,'90',4),(264,'91',4),(265,'92',4),(266,'93',4),(267,'94',4),(268,'95',4),(269,'96',4),(270,'97',4),(271,'98',4),(272,'99',4),(273,'100',4),(274,'101',4),(275,'102',4),(276,'103',4),(277,'104',4),(278,'105',4),(279,'106',4),(280,'107',4),(281,'108',4),(282,'109',4),(283,'110',4),(284,'111',4),(285,'112',4),(286,'113',4),(287,'114',4),(288,'115',4),(289,'116',4),(290,'117',4),(291,'118',4),(292,'119',4),(293,'120',4),(294,'121',4),(295,'122',4),(296,'123',4),(297,'124',4),(298,'125',4),(299,'126',4),(300,'127',4),(301,'128',4),(302,'129',4),(303,'130',4),(304,'131',4),(305,'132',4),(306,'133',4),(307,'134',4),(308,'135',4),(309,'136',4),(310,'137',4),(311,'138',4),(312,'139',4),(313,'140',4),(314,'141',4),(315,'142',4),(316,'143',4),(317,'144',4),(318,'145',4),(319,'146',4),(320,'147',4),(321,'148',4),(322,'149',4),(323,'150',4),(324,'151',4),(325,'152',4),(326,'153',4),(327,'154',4),(328,'155',4),(329,'156',4),(330,'157',4),(331,'158',4),(332,'159',4),(333,'160',4),(334,'161',4),(335,'162',4),(336,'163',4),(337,'164',4),(338,'165',4),(339,'166',4),(340,'167',4),(341,'168',4),(342,'169',4),(343,'170',4),(344,'171',4),(345,'172',4),(346,'173',4),(347,'1',10),(348,'2',10),(349,'3',10),(350,'4',10),(351,'5',10),(352,'6',10),(353,'7',10),(354,'8',10),(355,'9',10),(356,'10',10),(357,'11',10),(358,'12',10),(359,'13',10),(360,'14',10),(361,'15',10),(362,'16',10),(363,'17',10),(364,'18',10),(365,'19',10),(366,'20',10),(367,'21',10),(368,'22',10),(369,'23',10),(370,'24',10),(371,'25',10),(372,'26',10),(373,'28',10),(374,'29',10),(375,'30',10),(376,'31',10),(377,'32',10),(378,'33',10),(379,'34',10),(380,'35',10),(381,'36',10),(382,'37',10),(383,'38',10),(384,'39',10),(385,'40',10),(386,'41',10),(387,'42',10),(388,'43',10),(389,'44',10),(390,'45',10),(391,'1',8),(392,'2',8),(393,'3',8),(394,'4',8),(395,'5',8),(396,'6',8),(397,'7',8),(398,'8',8),(399,'9',8),(400,'10',8),(401,'11',8),(402,'12',8),(403,'13',8),(404,'14',8),(405,'15',8),(406,'16',8),(407,'17',8),(408,'18',8),(409,'19',8),(410,'20',8),(411,'21',8),(412,'22',8),(413,'23',8),(414,'24',8),(415,'25',8),(416,'26',8),(417,'28',8),(418,'29',8),(419,'30',8),(420,'31',8),(421,'32',8),(422,'33',8),(423,'34',8),(424,'35',8),(425,'36',8),(426,'37',8),(427,'38',8),(428,'39',8),(429,'40',8),(430,'41',8),(431,'42',8),(432,'43',8),(433,'44',8),(434,'45',8);
/*!40000 ALTER TABLE `cattle` ENABLE KEYS */;
UNLOCK TABLES;

--
-- Table structure for table `dairies`
--

DROP TABLE IF EXISTS `dairies`;
/*!40101 SET @saved_cs_client     = @@character_set_client */;
/*!40101 SET character_set_client = utf8 */;
CREATE TABLE `dairies` (
  `id` int(11) NOT NULL AUTO_INCREMENT,
  `name` varchar(250) DEFAULT NULL,
  `email` varchar(250) DEFAULT NULL,
  `phone` varchar(250) DEFAULT NULL,
  `owner_id` int(11) DEFAULT NULL,
  `veterinary_id` int(11) DEFAULT NULL,
  `location` tinytext,
  `industry` varchar(250) CHARACTER SET big5 DEFAULT NULL,
  PRIMARY KEY (`id`)
) ENGINE=InnoDB AUTO_INCREMENT=11 DEFAULT CHARSET=utf8;
/*!40101 SET character_set_client = @saved_cs_client */;

--
-- Dumping data for table `dairies`
--

LOCK TABLES `dairies` WRITE;
/*!40000 ALTER TABLE `dairies` DISABLE KEYS */;
INSERT INTO `dairies` VALUES (3,'Tambito','','',4,10,'Sur de la provincia de cordoba, camino rural n° 3','SANCOR'),(4,'Manchita','','',5,2,NULL,NULL),(5,'Loquito','e@cd.exa','454545555',6,3,NULL,NULL),(8,'La espiga central','','45456456',4,2,NULL,NULL),(9,'El Tambero','','',4,9,NULL,NULL),(10,'JOOOOOO','','',4,10,NULL,NULL);
/*!40000 ALTER TABLE `dairies` ENABLE KEYS */;
UNLOCK TABLES;

--
-- Table structure for table `dairy_control`
--

DROP TABLE IF EXISTS `dairy_control`;
/*!40101 SET @saved_cs_client     = @@character_set_client */;
/*!40101 SET character_set_client = utf8 */;
CREATE TABLE `dairy_control` (
  `id` int(11) NOT NULL AUTO_INCREMENT,
  `nop` int(11) DEFAULT NULL COMMENT 'Numero ordinal de parto, 1 o 2 y mas',
  `dl` int(11) DEFAULT NULL COMMENT 'Dia Lactancia, cuanto hace que pario',
  `rcs` int(11) DEFAULT NULL,
  `mc` tinyint(1) DEFAULT NULL,
  `liters_milk` decimal(10,2) DEFAULT NULL,
  `cow_id` int(11) NOT NULL,
  `schema_id` int(11) NOT NULL,
  `date_dl` date DEFAULT NULL,
  `perdida` decimal(10,2) DEFAULT NULL,
  `dml` decimal(10,2) DEFAULT NULL,
  PRIMARY KEY (`id`),
  KEY `fk_dairy_control_cattle1_idx` (`cow_id`),
  KEY `fk_dairy_control_schema1_idx` (`schema_id`),
  CONSTRAINT `fk_dairy_control_cattle1` FOREIGN KEY (`cow_id`) REFERENCES `cattle` (`id`) ON DELETE NO ACTION ON UPDATE NO ACTION,
  CONSTRAINT `fk_dairy_control_schema1` FOREIGN KEY (`schema_id`) REFERENCES `schema_controls` (`id`) ON DELETE CASCADE ON UPDATE NO ACTION
) ENGINE=InnoDB AUTO_INCREMENT=3549 DEFAULT CHARSET=latin1;
/*!40101 SET character_set_client = @saved_cs_client */;

--
-- Dumping data for table `dairy_control`
--

LOCK TABLES `dairy_control` WRITE;
/*!40000 ALTER TABLE `dairy_control` DISABLE KEYS */;
INSERT INTO `dairy_control` VALUES (3377,2,143,2070,0,13507.15,1,70,'2014-10-10',0.84,4.73),(3378,1,69,881,0,13507.15,2,70,'2014-12-23',0.38,1.82),(3379,2,88,251,0,13507.15,3,70,'2014-12-04',0.76,2.68),(3380,2,418,178,0,13507.15,4,70,'2014-01-08',1.80,5.73),(3381,2,255,541,0,13507.15,5,70,'2014-06-20',1.40,6.01),(3382,2,88,216,0,13507.15,6,70,'2014-12-04',0.76,2.57),(3383,2,184,1162,0,13507.15,7,70,'2014-08-30',1.02,5.16),(3384,2,224,415,0,13507.15,8,70,'2014-07-21',1.19,4.79),(3385,1,110,180,0,13507.15,9,70,'2014-11-12',0.34,1.09),(3386,1,256,387,0,13507.15,10,70,'2014-06-19',0.45,1.78),(3387,2,48,382,0,13507.15,11,70,'2015-01-13',0.78,3.08),(3388,2,148,136,0,13507.15,12,70,'2014-10-05',0.84,2.45),(3389,2,260,940,0,13507.15,13,70,'2014-06-15',1.52,7.37),(3390,2,129,491,0,13507.15,14,70,'2014-10-24',0.81,3.40),(3391,2,181,659,0,13507.15,15,70,'2014-09-02',1.02,4.58),(3392,2,221,325,0,13507.15,16,70,'2014-07-24',1.19,4.50),(3393,2,238,568,0,13507.15,17,70,'2014-07-07',1.29,5.60),(3394,1,114,177,0,13507.15,18,70,'2014-11-08',0.34,1.08),(3395,1,223,93,0,13507.15,19,70,'2014-07-22',0.38,0.96),(3396,2,279,2027,0,13507.15,20,70,'2014-05-27',1.66,9.32),(3397,1,222,505,0,13507.15,21,70,'2014-07-23',0.38,1.61),(3398,2,67,638,0,13507.15,22,70,'2014-12-25',0.76,3.39),(3399,1,226,724,0,13507.15,23,70,'2014-07-19',0.40,1.83),(3400,1,117,167,0,13507.15,24,70,'2014-11-05',0.34,1.06),(3401,1,88,198,0,13507.15,25,70,'2014-12-04',0.36,1.18),(3402,1,248,144,0,13507.15,26,70,'2014-06-27',0.42,1.25),(3403,1,47,366,0,13507.15,27,70,'2015-01-14',0.40,1.56),(3404,2,229,478,0,13507.15,28,70,'2014-07-16',1.29,5.38),(3405,2,112,107,0,13507.15,29,70,'2014-11-10',0.78,2.08),(3406,2,120,306,0,13507.15,30,70,'2014-11-02',0.78,2.90),(3407,1,101,165,0,13507.15,31,70,'2014-11-21',0.35,1.09),(3408,1,323,1295,0,13507.15,32,70,'2014-04-13',0.52,2.69),(3409,1,260,175,0,13507.15,33,70,'2014-06-15',0.45,1.42),(3410,2,151,807,0,13507.15,34,70,'2014-10-02',0.89,4.18),(3411,2,204,421,0,13507.15,35,70,'2014-08-10',1.10,4.45),(3412,2,501,490,0,13507.15,36,70,'2013-10-17',1.80,7.55),(3413,1,121,257,0,13507.15,37,70,'2014-11-01',0.34,1.21),(3414,2,238,170,0,13507.15,38,70,'2014-07-07',1.29,4.05),(3415,2,293,857,0,13507.15,39,70,'2014-05-13',1.80,8.56),(3416,2,165,730,0,13507.15,40,70,'2014-09-18',0.89,4.09),(3417,2,544,484,0,13507.15,41,70,'2013-09-04',1.80,7.53),(3418,1,301,1443,0,13507.15,42,70,'2014-05-05',0.52,2.74),(3419,2,557,896,0,13507.15,43,70,'2013-08-22',1.80,8.64),(3420,2,205,481,0,13507.15,44,70,'2014-08-09',1.10,4.59),(3421,2,268,252,1,13507.15,47,70,'0000-00-00',NULL,NULL),(3422,2,179,577,0,13507.15,48,70,'2014-09-04',0.95,4.14),(3423,2,221,7437,0,13507.15,49,70,'2014-07-24',1.19,8.23),(3424,2,124,632,0,13507.15,50,70,'2014-10-29',0.81,3.60),(3425,2,53,110,0,13507.15,46,70,'2015-01-08',0.78,2.11),(3426,2,76,1556,0,13507.15,51,70,'2014-12-16',0.76,4.07),(3427,2,95,33,0,13507.15,52,70,'2014-11-27',0.76,1.14),(3428,2,71,108,0,13507.15,53,70,'2014-12-21',0.76,2.04),(3429,2,141,7791,0,13507.15,54,70,'2014-10-12',0.84,5.85),(3430,1,63,742,0,13507.15,55,70,'2014-12-29',0.38,1.75),(3431,2,232,345,0,13507.15,56,70,'2014-07-13',1.29,4.96),(3432,2,133,869,0,13507.15,57,70,'2014-10-20',0.81,3.86),(3433,2,95,2823,0,13507.15,58,70,'2014-11-27',0.76,4.52),(3434,2,79,5255,0,13507.15,59,70,'2014-12-13',0.76,4.99),(3435,2,159,4051,0,13507.15,60,70,'2014-09-24',0.89,5.61),(3436,2,115,136,0,13507.15,61,70,'2014-11-07',0.78,2.27),(3437,1,88,38,0,13507.15,62,70,'2014-12-04',0.36,0.59),(3438,2,208,375,0,13507.15,63,70,'2014-08-06',1.10,4.32),(3439,2,198,687,0,13507.15,64,70,'2014-08-16',1.10,4.99),(3440,2,227,1001,0,13507.15,65,70,'2014-07-18',1.29,6.33),(3441,2,204,452,0,13507.15,66,70,'2014-08-10',1.10,4.53),(3442,1,20,25,0,13507.15,67,70,'2015-02-10',0.46,0.56),(3443,2,158,517,0,13507.15,68,70,'2014-09-25',0.89,3.78),(3444,2,97,144,0,13507.15,69,70,'2014-11-25',0.76,2.26),(3445,2,232,3427,0,13507.15,70,70,'2014-07-13',1.29,7.92),(3446,2,11,88,0,13507.15,71,70,'2015-02-19',0.88,2.18),(3447,1,37,19,0,13507.15,72,70,'2015-01-24',0.43,0.41),(3448,2,13,3886,0,13507.15,73,70,'2015-02-17',0.88,5.51),(3449,2,170,529,0,13507.15,74,70,'2014-09-13',0.95,4.06),(3450,2,118,62,0,13507.15,75,70,'2014-11-04',0.78,1.66),(3451,2,61,2920,0,13507.15,76,70,'2014-12-31',0.76,4.54),(3452,2,265,1465,0,13507.15,77,70,'2014-06-10',1.52,8.04),(3453,2,20,252,1,13507.15,78,70,'0000-00-00',NULL,NULL),(3454,2,19,252,0,13507.15,79,70,'2015-02-11',0.84,2.96),(3455,1,13,77,0,13507.15,80,70,'2015-02-17',0.49,1.15),(3456,2,190,679,0,13507.15,81,70,'2014-08-24',1.02,4.61),(3457,2,184,357,0,13507.15,82,70,'2014-08-30',1.02,3.96),(3458,2,96,463,0,13507.15,83,70,'2014-11-26',0.76,3.14),(3459,2,24,896,0,13507.15,84,70,'2015-02-06',0.84,4.03),(3460,2,240,1332,0,13507.15,85,70,'2014-07-05',1.29,6.70),(3461,2,37,220,0,13507.15,86,70,'2015-01-24',0.80,2.71),(3462,2,111,5025,0,13507.15,87,70,'2014-11-11',0.78,5.09),(3463,2,103,139,0,13507.15,88,70,'2014-11-19',0.76,2.23),(3464,1,88,375,1,13507.15,89,70,'0000-00-00',NULL,NULL),(3465,1,188,486,0,13507.15,90,70,'2014-08-26',0.35,1.47),(3466,1,76,63,0,13507.15,91,70,'2014-12-16',0.36,0.77),(3467,1,73,30,0,13507.15,92,70,'2014-12-19',0.38,0.53),(3468,2,272,1190,0,13507.15,93,70,'2014-06-03',1.66,8.44),(3469,2,206,1021,0,13507.15,94,70,'2014-08-08',1.10,5.42),(3470,2,125,912,0,13507.15,95,70,'2014-10-28',0.81,3.90),(3471,1,238,103,0,13507.15,96,70,'2014-07-07',0.40,1.05),(3472,1,314,2997,0,13507.15,97,70,'2014-04-22',0.52,3.12),(3473,2,191,160,0,13507.15,98,70,'2014-08-23',1.02,3.14),(3474,1,150,135,0,13507.15,99,70,'2014-10-03',0.33,0.96),(3475,1,193,75,0,13507.15,100,70,'2014-08-21',0.35,0.81),(3476,1,45,24,0,13507.15,101,70,'2015-01-16',0.43,0.51),(3477,2,33,2008,0,13507.15,102,70,'2015-01-28',0.80,4.48),(3478,2,55,7133,0,13507.15,103,70,'2015-01-06',0.78,5.36),(3479,2,235,530,0,13507.15,104,70,'2014-07-10',1.29,5.51),(3480,2,240,7866,0,13507.15,105,70,'2014-07-05',1.29,8.99),(3481,1,202,1601,0,13507.15,106,70,'2014-08-12',0.36,1.94),(3482,1,88,283,0,13507.15,107,70,'2014-12-04',0.36,1.31),(3483,1,169,204,0,13507.15,108,70,'2014-09-14',0.34,1.13),(3484,1,66,486,0,13507.15,109,70,'2014-12-26',0.38,1.59),(3485,2,57,1242,0,13507.15,110,70,'2015-01-04',0.78,4.00),(3486,1,78,58,0,13507.15,111,70,'2014-12-14',0.36,0.74),(3487,2,69,7296,0,13507.15,112,70,'2014-12-23',0.76,5.24),(3488,1,140,748,0,13507.15,113,70,'2014-10-13',0.33,1.52),(3489,2,114,7755,0,13507.15,114,70,'2014-11-08',0.78,5.43),(3490,2,159,375,1,13507.15,115,70,'0000-00-00',NULL,NULL),(3491,1,88,375,0,13507.15,116,70,'2014-12-04',0.36,1.41),(3492,2,91,693,0,13507.15,117,70,'2014-12-01',0.76,3.45),(3493,2,234,357,0,13507.15,118,70,'2014-07-11',1.29,5.00),(3494,1,88,731,0,13507.15,119,70,'2014-12-04',0.36,1.65),(3495,2,183,375,1,13507.15,120,70,'0000-00-00',NULL,NULL),(3496,2,120,2357,0,13507.15,121,70,'2014-11-02',0.78,4.50),(3497,2,243,298,0,13507.15,122,70,'2014-07-02',1.40,5.18),(3498,2,60,775,0,13507.15,123,70,'2015-01-01',0.78,3.63),(3499,1,75,517,0,13507.15,124,70,'2014-12-17',0.38,1.61),(3500,2,260,4888,0,13507.15,125,70,'2014-06-15',1.52,9.87),(3501,2,269,4888,1,13507.15,126,70,'0000-00-00',NULL,NULL),(3502,2,11,4940,1,13507.15,127,70,'0000-00-00',NULL,NULL),(3503,1,88,4940,0,13507.15,128,70,'2014-12-04',0.36,2.34),(3504,2,290,844,0,13507.15,129,70,'2014-05-16',1.80,8.53),(3505,2,93,1909,0,13507.15,130,70,'2014-11-29',0.76,4.22),(3506,2,100,559,0,13507.15,131,70,'2014-11-22',0.76,3.29),(3507,2,287,720,0,13507.15,132,70,'2014-05-19',1.80,8.24),(3508,2,184,707,0,13507.15,133,70,'2014-08-30',1.02,4.65),(3509,2,123,1664,0,13507.15,134,70,'2014-10-30',0.81,4.39),(3510,1,88,351,0,13507.15,135,70,'2014-12-04',0.36,1.39),(3511,2,106,343,0,13507.15,136,70,'2014-11-16',0.78,2.99),(3512,2,70,444,0,13507.15,137,70,'2014-12-22',0.76,3.11),(3513,2,109,102,0,13507.15,138,70,'2014-11-13',0.78,2.05),(3514,1,88,102,1,13507.15,139,70,'0000-00-00',NULL,NULL),(3515,2,180,1105,0,13507.15,140,70,'2014-09-03',0.95,4.76),(3516,1,88,231,0,13507.15,141,70,'2014-12-04',0.36,1.24),(3517,2,88,213,0,13507.15,142,70,'2014-12-04',0.76,2.55),(3518,2,171,317,0,13507.15,143,70,'2014-09-12',0.95,3.57),(3519,2,277,2060,0,13507.15,144,70,'2014-05-29',1.66,9.35),(3520,2,55,814,0,13507.15,145,70,'2015-01-06',0.78,3.67),(3521,2,19,1383,0,13507.15,146,70,'2015-02-11',0.84,4.39),(3522,2,189,207,0,13507.15,147,70,'2014-08-25',1.02,3.40),(3523,1,68,1348,0,13507.15,148,70,'2014-12-24',0.38,1.98),(3524,2,125,137,0,13507.15,149,70,'2014-10-28',0.81,2.37),(3525,2,196,4762,0,13507.15,150,70,'2014-08-18',1.10,7.12),(3526,1,39,97,0,13507.15,151,70,'2015-01-22',0.43,1.11),(3527,1,187,397,0,13507.15,152,70,'2014-08-27',0.35,1.39),(3528,1,63,60,0,13507.15,153,70,'2014-12-29',0.38,0.80),(3529,2,54,384,0,13507.15,154,70,'2015-01-07',0.78,3.08),(3530,2,26,581,0,13507.15,155,70,'2015-02-04',0.84,3.67),(3531,2,176,641,0,13507.15,156,70,'2014-09-07',0.95,4.24),(3532,2,187,150,0,13507.15,157,70,'2014-08-27',1.02,3.07),(3533,2,169,141,0,13507.15,158,70,'2014-09-14',0.95,2.80),(3534,2,26,3587,0,13507.15,159,70,'2015-02-04',0.84,5.20),(3535,1,100,364,0,13507.15,160,70,'2014-11-22',0.35,1.36),(3536,2,27,198,0,13507.15,161,70,'2015-02-03',0.84,2.76),(3537,1,88,1134,1,13507.15,162,70,'0000-00-00',NULL,NULL),(3538,2,31,1134,0,13507.15,163,70,'2015-01-30',0.80,4.03),(3539,1,243,717,0,13507.15,164,70,'2014-07-02',0.42,1.92),(3540,2,84,128,0,13507.15,165,70,'2014-12-08',0.76,2.17),(3541,2,117,2596,0,13507.15,166,70,'2014-11-05',0.78,4.57),(3542,1,39,167,0,13507.15,167,70,'2015-01-22',0.43,1.34),(3543,2,54,34,1,13507.15,168,70,'0000-00-00',NULL,NULL),(3544,1,58,34,0,13507.15,169,70,'2015-01-03',0.40,0.61),(3545,1,16,1655,0,13507.15,170,70,'2015-02-14',0.46,2.49),(3546,1,63,1774,0,13507.15,171,70,'2014-12-29',0.38,2.08),(3547,1,36,107,0,13507.15,172,70,'2015-01-25',0.43,1.15),(3548,1,30,728,0,13507.15,173,70,'2015-01-31',0.46,2.11);
/*!40000 ALTER TABLE `dairy_control` ENABLE KEYS */;
UNLOCK TABLES;

--
-- Table structure for table `people`
--

DROP TABLE IF EXISTS `people`;
/*!40101 SET @saved_cs_client     = @@character_set_client */;
/*!40101 SET character_set_client = utf8 */;
CREATE TABLE `people` (
  `id` int(11) NOT NULL AUTO_INCREMENT,
  `type` varchar(250) DEFAULT NULL,
  `first_name` varchar(250) DEFAULT NULL,
  `last_name` varchar(250) DEFAULT NULL,
  `email` varchar(250) DEFAULT NULL,
  `phone` varchar(250) DEFAULT NULL,
  `created_by` int(11) DEFAULT NULL,
  PRIMARY KEY (`id`)
) ENGINE=InnoDB AUTO_INCREMENT=11 DEFAULT CHARSET=latin1;
/*!40101 SET character_set_client = @saved_cs_client */;

--
-- Dumping data for table `people`
--

LOCK TABLES `people` WRITE;
/*!40000 ALTER TABLE `people` DISABLE KEYS */;
INSERT INTO `people` VALUES (2,'veterinary','Sergio','Gomez','sgomez@gmail.com','0358-4646553',4),(3,'veterinary','Marcos','Lucero','','',4),(4,'owner','Marco','Florit','','',NULL),(5,'owner','Nicolás','Cellucci','','',NULL),(6,'owner','Ezequiel','Ortiz','','',NULL),(7,'owner','Mariano','Luchini','','',NULL),(8,'owner','Emilio','Molinuevo','','',NULL),(9,'veterinary','Juan Carlos','Zapata','','',4),(10,'veterinary','pedro','ortiz','','',4);
/*!40000 ALTER TABLE `people` ENABLE KEYS */;
UNLOCK TABLES;

--
-- Table structure for table `schema_controls`
--

DROP TABLE IF EXISTS `schema_controls`;
/*!40101 SET @saved_cs_client     = @@character_set_client */;
/*!40101 SET character_set_client = utf8 */;
CREATE TABLE `schema_controls` (
  `id` int(11) NOT NULL AUTO_INCREMENT,
  `maquina_control_precio` decimal(10,2) DEFAULT '0.00',
  `maquina_control_dias` int(11) DEFAULT '0',
  `liters_milk` int(11) DEFAULT NULL,
  `dairy_id` int(11) NOT NULL,
  `date` date NOT NULL,
  `milk_price` decimal(10,2) DEFAULT '0.00',
  `desinf_pre_o_producto` varchar(245) DEFAULT NULL,
  `desinf_pre_o_precio` decimal(10,2) DEFAULT NULL,
  `desinf_pre_o_dias` int(11) DEFAULT NULL,
  `desinf_post_o_producto` varchar(245) DEFAULT NULL,
  `desinf_post_o_precio` decimal(10,2) DEFAULT NULL,
  `desinf_post_o_dias` int(11) DEFAULT NULL,
  `tmc_ab_pomo_cantidad` int(11) DEFAULT NULL,
  `tmc_ab_pomo_precio` decimal(10,2) DEFAULT NULL,
  `tmc_ab_inyect_cantidad` int(11) DEFAULT NULL,
  `tmc_ab_inyect_precio` decimal(10,2) DEFAULT NULL,
  `tmc_ai_inyect_cantidad` int(11) DEFAULT NULL,
  `tmc_ai_inyect_precio` varchar(100) DEFAULT NULL,
  `ts_pomo_precio` decimal(10,2) DEFAULT NULL,
  PRIMARY KEY (`id`),
  KEY `fk_schema_dairies1_idx` (`dairy_id`),
  CONSTRAINT `fk_schema_dairies1` FOREIGN KEY (`dairy_id`) REFERENCES `dairies` (`id`) ON DELETE NO ACTION ON UPDATE NO ACTION
) ENGINE=InnoDB AUTO_INCREMENT=71 DEFAULT CHARSET=latin1;
/*!40101 SET character_set_client = @saved_cs_client */;

--
-- Dumping data for table `schema_controls`
--

LOCK TABLES `schema_controls` WRITE;
/*!40000 ALTER TABLE `schema_controls` DISABLE KEYS */;
INSERT INTO `schema_controls` VALUES (55,11.00,12,5110,4,'2015-03-19',0.00,NULL,NULL,NULL,NULL,NULL,NULL,NULL,NULL,NULL,NULL,NULL,NULL,NULL),(70,0.00,0,2323230,3,'2015-03-02',12.00,'',0.00,0,'',0.00,0,0,0.00,0,0.00,0,'',0.00);
/*!40000 ALTER TABLE `schema_controls` ENABLE KEYS */;
UNLOCK TABLES;

--
-- Table structure for table `users`
--

DROP TABLE IF EXISTS `users`;
/*!40101 SET @saved_cs_client     = @@character_set_client */;
/*!40101 SET character_set_client = utf8 */;
CREATE TABLE `users` (
  `id` int(11) NOT NULL AUTO_INCREMENT,
  `username` varchar(255) NOT NULL,
  `email` varchar(255) DEFAULT NULL,
  `password` varchar(255) NOT NULL,
  `disable` tinyint(1) DEFAULT '0',
  `role` int(11) DEFAULT '1',
  `person_id` int(11) DEFAULT NULL,
  PRIMARY KEY (`id`),
  UNIQUE KEY `username_UNIQUE` (`username`),
  KEY `fk_users_1_idx` (`person_id`),
  CONSTRAINT `fk_users_1` FOREIGN KEY (`person_id`) REFERENCES `people` (`id`) ON DELETE NO ACTION ON UPDATE NO ACTION
) ENGINE=InnoDB AUTO_INCREMENT=11 DEFAULT CHARSET=latin1;
/*!40101 SET character_set_client = @saved_cs_client */;

--
-- Dumping data for table `users`
--

LOCK TABLES `users` WRITE;
/*!40000 ALTER TABLE `users` DISABLE KEYS */;
INSERT INTO `users` VALUES (5,'mmarozzi',NULL,'2bTHm3i5rgfYo',0,1,NULL),(8,'mflorit','mflorit@gmail.com','2bTHm3i5rgfYo',0,2,4),(9,'ncellucci','nicocelluccio@gmail.com','2b9z3QeiieEa2',0,2,5),(10,'mluchini','','2bukSaQ0AiVB6',0,2,7);
/*!40000 ALTER TABLE `users` ENABLE KEYS */;
UNLOCK TABLES;
/*!40103 SET TIME_ZONE=@OLD_TIME_ZONE */;

/*!40101 SET SQL_MODE=@OLD_SQL_MODE */;
/*!40014 SET FOREIGN_KEY_CHECKS=@OLD_FOREIGN_KEY_CHECKS */;
/*!40014 SET UNIQUE_CHECKS=@OLD_UNIQUE_CHECKS */;
/*!40101 SET CHARACTER_SET_CLIENT=@OLD_CHARACTER_SET_CLIENT */;
/*!40101 SET CHARACTER_SET_RESULTS=@OLD_CHARACTER_SET_RESULTS */;
/*!40101 SET COLLATION_CONNECTION=@OLD_COLLATION_CONNECTION */;
/*!40111 SET SQL_NOTES=@OLD_SQL_NOTES */;

-- Dump completed on 2015-03-30  6:51:14
