-- MySQL dump 10.13  Distrib 5.5.43, for debian-linux-gnu (x86_64)
--
-- Host: localhost    Database: clecherodb
-- ------------------------------------------------------
-- Server version	5.5.43-0ubuntu0.14.04.1

/*!40101 SET @OLD_CHARACTER_SET_CLIENT=@@CHARACTER_SET_CLIENT */;
/*!40101 SET @OLD_CHARACTER_SET_RESULTS=@@CHARACTER_SET_RESULTS */;
/*!40101 SET @OLD_COLLATION_CONNECTION=@@COLLATION_CONNECTION */;
/*!40101 SET NAMES utf8 */;
/*!40103 SET @OLD_TIME_ZONE=@@TIME_ZONE */;
/*!40103 SET TIME_ZONE='+00:00' */;
/*!40014 SET @OLD_UNIQUE_CHECKS=@@UNIQUE_CHECKS, UNIQUE_CHECKS=0 */;
/*!40014 SET @OLD_FOREIGN_KEY_CHECKS=@@FOREIGN_KEY_CHECKS, FOREIGN_KEY_CHECKS=0 */;
/*!40101 SET @OLD_SQL_MODE=@@SQL_MODE, SQL_MODE='NO_AUTO_VALUE_ON_ZERO' */;
/*!40111 SET @OLD_SQL_NOTES=@@SQL_NOTES, SQL_NOTES=0 */;

--
-- Current Database: `clecherodb`
--

CREATE DATABASE /*!32312 IF NOT EXISTS*/ `clecherodb` /*!40100 DEFAULT CHARACTER SET latin1 */;

USE `clecherodb`;

--
-- Table structure for table `analisis_schema`
--

DROP TABLE IF EXISTS `analisis_schema`;
/*!40101 SET @saved_cs_client     = @@character_set_client */;
/*!40101 SET character_set_client = utf8 */;
CREATE TABLE `analisis_schema` (
  `id` int(11) NOT NULL AUTO_INCREMENT,
  `schema_id` int(11) NOT NULL,
  `perdida_msc` decimal(8,2) NOT NULL,
  `perdida_mc` decimal(8,2) NOT NULL,
  `perdida_lts` decimal(8,2) NOT NULL,
  `perdida_costo` decimal(8,2) NOT NULL,
  `costo_desinf_pre_o` decimal(8,2) NOT NULL,
  `costo_desinf_pos_o` decimal(8,2) NOT NULL,
  `costo_tratamiento_mc` decimal(8,2) NOT NULL,
  `costo_tratamiento_secado` decimal(8,2) NOT NULL,
  `costo_mantenimiento_maquina` decimal(8,2) NOT NULL,
  `costo_total` decimal(8,2) NOT NULL,
  PRIMARY KEY (`id`),
  UNIQUE KEY `schema_id_UNIQUE` (`schema_id`)
) ENGINE=InnoDB AUTO_INCREMENT=118 DEFAULT CHARSET=latin1;
/*!40101 SET character_set_client = @saved_cs_client */;

--
-- Dumping data for table `analisis_schema`
--

LOCK TABLES `analisis_schema` WRITE;
/*!40000 ALTER TABLE `analisis_schema` DISABLE KEYS */;
INSERT INTO `analisis_schema` VALUES (95,78,1993.49,349.54,2343.03,7732.00,0.00,115.27,0.00,0.00,10.00,125.27),(103,72,1580.58,339.70,1920.28,2880.42,0.20,25.33,322.50,52.21,7.50,407.74),(109,70,12.51,99889.00,99901.51,999999.99,0.20,25.33,924.50,5.79,7.50,963.32),(112,77,1580.58,339.70,1920.28,6336.92,2.40,115.27,3975.00,1084.93,10.00,5187.61),(114,83,1580.58,339.70,1920.28,103695.12,123.81,0.10,77760.00,3248.22,0.10,81132.22),(115,79,1645.74,339.70,1985.44,6551.95,0.00,115.27,6000.00,37.26,10.00,6162.53),(116,71,1580.58,339.70,1920.28,23043.36,0.20,25.33,322.50,1.58,7.50,357.11),(117,85,1993.49,349.54,2343.03,126523.62,123.81,0.10,72576.00,3248.22,0.10,75948.22);
/*!40000 ALTER TABLE `analisis_schema` ENABLE KEYS */;
UNLOCK TABLES;

--
-- Table structure for table `cattle`
--

DROP TABLE IF EXISTS `cattle`;
/*!40101 SET @saved_cs_client     = @@character_set_client */;
/*!40101 SET character_set_client = utf8 */;
CREATE TABLE `cattle` (
  `id` int(11) NOT NULL AUTO_INCREMENT,
  `caravana` varchar(250) DEFAULT NULL,
  `dairy_id` int(11) NOT NULL,
  PRIMARY KEY (`id`),
  KEY `fk_cattle_dairies_idx` (`dairy_id`),
  CONSTRAINT `fk_cattle_dairies` FOREIGN KEY (`dairy_id`) REFERENCES `dairies` (`id`) ON DELETE NO ACTION ON UPDATE NO ACTION
) ENGINE=InnoDB AUTO_INCREMENT=3264 DEFAULT CHARSET=utf8;
/*!40101 SET character_set_client = @saved_cs_client */;

--
-- Dumping data for table `cattle`
--

LOCK TABLES `cattle` WRITE;
/*!40000 ALTER TABLE `cattle` DISABLE KEYS */;
INSERT INTO `cattle` VALUES (1,'1',3),(2,'2',3),(3,'3',3),(4,'4',3),(5,'5',3),(6,'6',3),(7,'7',3),(8,'8',3),(9,'9',3),(10,'10',3),(11,'11',3),(12,'12',3),(13,'13',3),(14,'14',3),(15,'15',3),(16,'16',3),(17,'17',3),(18,'18',3),(19,'19',3),(20,'20',3),(21,'21',3),(22,'22',3),(23,'23',3),(24,'24',3),(25,'25',3),(26,'26',3),(27,'28',3),(28,'29',3),(29,'30',3),(30,'31',3),(31,'32',3),(32,'33',3),(33,'34',3),(34,'35',3),(35,'36',3),(36,'37',3),(37,'38',3),(38,'39',3),(39,'40',3),(40,'41',3),(41,'42',3),(42,'43',3),(43,'44',3),(44,'45',3),(45,'27',3),(46,'50',3),(47,'46',3),(48,'47',3),(49,'48',3),(50,'49',3),(51,'51',3),(52,'52',3),(53,'53',3),(54,'54',3),(55,'55',3),(56,'56',3),(57,'57',3),(58,'58',3),(59,'59',3),(60,'60',3),(61,'61',3),(62,'62',3),(63,'63',3),(64,'64',3),(65,'65',3),(66,'66',3),(67,'67',3),(68,'68',3),(69,'69',3),(70,'70',3),(71,'71',3),(72,'72',3),(73,'73',3),(74,'74',3),(75,'75',3),(76,'76',3),(77,'77',3),(78,'78',3),(79,'79',3),(80,'80',3),(81,'81',3),(82,'82',3),(83,'83',3),(84,'84',3),(85,'85',3),(86,'86',3),(87,'87',3),(88,'88',3),(89,'89',3),(90,'90',3),(91,'91',3),(92,'92',3),(93,'93',3),(94,'94',3),(95,'95',3),(96,'96',3),(97,'97',3),(98,'98',3),(99,'99',3),(100,'100',3),(101,'101',3),(102,'102',3),(103,'103',3),(104,'104',3),(105,'105',3),(106,'106',3),(107,'107',3),(108,'108',3),(109,'109',3),(110,'110',3),(111,'111',3),(112,'112',3),(113,'113',3),(114,'114',3),(115,'115',3),(116,'116',3),(117,'117',3),(118,'118',3),(119,'119',3),(120,'120',3),(121,'121',3),(122,'122',3),(123,'123',3),(124,'124',3),(125,'125',3),(126,'126',3),(127,'127',3),(128,'128',3),(129,'129',3),(130,'130',3),(131,'131',3),(132,'132',3),(133,'133',3),(134,'134',3),(135,'135',3),(136,'136',3),(137,'137',3),(138,'138',3),(139,'139',3),(140,'140',3),(141,'141',3),(142,'142',3),(143,'143',3),(144,'144',3),(145,'145',3),(146,'146',3),(147,'147',3),(148,'148',3),(149,'149',3),(150,'150',3),(151,'151',3),(152,'152',3),(153,'153',3),(154,'154',3),(155,'155',3),(156,'156',3),(157,'157',3),(158,'158',3),(159,'159',3),(160,'160',3),(161,'161',3),(162,'162',3),(163,'163',3),(164,'164',3),(165,'165',3),(166,'166',3),(167,'167',3),(168,'168',3),(169,'169',3),(170,'170',3),(171,'171',3),(172,'172',3),(173,'173',3),(175,'1',4),(176,'2',4),(177,'3',4),(178,'4',4),(179,'5',4),(180,'6',4),(181,'7',4),(182,'8',4),(183,'9',4),(184,'10',4),(185,'11',4),(186,'12',4),(187,'13',4),(188,'14',4),(189,'15',4),(190,'16',4),(191,'17',4),(192,'18',4),(193,'19',4),(194,'20',4),(195,'21',4),(196,'22',4),(197,'23',4),(198,'24',4),(199,'25',4),(200,'26',4),(201,'28',4),(202,'29',4),(203,'30',4),(204,'31',4),(205,'32',4),(206,'33',4),(207,'34',4),(208,'35',4),(209,'36',4),(210,'37',4),(211,'38',4),(212,'39',4),(213,'40',4),(214,'41',4),(215,'42',4),(216,'43',4),(217,'44',4),(218,'45',4),(219,'46',4),(220,'47',4),(221,'48',4),(222,'49',4),(223,'50',4),(224,'51',4),(225,'52',4),(226,'53',4),(227,'54',4),(228,'55',4),(229,'56',4),(230,'57',4),(231,'58',4),(232,'59',4),(233,'60',4),(234,'61',4),(235,'62',4),(236,'63',4),(237,'64',4),(238,'65',4),(239,'66',4),(240,'67',4),(241,'68',4),(242,'69',4),(243,'70',4),(244,'71',4),(245,'72',4),(246,'73',4),(247,'74',4),(248,'75',4),(249,'76',4),(250,'77',4),(251,'78',4),(252,'79',4),(253,'80',4),(254,'81',4),(255,'82',4),(256,'83',4),(257,'84',4),(258,'85',4),(259,'86',4),(260,'87',4),(261,'88',4),(262,'89',4),(263,'90',4),(264,'91',4),(265,'92',4),(266,'93',4),(267,'94',4),(268,'95',4),(269,'96',4),(270,'97',4),(271,'98',4),(272,'99',4),(273,'100',4),(274,'101',4),(275,'102',4),(276,'103',4),(277,'104',4),(278,'105',4),(279,'106',4),(280,'107',4),(281,'108',4),(282,'109',4),(283,'110',4),(284,'111',4),(285,'112',4),(286,'113',4),(287,'114',4),(288,'115',4),(289,'116',4),(290,'117',4),(291,'118',4),(292,'119',4),(293,'120',4),(294,'121',4),(295,'122',4),(296,'123',4),(297,'124',4),(298,'125',4),(299,'126',4),(300,'127',4),(301,'128',4),(302,'129',4),(303,'130',4),(304,'131',4),(305,'132',4),(306,'133',4),(307,'134',4),(308,'135',4),(309,'136',4),(310,'137',4),(311,'138',4),(312,'139',4),(313,'140',4),(314,'141',4),(315,'142',4),(316,'143',4),(317,'144',4),(318,'145',4),(319,'146',4),(320,'147',4),(321,'148',4),(322,'149',4),(323,'150',4),(324,'151',4),(325,'152',4),(326,'153',4),(327,'154',4),(328,'155',4),(329,'156',4),(330,'157',4),(331,'158',4),(332,'159',4),(333,'160',4),(334,'161',4),(335,'162',4),(336,'163',4),(337,'164',4),(338,'165',4),(339,'166',4),(340,'167',4),(341,'168',4),(342,'169',4),(343,'170',4),(344,'171',4),(345,'172',4),(346,'173',4),(347,'1',10),(348,'2',10),(349,'3',10),(350,'4',10),(351,'5',10),(352,'6',10),(353,'7',10),(354,'8',10),(355,'9',10),(356,'10',10),(357,'11',10),(358,'12',10),(359,'13',10),(360,'14',10),(361,'15',10),(362,'16',10),(363,'17',10),(364,'18',10),(365,'19',10),(366,'20',10),(367,'21',10),(368,'22',10),(369,'23',10),(370,'24',10),(371,'25',10),(372,'26',10),(373,'28',10),(374,'29',10),(375,'30',10),(376,'31',10),(377,'32',10),(378,'33',10),(379,'34',10),(380,'35',10),(381,'36',10),(382,'37',10),(383,'38',10),(384,'39',10),(385,'40',10),(386,'41',10),(387,'42',10),(388,'43',10),(389,'44',10),(390,'45',10),(391,'1',8),(392,'2',8),(393,'3',8),(394,'4',8),(395,'5',8),(396,'6',8),(397,'7',8),(398,'8',8),(399,'9',8),(400,'10',8),(401,'11',8),(402,'12',8),(403,'13',8),(404,'14',8),(405,'15',8),(406,'16',8),(407,'17',8),(408,'18',8),(409,'19',8),(410,'20',8),(411,'21',8),(412,'22',8),(413,'23',8),(414,'24',8),(415,'25',8),(416,'26',8),(417,'28',8),(418,'29',8),(419,'30',8),(420,'31',8),(421,'32',8),(422,'33',8),(423,'34',8),(424,'35',8),(425,'36',8),(426,'37',8),(427,'38',8),(428,'39',8),(429,'40',8),(430,'41',8),(431,'42',8),(432,'43',8),(433,'44',8),(434,'45',8),(1227,'917',9),(1228,'994',9),(1229,'1119',9),(1230,'1151',9),(1231,'1155',9),(1232,'1163',9),(1233,'1371',9),(1234,'1377',9),(1235,'2023',9),(1236,'2030',9),(1237,'2033',9),(1238,'2040',9),(1239,'2063',9),(1240,'2066',9),(1241,'2069',9),(1242,'2092',9),(1243,'2094',9),(1244,'2114',9),(1245,'2127',9),(1246,'2134',9),(1247,'2135',9),(1248,'2159',9),(1249,'2160',9),(1250,'2166',9),(1251,'2193',9),(1252,'2195',9),(1253,'2200',9),(1254,'2221',9),(1255,'2224',9),(1256,'2227',9),(1257,'2235',9),(1258,'2243',9),(1259,'2255',9),(1260,'2258',9),(1261,'2277',9),(1262,'2303',9),(1263,'2341',9),(1264,'2347',9),(1265,'2357',9),(1266,'2358',9),(1267,'2361',9),(1268,'2372',9),(1269,'2381',9),(1270,'2385',9),(1271,'2388',9),(1272,'2412',9),(1273,'2413',9),(1274,'2425',9),(1275,'2429',9),(1276,'2431',9),(1277,'2439',9),(1278,'2440',9),(1279,'2441',9),(1280,'2444',9),(1281,'2447',9),(1282,'2454',9),(1283,'2460',9),(1284,'2462',9),(1285,'2478',9),(1286,'2491',9),(1287,'2492',9),(1288,'2509',9),(1289,'2510',9),(1290,'2511',9),(1291,'2515',9),(1292,'2516',9),(1293,'2539',9),(1294,'2541',9),(1295,'2547',9),(1296,'2559',9),(1297,'2571',9),(1298,'2576',9),(1299,'2594',9),(1300,'2604',9),(1301,'2605',9),(1302,'2607',9),(1303,'2611',9),(1304,'2614',9),(1305,'2618',9),(1306,'2620',9),(1307,'2629',9),(1308,'2642',9),(1309,'2650',9),(1310,'2652',9),(1311,'2658',9),(1312,'2668',9),(1313,'2674',9),(1314,'2676',9),(1315,'2679',9),(1316,'2681',9),(1317,'2684',9),(1318,'2687',9),(1319,'2691',9),(1320,'2693',9),(1321,'2694',9),(1322,'2696',9),(1323,'2699',9),(1324,'2700',9),(1325,'2701',9),(1326,'2708',9),(1327,'2709',9),(1328,'2715',9),(1329,'2716',9),(1330,'2725',9),(1331,'2730',9),(1332,'2743',9),(1333,'2744',9),(1334,'2748',9),(1335,'2751',9),(1336,'2755',9),(1337,'2758',9),(1338,'2762',9),(1339,'2766',9),(1340,'2771',9),(1341,'2773',9),(1342,'2774',9),(1343,'2780',9),(1344,'2782',9),(1345,'2784',9),(1346,'2786',9),(1347,'2791',9),(1348,'2800',9),(1349,'2802',9),(1350,'2803',9),(1351,'2805',9),(1352,'2809',9),(1353,'2815',9),(1354,'2823',9),(1355,'2827',9),(1356,'2831',9),(1357,'2833',9),(1358,'2835',9),(1359,'2836',9),(1360,'2845',9),(1361,'2847',9),(1362,'2850',9),(1363,'2855',9),(1364,'2857',9),(1365,'2865',9),(1366,'2866',9),(1367,'2875',9),(1368,'2877',9),(1369,'2882',9),(1370,'2892',9),(1371,'2893',9),(1372,'2900',9),(1373,'2901',9),(1374,'2902',9),(1375,'2910',9),(1376,'2916',9),(1377,'2921',9),(1378,'2922',9),(1379,'2933',9),(1380,'2942',9),(1381,'2946',9),(1382,'2948',9),(1383,'2953',9),(1384,'2955',9),(1385,'2956',9),(1386,'2957',9),(1387,'2964',9),(1388,'2965',9),(1389,'2967',9),(1390,'2968',9),(1391,'2971',9),(1392,'2974',9),(1393,'2976',9),(1394,'2978',9),(1395,'2980',9),(1396,'2981',9),(1397,'2987',9),(1398,'2991',9),(1399,'2993',9),(1400,'2998',9),(1401,'3001',9),(1402,'3003',9),(1403,'3005',9),(1404,'3009',9),(1405,'3010',9),(1406,'3011',9),(1407,'3018',9),(1408,'3020',9),(1409,'3025',9),(1410,'3027',9),(1411,'3032',9),(1412,'3034',9),(1413,'3038',9),(1414,'3040',9),(1415,'3041',9),(1416,'3042',9),(1417,'3043',9),(1418,'3047',9),(1419,'3049',9),(1420,'3050',9),(1421,'3052',9),(1422,'3055',9),(1423,'3057',9),(1424,'3061',9),(1425,'3062',9),(1426,'3063',9),(1427,'3066',9),(1428,'3068',9),(1429,'3069',9),(1430,'3071',9),(1431,'3077',9),(1432,'3079',9),(1433,'3081',9),(1434,'3083',9),(1435,'3092',9),(1436,'3093',9),(1437,'3095',9),(1438,'3101',9),(1439,'3121',9),(1440,'3125',9),(1441,'3126',9),(1442,'3136',9),(1443,'3140',9),(1444,'3148',9),(1445,'3149',9),(1446,'3150',9),(1447,'3152',9),(1448,'3157',9),(1449,'3158',9),(1450,'3161',9),(1451,'3166',9),(1452,'3167',9),(1453,'3171',9),(1454,'3172',9),(1455,'3174',9),(1456,'3177',9),(1457,'3181',9),(1458,'3183',9),(1459,'3184',9),(1460,'3185',9),(1461,'3188',9),(1462,'3195',9),(1463,'3196',9),(1464,'3199',9),(1465,'3201',9),(1466,'3208',9),(1467,'3212',9),(1468,'3221',9),(1469,'3230',9),(1470,'3232',9),(1471,'3234',9),(1472,'3237',9),(1473,'3242',9),(1474,'3245',9),(1475,'3247',9),(1476,'3249',9),(1477,'3250',9),(1478,'3253',9),(1479,'3257',9),(1480,'3258',9),(1481,'3259',9),(1482,'3269',9),(1483,'3270',9),(1484,'3272',9),(1485,'3276',9),(1486,'3280',9),(1487,'3284',9),(1488,'3285',9),(1489,'3297',9),(1490,'3299',9),(1491,'3301',9),(1492,'3307',9),(1493,'3311',9),(1494,'3313',9),(1495,'3314',9),(1496,'3321',9),(1497,'3322',9),(1498,'3325',9),(1499,'3329',9),(1500,'3333',9),(1501,'3337',9),(1502,'3338',9),(1503,'3339',9),(1504,'3340',9),(1505,'3341',9),(1506,'3343',9),(1507,'3344',9),(1508,'3347',9),(1509,'3348',9),(1510,'3350',9),(1511,'3351',9),(1512,'3358',9),(1513,'3360',9),(1514,'3361',9),(1515,'3364',9),(1516,'3365',9),(1517,'3366',9),(1518,'3367',9),(1519,'3368',9),(1520,'3369',9),(1521,'3372',9),(1522,'3373',9),(1523,'3374',9),(1524,'3375',9),(1525,'3377',9),(1526,'3379',9),(1527,'3380',9),(1528,'3381',9),(1529,'3382',9),(1530,'3383',9),(1531,'3384',9),(1532,'3385',9),(1533,'3386',9),(1534,'3387',9),(1535,'3388',9),(1536,'3392',9),(1537,'3393',9),(1538,'3397',9),(1539,'3398',9),(1540,'3400',9),(1541,'3401',9),(1542,'3403',9),(1543,'3408',9),(1544,'3413',9),(1545,'3417',9),(1546,'3419',9),(1547,'3420',9),(1548,'3421',9),(1549,'3425',9),(1550,'3427',9),(1551,'3428',9),(1552,'3430',9),(1553,'3435',9),(1554,'3438',9),(1555,'3443',9),(1556,'3444',9),(1557,'3445',9),(1558,'3448',9),(1559,'3449',9),(1560,'3450',9),(1561,'3452',9),(1562,'3455',9),(1563,'3458',9),(1564,'3460',9),(1565,'3461',9),(1566,'3463',9),(1567,'3466',9),(1568,'3467',9),(1569,'3468',9),(1570,'3472',9),(1571,'3474',9),(1572,'3476',9),(1573,'3477',9),(1574,'3479',9),(1575,'3483',9),(1576,'3484',9),(1577,'3490',9),(1578,'3493',9),(1579,'3494',9),(1580,'3495',9),(1581,'3497',9),(1582,'3498',9),(1583,'3500',9),(1584,'3501',9),(1585,'3502',9),(1586,'3505',9),(1587,'3508',9),(1588,'3510',9),(1589,'3511',9),(1590,'3512',9),(1591,'3514',9),(1592,'3516',9),(1593,'3517',9),(1594,'3519',9),(1595,'3520',9),(1596,'3521',9),(1597,'3522',9),(1598,'3525',9),(1599,'3527',9),(1600,'3528',9),(1601,'3529',9),(1602,'3530',9),(1603,'3537',9),(1604,'3538',9),(1605,'3539',9),(1606,'3542',9),(1607,'3544',9),(1608,'3545',9),(1609,'3548',9),(1610,'3549',9),(1611,'3550',9),(1612,'3551',9),(1613,'3554',9),(1614,'3555',9),(1615,'3556',9),(1616,'3559',9),(1617,'3589',9),(1618,'3649',9),(1619,'A2439',9),(1620,'a2441',9),(1621,'A2446',9),(1622,'A2450',9),(1623,'1385',9),(1624,'2589',9),(1625,'2598',9),(1626,'2644',9),(1627,'2697',9),(1628,'2745',9),(1629,'2843',9),(1630,'2844',9),(1631,'2867',9),(1632,'3036',9),(1633,'3048',9),(1634,'3096',9),(1635,'3118',9),(1636,'3176',9),(1637,'3235',9),(1638,'3264',9),(1639,'3277',9),(1640,'3315',9),(1641,'3352',9),(1642,'3434',9),(1643,'3524',9),(1644,'3526',9),(1645,'2006',9),(1646,'2890',9),(1647,'3160',9),(1648,'1',9),(1649,'2',9),(1650,'3',9),(1651,'4',9),(1652,'5',9),(1653,'6',9),(1654,'7',9),(1655,'8',9),(1656,'9',9),(1657,'10',9),(2450,'917',3),(2451,'994',3),(2452,'1119',3),(2453,'1151',3),(2454,'1155',3),(2455,'1163',3),(2456,'1371',3),(2457,'1377',3),(2458,'2023',3),(2459,'2030',3),(2460,'2033',3),(2461,'2040',3),(2462,'2063',3),(2463,'2066',3),(2464,'2069',3),(2465,'2092',3),(2466,'2094',3),(2467,'2114',3),(2468,'2127',3),(2469,'2134',3),(2470,'2135',3),(2471,'2159',3),(2472,'2160',3),(2473,'2166',3),(2474,'2193',3),(2475,'2195',3),(2476,'2200',3),(2477,'2221',3),(2478,'2224',3),(2479,'2227',3),(2480,'2235',3),(2481,'2243',3),(2482,'2255',3),(2483,'2258',3),(2484,'2277',3),(2485,'2303',3),(2486,'2341',3),(2487,'2347',3),(2488,'2357',3),(2489,'2358',3),(2490,'2361',3),(2491,'2372',3),(2492,'2381',3),(2493,'2385',3),(2494,'2388',3),(2495,'2412',3),(2496,'2413',3),(2497,'2425',3),(2498,'2429',3),(2499,'2431',3),(2500,'2439',3),(2501,'2440',3),(2502,'2441',3),(2503,'2444',3),(2504,'2447',3),(2505,'2454',3),(2506,'2460',3),(2507,'2462',3),(2508,'2478',3),(2509,'2491',3),(2510,'2492',3),(2511,'2509',3),(2512,'2510',3),(2513,'2511',3),(2514,'2515',3),(2515,'2516',3),(2516,'2539',3),(2517,'2541',3),(2518,'2547',3),(2519,'2559',3),(2520,'2571',3),(2521,'2576',3),(2522,'2594',3),(2523,'2604',3),(2524,'2605',3),(2525,'2607',3),(2526,'2611',3),(2527,'2614',3),(2528,'2618',3),(2529,'2620',3),(2530,'2629',3),(2531,'2642',3),(2532,'2650',3),(2533,'2652',3),(2534,'2658',3),(2535,'2668',3),(2536,'2674',3),(2537,'2676',3),(2538,'2679',3),(2539,'2681',3),(2540,'2684',3),(2541,'2687',3),(2542,'2691',3),(2543,'2693',3),(2544,'2694',3),(2545,'2696',3),(2546,'2699',3),(2547,'2700',3),(2548,'2701',3),(2549,'2708',3),(2550,'2709',3),(2551,'2715',3),(2552,'2716',3),(2553,'2725',3),(2554,'2730',3),(2555,'2743',3),(2556,'2744',3),(2557,'2748',3),(2558,'2751',3),(2559,'2755',3),(2560,'2758',3),(2561,'2762',3),(2562,'2766',3),(2563,'2771',3),(2564,'2773',3),(2565,'2774',3),(2566,'2780',3),(2567,'2782',3),(2568,'2784',3),(2569,'2786',3),(2570,'2791',3),(2571,'2800',3),(2572,'2802',3),(2573,'2803',3),(2574,'2805',3),(2575,'2809',3),(2576,'2815',3),(2577,'2823',3),(2578,'2827',3),(2579,'2831',3),(2580,'2833',3),(2581,'2835',3),(2582,'2836',3),(2583,'2845',3),(2584,'2847',3),(2585,'2850',3),(2586,'2855',3),(2587,'2857',3),(2588,'2865',3),(2589,'2866',3),(2590,'2875',3),(2591,'2877',3),(2592,'2882',3),(2593,'2892',3),(2594,'2893',3),(2595,'2900',3),(2596,'2901',3),(2597,'2902',3),(2598,'2910',3),(2599,'2916',3),(2600,'2921',3),(2601,'2922',3),(2602,'2933',3),(2603,'2942',3),(2604,'2946',3),(2605,'2948',3),(2606,'2953',3),(2607,'2955',3),(2608,'2956',3),(2609,'2957',3),(2610,'2964',3),(2611,'2965',3),(2612,'2967',3),(2613,'2968',3),(2614,'2971',3),(2615,'2974',3),(2616,'2976',3),(2617,'2978',3),(2618,'2980',3),(2619,'2981',3),(2620,'2987',3),(2621,'2991',3),(2622,'2993',3),(2623,'2998',3),(2624,'3001',3),(2625,'3003',3),(2626,'3005',3),(2627,'3009',3),(2628,'3010',3),(2629,'3011',3),(2630,'3018',3),(2631,'3020',3),(2632,'3025',3),(2633,'3027',3),(2634,'3032',3),(2635,'3034',3),(2636,'3038',3),(2637,'3040',3),(2638,'3041',3),(2639,'3042',3),(2640,'3043',3),(2641,'3047',3),(2642,'3049',3),(2643,'3050',3),(2644,'3052',3),(2645,'3055',3),(2646,'3057',3),(2647,'3061',3),(2648,'3062',3),(2649,'3063',3),(2650,'3066',3),(2651,'3068',3),(2652,'3069',3),(2653,'3071',3),(2654,'3077',3),(2655,'3079',3),(2656,'3081',3),(2657,'3083',3),(2658,'3092',3),(2659,'3093',3),(2660,'3095',3),(2661,'3101',3),(2662,'3121',3),(2663,'3125',3),(2664,'3126',3),(2665,'3136',3),(2666,'3140',3),(2667,'3148',3),(2668,'3149',3),(2669,'3150',3),(2670,'3152',3),(2671,'3157',3),(2672,'3158',3),(2673,'3161',3),(2674,'3166',3),(2675,'3167',3),(2676,'3171',3),(2677,'3172',3),(2678,'3174',3),(2679,'3177',3),(2680,'3181',3),(2681,'3183',3),(2682,'3184',3),(2683,'3185',3),(2684,'3188',3),(2685,'3195',3),(2686,'3196',3),(2687,'3199',3),(2688,'3201',3),(2689,'3208',3),(2690,'3212',3),(2691,'3221',3),(2692,'3230',3),(2693,'3232',3),(2694,'3234',3),(2695,'3237',3),(2696,'3242',3),(2697,'3245',3),(2698,'3247',3),(2699,'3249',3),(2700,'3250',3),(2701,'3253',3),(2702,'3257',3),(2703,'3258',3),(2704,'3259',3),(2705,'3269',3),(2706,'3270',3),(2707,'3272',3),(2708,'3276',3),(2709,'3280',3),(2710,'3284',3),(2711,'3285',3),(2712,'3297',3),(2713,'3299',3),(2714,'3301',3),(2715,'3307',3),(2716,'3311',3),(2717,'3313',3),(2718,'3314',3),(2719,'3321',3),(2720,'3322',3),(2721,'3325',3),(2722,'3329',3),(2723,'3333',3),(2724,'3337',3),(2725,'3338',3),(2726,'3339',3),(2727,'3340',3),(2728,'3341',3),(2729,'3343',3),(2730,'3344',3),(2731,'3347',3),(2732,'3348',3),(2733,'3350',3),(2734,'3351',3),(2735,'3358',3),(2736,'3360',3),(2737,'3361',3),(2738,'3364',3),(2739,'3365',3),(2740,'3366',3),(2741,'3367',3),(2742,'3368',3),(2743,'3369',3),(2744,'3372',3),(2745,'3373',3),(2746,'3374',3),(2747,'3375',3),(2748,'3377',3),(2749,'3379',3),(2750,'3380',3),(2751,'3381',3),(2752,'3382',3),(2753,'3383',3),(2754,'3384',3),(2755,'3385',3),(2756,'3386',3),(2757,'3387',3),(2758,'3388',3),(2759,'3392',3),(2760,'3393',3),(2761,'3397',3),(2762,'3398',3),(2763,'3400',3),(2764,'3401',3),(2765,'3403',3),(2766,'3408',3),(2767,'3413',3),(2768,'3417',3),(2769,'3419',3),(2770,'3420',3),(2771,'3421',3),(2772,'3425',3),(2773,'3427',3),(2774,'3428',3),(2775,'3430',3),(2776,'3435',3),(2777,'3438',3),(2778,'3443',3),(2779,'3444',3),(2780,'3445',3),(2781,'3448',3),(2782,'3449',3),(2783,'3450',3),(2784,'3452',3),(2785,'3455',3),(2786,'3458',3),(2787,'3460',3),(2788,'3461',3),(2789,'3463',3),(2790,'3466',3),(2791,'3467',3),(2792,'3468',3),(2793,'3472',3),(2794,'3474',3),(2795,'3476',3),(2796,'3477',3),(2797,'3479',3),(2798,'3483',3),(2799,'3484',3),(2800,'3490',3),(2801,'3493',3),(2802,'3494',3),(2803,'3495',3),(2804,'3497',3),(2805,'3498',3),(2806,'3500',3),(2807,'3501',3),(2808,'3502',3),(2809,'3505',3),(2810,'3508',3),(2811,'3510',3),(2812,'3511',3),(2813,'3512',3),(2814,'3514',3),(2815,'3516',3),(2816,'3517',3),(2817,'3519',3),(2818,'3520',3),(2819,'3521',3),(2820,'3522',3),(2821,'3525',3),(2822,'3527',3),(2823,'3528',3),(2824,'3529',3),(2825,'3530',3),(2826,'3537',3),(2827,'3538',3),(2828,'3539',3),(2829,'3542',3),(2830,'3544',3),(2831,'3545',3),(2832,'3548',3),(2833,'3549',3),(2834,'3550',3),(2835,'3551',3),(2836,'3554',3),(2837,'3555',3),(2838,'3556',3),(2839,'3559',3),(2840,'3589',3),(2841,'3649',3),(2842,'A2439',3),(2843,'a2441',3),(2844,'A2446',3),(2845,'A2450',3),(2846,'917',10),(2847,'994',10),(2848,'1119',10),(2849,'1151',10),(2850,'1155',10),(2851,'1163',10),(2852,'1371',10),(2853,'1377',10),(2854,'2023',10),(2855,'2030',10),(2856,'2033',10),(2857,'2040',10),(2858,'2063',10),(2859,'2066',10),(2860,'2069',10),(2861,'2092',10),(2862,'2094',10),(2863,'2114',10),(2864,'2127',10),(2865,'2134',10),(2866,'2135',10),(2867,'2159',10),(2868,'2160',10),(2869,'2166',10),(2870,'2193',10),(2871,'2195',10),(2872,'2200',10),(2873,'2221',10),(2874,'2224',10),(2875,'2227',10),(2876,'2235',10),(2877,'2243',10),(2878,'2255',10),(2879,'2258',10),(2880,'2277',10),(2881,'2303',10),(2882,'2341',10),(2883,'2347',10),(2884,'2357',10),(2885,'2358',10),(2886,'2361',10),(2887,'2372',10),(2888,'2381',10),(2889,'2385',10),(2890,'2388',10),(2891,'2412',10),(2892,'2413',10),(2893,'2425',10),(2894,'2429',10),(2895,'2431',10),(2896,'2439',10),(2897,'2440',10),(2898,'2441',10),(2899,'2444',10),(2900,'2447',10),(2901,'2454',10),(2902,'2460',10),(2903,'2462',10),(2904,'2478',10),(2905,'2491',10),(2906,'2492',10),(2907,'2509',10),(2908,'2510',10),(2909,'2511',10),(2910,'2515',10),(2911,'2516',10),(2912,'2539',10),(2913,'2541',10),(2914,'2547',10),(2915,'2559',10),(2916,'2571',10),(2917,'2576',10),(2918,'2594',10),(2919,'2604',10),(2920,'2605',10),(2921,'2607',10),(2922,'2611',10),(2923,'2614',10),(2924,'2618',10),(2925,'2620',10),(2926,'2629',10),(2927,'2642',10),(2928,'2650',10),(2929,'2652',10),(2930,'2658',10),(2931,'2668',10),(2932,'2674',10),(2933,'2676',10),(2934,'2679',10),(2935,'2681',10),(2936,'2684',10),(2937,'2687',10),(2938,'2691',10),(2939,'2693',10),(2940,'2694',10),(2941,'2696',10),(2942,'2699',10),(2943,'2700',10),(2944,'2701',10),(2945,'2708',10),(2946,'2709',10),(2947,'2715',10),(2948,'2716',10),(2949,'2725',10),(2950,'2730',10),(2951,'2743',10),(2952,'2744',10),(2953,'2748',10),(2954,'2751',10),(2955,'2755',10),(2956,'2758',10),(2957,'2762',10),(2958,'2766',10),(2959,'2771',10),(2960,'2773',10),(2961,'2774',10),(2962,'2780',10),(2963,'2782',10),(2964,'2784',10),(2965,'2786',10),(2966,'2791',10),(2967,'2800',10),(2968,'2802',10),(2969,'2803',10),(2970,'2805',10),(2971,'2809',10),(2972,'2815',10),(2973,'2823',10),(2974,'2827',10),(2975,'2831',10),(2976,'2833',10),(2977,'2835',10),(2978,'2836',10),(2979,'2845',10),(2980,'2847',10),(2981,'2850',10),(2982,'2855',10),(2983,'2857',10),(2984,'2865',10),(2985,'2866',10),(2986,'2875',10),(2987,'2877',10),(2988,'2882',10),(2989,'2892',10),(2990,'2893',10),(2991,'2900',10),(2992,'2901',10),(2993,'2902',10),(2994,'2910',10),(2995,'2916',10),(2996,'2921',10),(2997,'2922',10),(2998,'2933',10),(2999,'2942',10),(3000,'2946',10),(3001,'2948',10),(3002,'2953',10),(3003,'2955',10),(3004,'2956',10),(3005,'2957',10),(3006,'2964',10),(3007,'2965',10),(3008,'2967',10),(3009,'2968',10),(3010,'2971',10),(3011,'2974',10),(3012,'2976',10),(3013,'2978',10),(3014,'2980',10),(3015,'2981',10),(3016,'2987',10),(3017,'2991',10),(3018,'2993',10),(3019,'2998',10),(3020,'3001',10),(3021,'3003',10),(3022,'3005',10),(3023,'3009',10),(3024,'3010',10),(3025,'3011',10),(3026,'3018',10),(3027,'3020',10),(3028,'3025',10),(3029,'3027',10),(3030,'3032',10),(3031,'3034',10),(3032,'3038',10),(3033,'3040',10),(3034,'3041',10),(3035,'3042',10),(3036,'3043',10),(3037,'3047',10),(3038,'3049',10),(3039,'3050',10),(3040,'3052',10),(3041,'3055',10),(3042,'3057',10),(3043,'3061',10),(3044,'3062',10),(3045,'3063',10),(3046,'3066',10),(3047,'3068',10),(3048,'3069',10),(3049,'3071',10),(3050,'3077',10),(3051,'3079',10),(3052,'3081',10),(3053,'3083',10),(3054,'3092',10),(3055,'3093',10),(3056,'3095',10),(3057,'3101',10),(3058,'3121',10),(3059,'3125',10),(3060,'3126',10),(3061,'3136',10),(3062,'3140',10),(3063,'3148',10),(3064,'3149',10),(3065,'3150',10),(3066,'3152',10),(3067,'3157',10),(3068,'3158',10),(3069,'3161',10),(3070,'3166',10),(3071,'3167',10),(3072,'3171',10),(3073,'3172',10),(3074,'3174',10),(3075,'3177',10),(3076,'3181',10),(3077,'3183',10),(3078,'3184',10),(3079,'3185',10),(3080,'3188',10),(3081,'3195',10),(3082,'3196',10),(3083,'3199',10),(3084,'3201',10),(3085,'3208',10),(3086,'3212',10),(3087,'3221',10),(3088,'3230',10),(3089,'3232',10),(3090,'3234',10),(3091,'3237',10),(3092,'3242',10),(3093,'3245',10),(3094,'3247',10),(3095,'3249',10),(3096,'3250',10),(3097,'3253',10),(3098,'3257',10),(3099,'3258',10),(3100,'3259',10),(3101,'3269',10),(3102,'3270',10),(3103,'3272',10),(3104,'3276',10),(3105,'3280',10),(3106,'3284',10),(3107,'3285',10),(3108,'3297',10),(3109,'3299',10),(3110,'3301',10),(3111,'3307',10),(3112,'3311',10),(3113,'3313',10),(3114,'3314',10),(3115,'3321',10),(3116,'3322',10),(3117,'3325',10),(3118,'3329',10),(3119,'3333',10),(3120,'3337',10),(3121,'3338',10),(3122,'3339',10),(3123,'3340',10),(3124,'3341',10),(3125,'3343',10),(3126,'3344',10),(3127,'3347',10),(3128,'3348',10),(3129,'3350',10),(3130,'3351',10),(3131,'3358',10),(3132,'3360',10),(3133,'3361',10),(3134,'3364',10),(3135,'3365',10),(3136,'3366',10),(3137,'3367',10),(3138,'3368',10),(3139,'3369',10),(3140,'3372',10),(3141,'3373',10),(3142,'3374',10),(3143,'3375',10),(3144,'3377',10),(3145,'3379',10),(3146,'3380',10),(3147,'3381',10),(3148,'3382',10),(3149,'3383',10),(3150,'3384',10),(3151,'3385',10),(3152,'3386',10),(3153,'3387',10),(3154,'3388',10),(3155,'3392',10),(3156,'3393',10),(3157,'3397',10),(3158,'3398',10),(3159,'3400',10),(3160,'3401',10),(3161,'3403',10),(3162,'3408',10),(3163,'3413',10),(3164,'3417',10),(3165,'3419',10),(3166,'3420',10),(3167,'3421',10),(3168,'3425',10),(3169,'3427',10),(3170,'3428',10),(3171,'3430',10),(3172,'3435',10),(3173,'3438',10),(3174,'3443',10),(3175,'3444',10),(3176,'3445',10),(3177,'3448',10),(3178,'3449',10),(3179,'3450',10),(3180,'3452',10),(3181,'3455',10),(3182,'3458',10),(3183,'3460',10),(3184,'3461',10),(3185,'3463',10),(3186,'3466',10),(3187,'3467',10),(3188,'3468',10),(3189,'3472',10),(3190,'3474',10),(3191,'3476',10),(3192,'3477',10),(3193,'3479',10),(3194,'3483',10),(3195,'3484',10),(3196,'3490',10),(3197,'3493',10),(3198,'3494',10),(3199,'3495',10),(3200,'3497',10),(3201,'3498',10),(3202,'3500',10),(3203,'3501',10),(3204,'3502',10),(3205,'3505',10),(3206,'3508',10),(3207,'3510',10),(3208,'3511',10),(3209,'3512',10),(3210,'3514',10),(3211,'3516',10),(3212,'3517',10),(3213,'3519',10),(3214,'3520',10),(3215,'3521',10),(3216,'3522',10),(3217,'3525',10),(3218,'3527',10),(3219,'3528',10),(3220,'3529',10),(3221,'3530',10),(3222,'3537',10),(3223,'3538',10),(3224,'3539',10),(3225,'3542',10),(3226,'3544',10),(3227,'3545',10),(3228,'3548',10),(3229,'3549',10),(3230,'3550',10),(3231,'3551',10),(3232,'3554',10),(3233,'3555',10),(3234,'3556',10),(3235,'3559',10),(3236,'3589',10),(3237,'3649',10),(3238,'A2439',10),(3239,'a2441',10),(3240,'A2446',10),(3241,'A2450',10),(3242,'1385',10),(3243,'2589',10),(3244,'2598',10),(3245,'2644',10),(3246,'2697',10),(3247,'2745',10),(3248,'2843',10),(3249,'2844',10),(3250,'2867',10),(3251,'3036',10),(3252,'3048',10),(3253,'3096',10),(3254,'3118',10),(3255,'3176',10),(3256,'3235',10),(3257,'3264',10),(3258,'3277',10),(3259,'3315',10),(3260,'3352',10),(3261,'3434',10),(3262,'3524',10),(3263,'3526',10);
/*!40000 ALTER TABLE `cattle` ENABLE KEYS */;
UNLOCK TABLES;

--
-- Table structure for table `dairies`
--

DROP TABLE IF EXISTS `dairies`;
/*!40101 SET @saved_cs_client     = @@character_set_client */;
/*!40101 SET character_set_client = utf8 */;
CREATE TABLE `dairies` (
  `id` int(11) NOT NULL AUTO_INCREMENT,
  `name` varchar(250) DEFAULT NULL,
  `email` varchar(250) DEFAULT NULL,
  `phone` varchar(250) DEFAULT NULL,
  `owner_id` int(11) DEFAULT NULL,
  `veterinary_id` int(11) DEFAULT NULL,
  `location` tinytext,
  `industry` varchar(250) CHARACTER SET big5 DEFAULT NULL,
  PRIMARY KEY (`id`)
) ENGINE=InnoDB AUTO_INCREMENT=11 DEFAULT CHARSET=utf8;
/*!40101 SET character_set_client = @saved_cs_client */;

--
-- Dumping data for table `dairies`
--

LOCK TABLES `dairies` WRITE;
/*!40000 ALTER TABLE `dairies` DISABLE KEYS */;
INSERT INTO `dairies` VALUES (3,'Tambito','','',4,10,'Sur de la provincia de cordoba, camino rural n° 3','SANCOR'),(4,'Manchita','','',5,2,NULL,NULL),(5,'Loquito','e@cd.exa','454545555',6,3,NULL,NULL),(8,'La espiga central','','45456456',4,2,NULL,NULL),(9,'El Tambero','','',4,9,NULL,NULL),(10,'JOOOOOO','','',4,10,NULL,NULL);
/*!40000 ALTER TABLE `dairies` ENABLE KEYS */;
UNLOCK TABLES;

--
-- Table structure for table `dairy_control`
--

DROP TABLE IF EXISTS `dairy_control`;
/*!40101 SET @saved_cs_client     = @@character_set_client */;
/*!40101 SET character_set_client = utf8 */;
CREATE TABLE `dairy_control` (
  `id` int(11) NOT NULL AUTO_INCREMENT,
  `nop` int(11) DEFAULT NULL COMMENT 'Numero ordinal de parto, 1 o 2 y mas',
  `dl` int(11) DEFAULT NULL COMMENT 'Dia Lactancia, cuanto hace que pario',
  `rcs` int(11) DEFAULT NULL,
  `mc` tinyint(1) DEFAULT NULL,
  `liters_milk` decimal(10,2) DEFAULT NULL,
  `cow_id` int(11) NOT NULL,
  `schema_id` int(11) NOT NULL,
  `date_dl` date DEFAULT NULL,
  `perdida` decimal(10,2) DEFAULT NULL,
  `dml` decimal(10,2) DEFAULT NULL,
  PRIMARY KEY (`id`),
  KEY `fk_dairy_control_cattle1_idx` (`cow_id`),
  KEY `fk_dairy_control_schema1_idx` (`schema_id`),
  CONSTRAINT `fk_dairy_control_cattle1` FOREIGN KEY (`cow_id`) REFERENCES `cattle` (`id`) ON DELETE NO ACTION ON UPDATE NO ACTION,
  CONSTRAINT `fk_dairy_control_schema1` FOREIGN KEY (`schema_id`) REFERENCES `schema_controls` (`id`) ON DELETE CASCADE ON UPDATE NO ACTION
) ENGINE=InnoDB AUTO_INCREMENT=37098 DEFAULT CHARSET=latin1;
/*!40101 SET character_set_client = @saved_cs_client */;

--
-- Dumping data for table `dairy_control`
--

LOCK TABLES `dairy_control` WRITE;
/*!40000 ALTER TABLE `dairy_control` DISABLE KEYS */;
INSERT INTO `dairy_control` VALUES (31552,2,2317,1749,1,18.00,1228,78,'2008-09-21',1.80,9.84),(31553,2,2115,35,1,20.20,1229,78,'2009-04-11',1.80,2.80),(31554,2,2434,269,1,14.40,1230,78,'2008-05-27',1.80,6.47),(31555,2,1929,64,1,24.20,1232,78,'2009-10-14',1.80,3.89),(31556,2,1983,13,1,29.00,1233,78,'2009-08-21',1.80,1.02),(31557,2,2093,310,1,15.60,1234,78,'2009-05-03',1.80,6.73),(31558,2,2128,67,1,31.20,1237,78,'2009-03-29',1.80,3.97),(31559,2,1907,404,1,24.00,1239,78,'2009-11-05',1.80,7.20),(31560,2,2156,12,1,15.20,1240,78,'2009-03-01',1.80,0.87),(31561,2,2089,4,1,19.60,1241,78,'2009-05-07',1.80,0.00),(31562,2,2377,788,1,17.60,1242,78,'2008-07-23',1.80,8.41),(31563,2,2108,10,1,24.40,1243,78,'2009-04-18',1.80,0.54),(31564,2,2158,2325,1,23.60,1244,78,'2009-02-27',1.80,10.35),(31565,2,2105,193,1,25.60,1245,78,'2009-04-21',1.80,5.87),(31566,2,2079,20,1,22.60,1246,78,'2009-05-17',1.80,1.79),(31567,2,2088,222,1,18.00,1247,78,'2009-05-08',1.80,6.12),(31568,2,2244,60,1,13.60,1248,78,'2008-12-03',1.80,3.77),(31569,2,1893,10,1,26.00,1249,78,'2009-11-19',1.80,0.54),(31570,2,2060,190,1,19.40,1250,78,'2009-06-05',1.80,5.84),(31571,2,2366,41,1,25.60,1251,78,'2008-08-03',1.80,3.08),(31572,2,2096,426,1,24.40,1252,78,'2009-04-30',1.80,7.30),(31573,2,1870,343,1,18.20,1253,78,'2009-12-12',1.80,6.91),(31574,2,2083,1452,1,23.20,1254,78,'2009-05-13',1.80,9.51),(31575,2,1863,192,1,30.00,1255,78,'2009-12-19',1.80,5.86),(31576,2,2117,123,1,29.40,1256,78,'2009-04-09',1.80,5.06),(31577,2,2232,14,1,20.40,1257,78,'2008-12-15',1.80,1.15),(31578,2,2097,167,1,27.20,1258,78,'2009-04-29',1.80,5.61),(31579,2,2485,256,1,20.20,1259,78,'2008-04-06',1.80,6.38),(31580,2,2476,1582,1,14.20,1262,78,'2008-04-15',1.80,9.66),(31581,2,2116,0,0,24.20,1263,78,'2009-04-10',NULL,NULL),(31582,2,2376,48,1,21.60,1264,78,'2008-07-24',1.80,3.37),(31583,2,2030,833,1,15.20,1265,78,'2009-07-05',1.80,8.51),(31584,2,1893,113,1,25.20,1266,78,'2009-11-19',1.80,4.91),(31585,2,2460,237,1,15.40,1267,78,'2008-05-01',1.80,6.24),(31586,2,2103,935,1,33.20,1268,78,'2009-04-23',1.80,8.71),(31587,2,2065,1146,1,18.60,1269,78,'2009-05-31',1.80,9.08),(31588,2,2295,144,1,22.20,1271,78,'2008-10-13',1.80,5.35),(31589,2,2145,278,1,19.40,1272,78,'2009-03-12',1.80,6.53),(31590,2,2234,116,1,20.80,1273,78,'2008-12-13',1.80,4.96),(31591,2,2093,96,1,29.20,1275,78,'2009-05-03',1.80,4.62),(31592,2,1946,270,1,34.00,1276,78,'2009-09-27',1.80,6.48),(31593,2,2528,2264,1,23.60,1277,78,'2008-02-23',1.80,10.30),(31594,2,2148,1942,1,23.60,1278,78,'2009-03-09',1.80,10.03),(31595,2,2123,52,1,17.60,1279,78,'2009-04-03',1.80,3.51),(31596,2,2530,218,1,26.20,1280,78,'2008-02-21',1.80,6.09),(31597,2,2044,190,1,29.60,1281,78,'2009-06-21',1.80,5.84),(31598,2,2085,527,1,26.60,1282,78,'2009-05-11',1.80,7.68),(31599,2,2139,39,1,23.20,1283,78,'2009-03-18',1.80,2.99),(31600,2,2345,44,1,18.80,1284,78,'2008-08-24',1.80,3.21),(31601,2,2234,1610,1,24.40,1285,78,'2008-12-13',1.80,9.69),(31602,2,2046,70,1,29.00,1287,78,'2009-06-19',1.80,4.05),(31603,2,2355,14,1,26.60,1288,78,'2008-08-14',1.80,1.15),(31604,2,2093,290,1,25.40,1289,78,'2009-05-03',1.80,6.61),(31605,2,2110,861,1,31.60,1290,78,'2009-04-16',1.80,8.56),(31606,2,2123,937,1,24.80,1291,78,'2009-04-03',1.80,8.72),(31607,2,2388,890,1,24.00,1292,78,'2008-07-12',1.80,8.62),(31608,2,2439,1208,1,27.80,1293,78,'2008-05-22',1.80,9.17),(31609,2,2026,945,1,30.00,1294,78,'2009-07-09',1.80,8.73),(31610,2,2088,265,1,30.00,1295,78,'2009-05-08',1.80,6.44),(31611,2,1846,1551,1,29.00,1624,78,'2010-01-05',1.80,9.62),(31612,2,1841,883,1,30.80,1299,78,'2010-01-10',1.80,8.61),(31613,2,1841,369,1,22.00,1625,78,'2010-01-10',1.80,7.04),(31614,2,2117,1370,1,18.00,1300,78,'2009-04-09',1.80,9.40),(31615,2,2158,917,1,25.80,1301,78,'2009-02-27',1.80,8.68),(31616,2,1888,964,1,33.80,1303,78,'2009-11-24',1.80,8.77),(31617,2,2085,894,1,26.60,1304,78,'2009-05-11',1.80,8.63),(31618,2,1925,109,1,26.20,1305,78,'2009-10-18',1.80,4.84),(31619,2,2078,376,1,25.80,1306,78,'2009-05-18',1.80,7.07),(31620,2,2151,160,1,24.40,1307,78,'2009-03-06',1.80,5.54),(31621,2,2044,256,1,31.80,1308,78,'2009-06-21',1.80,6.38),(31622,2,1843,67,1,27.60,1626,78,'2010-01-08',1.80,3.97),(31623,2,2397,882,1,25.40,1309,78,'2008-07-03',1.80,8.61),(31624,2,2079,925,1,23.20,1311,78,'2009-05-17',1.80,8.69),(31625,2,2155,343,1,26.00,1312,78,'2009-03-02',1.80,6.91),(31626,2,1944,238,1,19.40,1313,78,'2009-09-29',1.80,6.25),(31627,2,2386,299,1,23.40,1314,78,'2008-07-14',1.80,6.66),(31628,2,1995,210,1,27.40,1315,78,'2009-08-09',1.80,6.02),(31629,2,2167,957,1,23.40,1316,78,'2009-02-18',1.80,8.75),(31630,2,2156,863,1,17.60,1317,78,'2009-03-01',1.80,8.57),(31631,2,2173,5164,1,29.00,1319,78,'2009-02-12',1.80,11.79),(31632,2,1983,74,1,38.40,1320,78,'2009-08-21',1.80,4.15),(31633,2,2031,359,1,33.00,1321,78,'2009-07-04',1.80,6.99),(31634,2,1987,352,1,27.20,1322,78,'2009-08-17',1.80,6.95),(31635,2,1832,685,1,26.60,1627,78,'2010-01-19',1.80,8.15),(31636,2,2392,374,1,19.00,1325,78,'2008-07-08',1.80,7.06),(31637,2,1866,883,1,33.20,1326,78,'2009-12-16',1.80,8.61),(31638,2,2489,768,1,15.60,1327,78,'2008-04-02',1.80,8.36),(31639,2,2089,153,1,25.00,1328,78,'2009-05-07',1.80,5.45),(31640,2,2033,186,1,43.20,1329,78,'2009-07-02',1.80,5.81),(31641,2,1937,59,1,41.00,1330,78,'2009-10-06',1.80,3.74),(31642,2,2558,355,1,17.60,1331,78,'2008-01-24',1.80,6.97),(31643,2,2042,348,1,31.20,1332,78,'2009-06-23',1.80,6.93),(31644,2,1840,96,1,19.40,1333,78,'2010-01-11',1.80,4.62),(31645,2,1856,81,1,31.60,1628,78,'2009-12-26',1.80,4.31),(31646,2,2076,963,1,30.80,1334,78,'2009-05-20',1.80,8.77),(31647,2,2359,628,1,19.00,1335,78,'2008-08-10',1.80,8.00),(31648,2,2059,965,1,31.20,1337,78,'2009-06-06',1.80,8.77),(31649,2,1995,320,1,33.60,1339,78,'2009-08-09',1.80,6.78),(31650,2,1865,441,1,14.80,1343,78,'2009-12-17',1.80,7.36),(31651,2,1985,217,1,35.00,1344,78,'2009-08-19',1.80,6.08),(31652,2,2000,128,1,36.40,1345,78,'2009-08-04',1.80,5.13),(31653,2,1942,713,1,21.60,1347,78,'2009-10-01',1.80,8.23),(31654,2,2294,981,1,22.60,1348,78,'2008-10-14',1.80,8.80),(31655,2,2003,919,1,33.60,1349,78,'2009-08-01',1.80,8.68),(31656,2,2006,634,1,26.60,1350,78,'2009-07-29',1.80,8.01),(31657,2,2053,62,1,27.20,1351,78,'2009-06-12',1.80,3.83),(31658,2,2172,385,1,28.20,1352,78,'2009-02-13',1.80,7.12),(31659,2,2132,933,1,17.60,1353,78,'2009-03-25',1.80,8.71),(31660,2,2155,956,1,22.60,1354,78,'2009-03-02',1.80,8.75),(31661,2,2072,402,1,29.20,1355,78,'2009-05-24',1.80,7.19),(31662,2,1894,930,1,33.20,1356,78,'2009-11-18',1.80,8.70),(31663,2,2118,872,1,20.80,1358,78,'2009-04-08',1.80,8.59),(31664,2,2154,985,1,21.20,1359,78,'2009-03-03',1.80,8.81),(31665,2,1862,64,1,30.00,1629,78,'2009-12-20',1.80,3.89),(31666,2,1861,152,1,26.00,1630,78,'2009-12-21',1.80,5.44),(31667,2,2128,928,1,23.60,1360,78,'2009-03-29',1.80,8.70),(31668,2,1938,204,1,39.40,1361,78,'2009-10-05',1.80,5.97),(31669,2,1953,952,1,25.80,1362,78,'2009-09-20',1.80,8.75),(31670,2,2237,908,1,25.80,1363,78,'2008-12-10',1.80,8.66),(31671,2,2158,948,1,27.60,1364,78,'2009-02-27',1.80,8.74),(31672,2,2018,940,1,28.20,1365,78,'2009-07-17',1.80,8.72),(31673,2,2534,874,1,17.20,1366,78,'2008-02-17',1.80,8.59),(31674,2,1854,73,1,27.80,1631,78,'2009-12-28',1.80,4.12),(31675,2,1982,944,1,32.40,1367,78,'2009-08-22',1.80,8.73),(31676,2,1931,1457,1,32.60,1368,78,'2009-10-12',1.80,9.51),(31677,2,2371,929,1,19.60,1369,78,'2008-07-29',1.80,8.70),(31678,2,2062,942,1,31.20,1370,78,'2009-06-03',1.80,8.73),(31679,2,1973,861,1,39.80,1372,78,'2009-08-31',1.80,8.56),(31680,2,1771,1744,1,20.80,1373,78,'2010-03-21',1.80,9.84),(31681,2,2187,927,1,22.60,1374,78,'2009-01-29',1.80,8.70),(31682,2,2383,850,1,26.20,1375,78,'2008-07-17',1.80,8.54),(31683,2,2145,88,1,18.60,1376,78,'2009-03-12',1.80,4.46),(31684,2,2104,475,1,40.20,1378,78,'2009-04-22',1.80,7.49),(31685,2,1876,884,1,15.00,1379,78,'2009-12-06',1.80,8.61),(31686,2,2088,475,1,23.60,1380,78,'2009-05-08',1.80,7.49),(31687,2,2471,440,1,19.00,1381,78,'2008-04-20',1.80,7.36),(31688,2,2013,931,1,23.80,1382,78,'2009-07-22',1.80,8.71),(31689,2,1877,80,1,20.80,1383,78,'2009-12-05',1.80,4.29),(31690,2,1876,496,1,32.00,1384,78,'2009-12-06',1.80,7.57),(31691,2,2046,144,1,17.00,1386,78,'2009-06-19',1.80,5.35),(31692,2,2105,945,1,19.20,1387,78,'2009-04-21',1.80,8.73),(31693,2,1934,970,1,32.80,1388,78,'2009-10-09',1.80,8.78),(31694,2,1901,4200,1,37.60,1389,78,'2009-11-11',1.80,11.42),(31695,2,2011,280,1,38.20,1390,78,'2009-07-24',1.80,6.54),(31696,2,2067,952,1,19.60,1391,78,'2009-05-29',1.80,8.75),(31697,2,2067,102,1,25.80,1392,78,'2009-05-29',1.80,4.72),(31698,2,1911,2779,1,38.60,1393,78,'2009-11-01',1.80,10.67),(31699,2,1916,2001,1,38.40,1394,78,'2009-10-27',1.80,10.08),(31700,2,2089,1655,1,21.20,1395,78,'2009-05-07',1.80,9.74),(31701,2,1942,41,1,23.60,1396,78,'2009-10-01',1.80,3.08),(31702,2,1936,1014,1,30.60,1397,78,'2009-10-07',1.80,8.86),(31703,2,2122,155,1,31.60,1398,78,'2009-04-04',1.80,5.48),(31704,2,2093,937,1,32.00,1400,78,'2009-05-03',1.80,8.72),(31705,2,2110,983,1,21.80,1401,78,'2009-04-16',1.80,8.80),(31706,2,2128,324,1,20.60,1402,78,'2009-03-29',1.80,6.81),(31707,2,1958,912,1,32.00,1403,78,'2009-09-15',1.80,8.67),(31708,2,2075,94,1,34.00,1404,78,'2009-05-21',1.80,4.58),(31709,2,1924,1075,1,32.00,1405,78,'2009-10-19',1.80,8.96),(31710,2,2018,67,1,26.60,1406,78,'2009-07-17',1.80,3.97),(31711,2,2037,913,1,23.60,1407,78,'2009-06-28',1.80,8.67),(31712,2,2035,208,1,33.20,1408,78,'2009-06-30',1.80,6.01),(31713,2,2112,318,1,27.80,1409,78,'2009-04-14',1.80,6.77),(31714,2,2041,136,1,31.40,1410,78,'2009-06-24',1.80,5.24),(31715,2,2072,941,1,35.60,1411,78,'2009-05-24',1.80,8.72),(31716,2,1846,913,1,27.20,1632,78,'2010-01-05',1.80,8.67),(31717,2,1962,869,1,30.40,1413,78,'2009-09-11',1.80,8.58),(31718,2,2041,904,1,22.20,1415,78,'2009-06-24',1.80,8.65),(31719,1,2490,767,1,15.00,1417,78,'2008-04-01',0.52,2.41),(31720,2,1945,340,1,36.80,1418,78,'2009-09-28',1.80,6.89),(31721,2,1843,178,1,26.00,1633,78,'2010-01-08',1.80,5.73),(31722,2,1978,269,1,32.40,1421,78,'2009-08-26',1.80,6.47),(31723,2,2163,68,1,18.40,1422,78,'2009-02-22',1.80,4.00),(31724,2,2084,220,1,15.20,1425,78,'2009-05-12',1.80,6.11),(31725,2,2379,423,1,20.40,1426,78,'2008-07-21',1.80,7.29),(31726,2,2060,38,1,27.80,1428,78,'2009-06-05',1.80,2.95),(31727,2,2049,458,1,32.60,1429,78,'2009-06-16',1.80,7.43),(31728,2,2012,1004,1,27.20,1431,78,'2009-07-23',1.80,8.84),(31729,2,2110,870,1,29.20,1432,78,'2009-04-16',1.80,8.58),(31730,2,1948,677,1,38.60,1433,78,'2009-09-25',1.80,8.13),(31731,2,2403,835,1,19.00,1434,78,'2008-06-27',1.80,8.51),(31732,2,2328,281,1,20.00,1435,78,'2008-09-10',1.80,6.55),(31733,2,2384,801,1,23.40,1436,78,'2008-07-16',1.80,8.43),(31734,2,2060,766,1,32.40,1437,78,'2009-06-05',1.80,8.35),(31735,2,1830,480,1,30.20,1634,78,'2010-01-21',1.80,7.51),(31736,2,2041,339,1,31.60,1438,78,'2009-06-24',1.80,6.89),(31737,2,1850,909,1,21.20,1635,78,'2010-01-01',1.80,8.66),(31738,2,1985,712,1,29.00,1439,78,'2009-08-19',1.80,8.22),(31739,2,2120,5052,1,32.20,1440,78,'2009-04-06',1.80,11.75),(31740,2,1892,95,1,32.60,1441,78,'2009-11-20',1.80,4.60),(31741,2,1983,831,1,34.00,1442,78,'2009-08-21',1.80,8.50),(31742,2,2389,849,1,10.00,1443,78,'2008-07-11',1.80,8.54),(31743,2,1924,908,1,30.00,1444,78,'2009-10-19',1.80,8.66),(31744,2,1930,2858,1,35.20,1445,78,'2009-10-13',1.80,10.72),(31745,2,2037,242,1,27.80,1446,78,'2009-06-28',1.80,6.28),(31746,2,1990,413,1,28.00,1448,78,'2009-08-14',1.80,7.24),(31747,2,1923,956,1,32.40,1449,78,'2009-10-20',1.80,8.75),(31748,2,1920,1019,1,38.00,1450,78,'2009-10-23',1.80,8.87),(31749,1,2479,987,1,12.00,1451,78,'2008-04-12',0.52,2.55),(31750,2,2087,893,1,37.00,1452,78,'2009-05-09',1.80,8.63),(31751,2,2088,992,1,21.00,1453,78,'2009-05-08',1.80,8.82),(31752,2,2059,834,1,31.00,1454,78,'2009-06-06',1.80,8.51),(31753,2,1943,938,1,39.60,1456,78,'2009-09-30',1.80,8.72),(31754,2,1952,556,1,38.00,1458,78,'2009-09-21',1.80,7.78),(31755,2,2036,881,1,22.20,1459,78,'2009-06-29',1.80,8.61),(31756,2,2030,734,1,28.60,1461,78,'2009-07-05',1.80,8.28),(31757,1,2093,1195,1,30.00,1462,78,'2009-05-03',0.52,2.64),(31758,2,2038,744,1,24.00,1463,78,'2009-06-27',1.80,8.30),(31759,2,1944,842,1,34.20,1464,78,'2009-09-29',1.80,8.52),(31760,2,2072,436,1,17.20,1465,78,'2009-05-24',1.80,7.34),(31761,2,2103,956,1,22.40,1466,78,'2009-04-23',1.80,8.75),(31762,2,1931,900,1,36.40,1467,78,'2009-10-12',1.80,8.64),(31763,2,2090,2314,1,34.20,1468,78,'2009-05-06',1.80,10.34),(31764,2,1841,750,1,13.60,1469,78,'2010-01-10',1.80,8.32),(31765,2,2085,548,1,21.00,1470,78,'2009-05-11',1.80,7.75),(31766,2,2045,851,1,30.00,1471,78,'2009-06-20',1.80,8.54),(31767,1,2395,493,1,17.80,1472,78,'2008-07-05',0.52,2.18),(31768,2,2381,750,1,20.40,1473,78,'2008-07-19',1.80,8.32),(31769,2,2089,905,1,21.00,1475,78,'2009-05-07',1.80,8.65),(31770,2,2076,442,1,28.00,1476,78,'2009-05-20',1.80,7.36),(31771,2,2039,97,1,20.80,1478,78,'2009-06-26',1.80,4.63),(31772,2,2087,957,1,25.60,1479,78,'2009-05-09',1.80,8.75),(31773,1,2488,2245,1,22.60,1480,78,'2008-04-03',0.52,2.97),(31774,1,2462,156,1,13.20,1481,78,'2008-04-29',0.52,1.59),(31775,2,1942,871,1,31.00,1482,78,'2009-10-01',1.80,8.59),(31776,2,1968,21,1,19.00,1483,78,'2009-09-05',1.80,1.88),(31777,2,1901,783,1,13.20,1484,78,'2009-11-11',1.80,8.39),(31778,2,1775,107,1,31.40,1485,78,'2010-03-17',1.80,4.81),(31779,2,1854,173,1,29.40,1639,78,'2009-12-28',1.80,5.68),(31780,2,2107,869,1,24.40,1486,78,'2009-04-19',1.80,8.58),(31781,2,1957,288,1,31.80,1487,78,'2009-09-16',1.80,6.59),(31782,1,2237,811,1,20.60,1488,78,'2008-12-10',0.52,2.44),(31783,2,1995,1209,1,25.00,1489,78,'2009-08-09',1.80,9.18),(31784,2,1882,12,1,33.60,1490,78,'2009-11-30',1.80,0.87),(31785,1,2315,47,1,10.00,1491,78,'2008-09-23',0.52,0.96),(31786,2,1891,917,1,27.80,1492,78,'2009-11-21',1.80,8.68),(31787,1,1954,83,1,32.60,1493,78,'2009-09-19',0.52,1.26),(31788,1,2100,861,1,23.60,1494,78,'2009-04-26',0.52,2.47),(31789,1,2217,768,1,23.80,1495,78,'2008-12-30',0.52,2.41),(31790,2,1858,141,1,30.20,1640,78,'2009-12-24',1.80,5.31),(31791,2,1971,6,1,36.20,1496,78,'2009-09-02',1.80,0.00),(31792,2,1863,179,1,32.40,1497,78,'2009-12-19',1.80,5.74),(31793,2,1868,932,1,32.40,1498,78,'2009-12-14',1.80,8.71),(31794,2,1926,962,1,36.60,1499,78,'2009-10-17',1.80,8.76),(31795,2,1968,2912,1,31.80,1500,78,'2009-09-05',1.80,10.76),(31796,1,2315,865,1,18.80,1501,78,'2008-09-23',0.52,2.48),(31797,2,1756,786,1,16.40,1502,78,'2010-04-05',1.80,8.40),(31798,1,2244,922,1,21.60,1503,78,'2008-12-03',0.52,2.51),(31799,2,1864,839,1,24.40,1504,78,'2009-12-18',1.80,8.52),(31800,2,1877,1692,1,23.60,1505,78,'2009-12-05',1.80,9.78),(31801,1,2313,1499,1,19.80,1506,78,'2008-09-25',0.52,2.76),(31802,1,2291,885,1,18.60,1507,78,'2008-10-17',0.52,2.49),(31803,1,2310,911,1,23.00,1508,78,'2008-09-28',0.52,2.50),(31804,1,2245,37,1,23.20,1509,78,'2008-12-02',0.52,0.84),(31805,1,2323,193,1,14.40,1511,78,'2008-09-15',0.52,1.70),(31806,2,1850,105,1,23.20,1641,78,'2010-01-01',1.80,4.78),(31807,2,1941,811,1,35.40,1512,78,'2009-10-02',1.80,8.46),(31808,2,1899,884,1,22.80,1513,78,'2009-11-13',1.80,8.61),(31809,1,2016,86,1,21.60,1514,78,'2009-07-19',0.52,1.28),(31810,1,2317,1585,1,23.00,1515,78,'2008-09-21',0.52,2.79),(31811,1,2335,854,1,22.40,1516,78,'2008-09-03',0.52,2.47),(31812,1,1892,909,1,19.60,1517,78,'2009-11-20',0.52,2.50),(31813,2,1870,852,1,19.00,1518,78,'2009-12-12',1.80,8.55),(31814,1,2310,131,1,21.20,1519,78,'2008-09-28',0.52,1.50),(31815,1,2130,462,1,23.20,1520,78,'2009-03-27',0.52,2.15),(31816,2,1886,20,1,27.00,1521,78,'2009-11-26',1.80,1.79),(31817,1,2106,453,1,21.80,1522,78,'2009-04-20',0.52,2.14),(31818,1,2090,37,1,21.40,1523,78,'2009-05-06',0.52,0.84),(31819,2,1915,913,1,17.00,1524,78,'2009-10-28',1.80,8.67),(31820,2,1771,927,1,21.40,1525,78,'2010-03-21',1.80,8.70),(31821,1,2269,239,1,33.80,1526,78,'2008-11-08',0.52,1.81),(31822,1,2130,567,1,22.20,1527,78,'2009-03-27',0.52,2.26),(31823,2,1898,902,1,25.60,1528,78,'2009-11-14',1.80,8.65),(31824,1,2130,50,1,15.00,1529,78,'2009-03-27',0.52,0.99),(31825,1,2134,760,1,20.80,1532,78,'2009-03-23',0.52,2.41),(31826,1,1873,884,1,18.20,1534,78,'2009-12-09',0.52,2.49),(31827,1,2131,842,1,19.80,1536,78,'2009-03-26',0.52,2.46),(31828,1,2146,341,1,20.80,1537,78,'2009-03-11',0.52,1.99),(31829,1,2088,1636,1,21.60,1538,78,'2009-05-08',0.52,2.81),(31830,1,2033,753,1,34.60,1539,78,'2009-07-02',0.52,2.40),(31831,1,2126,423,1,22.20,1540,78,'2009-03-31',0.52,2.10),(31832,1,2143,869,1,18.60,1541,78,'2009-03-14',0.52,2.48),(31833,1,2144,850,1,21.60,1542,78,'2009-03-13',0.52,2.47),(31834,1,2141,907,1,21.60,1543,78,'2009-03-16',0.52,2.50),(31835,2,1761,945,1,20.40,1544,78,'2010-03-31',1.80,8.73),(31836,1,2130,854,1,23.60,1545,78,'2009-03-27',0.52,2.47),(31837,1,2139,92,1,20.80,1546,78,'2009-03-18',0.52,1.31),(31838,2,1756,902,1,21.80,1547,78,'2010-04-05',1.80,8.65),(31839,1,2135,266,1,23.20,1548,78,'2009-03-22',0.52,1.86),(31840,1,2291,671,1,20.60,1549,78,'2008-10-17',0.52,2.34),(31841,1,2130,857,1,21.00,1550,78,'2009-03-27',0.52,2.47),(31842,1,1846,142,1,21.80,1642,78,'2010-01-05',0.52,1.54),(31843,1,2123,1410,1,18.60,1553,78,'2009-04-03',0.52,2.73),(31844,1,2119,917,1,23.20,1554,78,'2009-04-07',0.52,2.51),(31845,1,2135,836,1,31.20,1555,78,'2009-03-22',0.52,2.46),(31846,1,2114,229,1,26.40,1556,78,'2009-04-12',0.52,1.79),(31847,1,2136,962,1,21.20,1557,78,'2009-03-21',0.52,2.53),(31848,1,2067,818,1,20.00,1558,78,'2009-05-29',0.52,2.45),(31849,1,1977,42,1,36.60,1559,78,'2009-08-27',0.52,0.90),(31850,1,2117,879,1,27.00,1560,78,'2009-04-09',0.52,2.48),(31851,1,1978,237,1,34.00,1561,78,'2009-08-26',0.52,1.80),(31852,1,2138,305,1,19.80,1562,78,'2009-03-19',0.52,1.93),(31853,1,2118,883,1,21.80,1563,78,'2009-04-08',0.52,2.49),(31854,1,2124,909,1,28.80,1564,78,'2009-04-02',0.52,2.50),(31855,1,2112,885,1,17.20,1565,78,'2009-04-14',0.52,2.49),(31856,2,1758,790,1,23.00,1567,78,'2010-04-03',1.80,8.41),(31857,1,2025,146,1,21.60,1568,78,'2009-07-10',0.52,1.55),(31858,1,2072,862,1,30.00,1569,78,'2009-05-24',0.52,2.47),(31859,1,1954,916,1,22.20,1570,78,'2009-09-19',0.52,2.51),(31860,1,1926,142,1,25.40,1571,78,'2009-10-17',0.52,1.54),(31861,1,2014,193,1,22.40,1572,78,'2009-07-21',0.52,1.70),(31862,1,2130,852,1,16.80,1574,78,'2009-03-27',0.52,2.47),(31863,1,1996,214,1,24.40,1575,78,'2009-08-08',0.52,1.75),(31864,1,2096,169,1,26.80,1576,78,'2009-04-30',0.52,1.63),(31865,2,1762,982,1,26.20,1577,78,'2010-03-30',1.80,8.80),(31866,1,2110,949,1,20.80,1578,78,'2009-04-16',0.52,2.52),(31867,1,1929,841,1,25.20,1579,78,'2009-10-14',0.52,2.46),(31868,1,1940,142,1,30.00,1581,78,'2009-10-03',0.52,1.54),(31869,1,2134,317,1,19.00,1582,78,'2009-03-23',0.52,1.95),(31870,1,2140,856,1,34.00,1583,78,'2009-03-17',0.52,2.47),(31871,1,1949,919,1,31.80,1584,78,'2009-09-24',0.52,2.51),(31872,1,2122,876,1,23.40,1585,78,'2009-04-04',0.52,2.48),(31873,1,2033,106,1,24.40,1586,78,'2009-07-02',0.52,1.38),(31874,1,2130,942,1,25.60,1587,78,'2009-03-27',0.52,2.52),(31875,1,2014,111,1,22.60,1589,78,'2009-07-21',0.52,1.41),(31876,1,2128,848,1,25.80,1590,78,'2009-03-29',0.52,2.47),(31877,1,2117,901,1,23.00,1592,78,'2009-04-09',0.52,2.50),(31878,1,2119,346,1,21.40,1593,78,'2009-04-07',0.52,2.00),(31879,1,1968,417,1,38.80,1594,78,'2009-09-05',0.52,2.10),(31880,1,2042,113,1,23.40,1595,78,'2009-06-23',0.52,1.42),(31881,1,1961,901,1,28.80,1596,78,'2009-09-12',0.52,2.50),(31882,1,2124,77,1,22.40,1597,78,'2009-04-02',0.52,1.22),(31883,1,2015,106,1,22.20,1598,78,'2009-07-20',0.52,1.38),(31884,1,2025,75,1,33.00,1599,78,'2009-07-10',0.52,1.21),(31885,1,2023,897,1,23.20,1600,78,'2009-07-12',0.52,2.50),(31886,1,2017,929,1,26.20,1601,78,'2009-07-18',0.52,2.51),(31887,1,1945,860,1,22.80,1602,78,'2009-09-28',0.52,2.47),(31888,1,1886,944,1,25.60,1603,78,'2009-11-26',0.52,2.52),(31889,1,1978,1354,1,25.00,1604,78,'2009-08-26',0.52,2.71),(31890,1,2120,770,1,23.00,1605,78,'2009-04-06',0.52,2.42),(31891,1,1986,762,1,23.20,1606,78,'2009-08-18',0.52,2.41),(31892,1,1978,885,1,29.40,1607,78,'2009-08-26',0.52,2.49),(31893,1,1978,156,1,20.80,1608,78,'2009-08-26',0.52,1.59),(31894,1,1945,341,1,21.60,1609,78,'2009-09-28',0.52,1.99),(31895,1,2046,1237,1,13.00,1610,78,'2009-06-19',0.52,2.66),(31896,1,2003,2539,1,20.20,1611,78,'2009-08-01',0.52,3.04),(31897,1,1898,41,1,23.20,1612,78,'2009-11-14',0.52,0.89),(31898,1,2011,902,1,19.20,1613,78,'2009-07-24',0.52,2.50),(31899,1,2014,25,1,21.40,1615,78,'2009-07-21',0.52,0.63),(31900,1,1939,717,1,27.20,1617,78,'2009-10-04',0.52,2.38),(31901,2,2902,127,1,19.80,1620,78,'2007-02-14',1.80,5.12),(31902,2,2102,881,1,34.00,1621,78,'2009-04-24',1.80,8.61),(31903,2,1872,158,1,24.20,1622,78,'2009-12-10',1.80,5.51),(31904,2,1838,0,0,26.23,1623,78,'2010-01-13',NULL,NULL),(31905,2,1952,0,0,26.23,1298,78,'2009-09-21',NULL,NULL),(31906,2,1877,0,0,26.23,1323,78,'2009-12-05',NULL,NULL),(31907,2,2114,0,0,26.23,1338,78,'2009-04-12',NULL,NULL),(31908,2,2121,0,0,26.23,1385,78,'2009-04-05',NULL,NULL),(31909,2,1850,0,0,26.23,1636,78,'2010-01-01',NULL,NULL),(31910,2,1850,0,0,26.23,1637,78,'2010-01-01',NULL,NULL),(31911,1,2478,0,0,23.10,1477,78,'2008-04-13',NULL,NULL),(31912,2,1833,0,0,26.23,1638,78,'2010-01-18',NULL,NULL),(31913,1,1850,0,0,23.10,1643,78,'2010-01-01',NULL,NULL),(31914,1,1850,0,0,23.10,1644,78,'2010-01-01',NULL,NULL),(31915,1,1987,0,0,23.10,1616,78,'2009-08-17',NULL,NULL),(31916,1,1941,0,0,23.10,1618,78,'2009-10-02',NULL,NULL),(32939,2,2060,1004,1,24.60,2450,72,'2009-09-01',1.80,8.84),(32940,2,2405,188,1,17.00,2451,72,'2008-09-21',1.80,5.83),(32941,2,2203,3415,1,19.00,2452,72,'2009-04-11',1.80,11.04),(32942,2,2522,312,1,15.80,2453,72,'2008-05-27',1.80,6.74),(32943,2,1851,NULL,0,14.00,2454,72,'2010-03-29',NULL,NULL),(32944,2,2017,71,1,29.20,2455,72,'2009-10-14',1.80,4.07),(32945,2,2071,15,1,28.00,2456,72,'2009-08-21',1.80,1.27),(32946,2,2181,60,1,15.20,2457,72,'2009-05-03',1.80,3.77),(32947,2,1895,115,1,14.00,2458,72,'2010-02-13',1.80,4.94),(32948,2,2472,2245,1,11.20,2459,72,'2008-07-16',1.80,10.29),(32949,2,2216,84,1,31.60,2460,72,'2009-03-29',1.80,4.38),(32950,2,2289,533,1,9.40,2461,72,'2009-01-15',1.80,7.70),(32951,2,1995,403,1,24.60,2462,72,'2009-11-05',1.80,7.20),(32952,2,2244,100,1,15.40,2463,72,'2009-03-01',1.80,4.69),(32953,2,2177,NULL,0,19.80,2464,72,'2009-05-07',NULL,NULL),(32954,2,2465,419,1,17.40,2465,72,'2008-07-23',1.80,7.27),(32955,2,2196,671,1,24.00,2466,72,'2009-04-18',1.80,8.12),(32956,2,2246,546,1,23.40,2467,72,'2009-02-27',1.80,7.74),(32957,2,2193,175,1,24.60,2468,72,'2009-04-21',1.80,5.70),(32958,2,2167,216,1,22.40,2469,72,'2009-05-17',1.80,6.08),(32959,2,2176,1526,1,17.20,2470,72,'2009-05-08',1.80,9.59),(32960,2,2332,139,1,8.60,2471,72,'2008-12-03',1.80,5.28),(32961,2,1981,3145,1,25.00,2472,72,'2009-11-19',1.80,10.90),(32962,2,2148,73,1,19.60,2473,72,'2009-06-05',1.80,4.12),(32963,2,2454,228,1,25.60,2474,72,'2008-08-03',1.80,6.17),(32964,2,2184,1441,1,24.40,2475,72,'2009-04-30',1.80,9.49),(32965,2,1958,251,1,18.20,2476,72,'2009-12-12',1.80,6.35),(32966,2,2171,259,1,23.20,2477,72,'2009-05-13',1.80,6.40),(32967,2,2205,168,1,29.20,2479,72,'2009-04-09',1.80,5.62),(32968,2,2320,608,1,20.40,2480,72,'2008-12-15',1.80,7.94),(32969,2,2185,133,1,27.00,2481,72,'2009-04-29',1.80,5.20),(32970,2,2573,228,1,20.20,2482,72,'2008-04-06',1.80,6.17),(32971,2,1878,2305,1,27.20,2483,72,'2010-03-02',1.80,10.34),(32972,2,1864,741,1,14.60,2484,72,'2010-03-16',1.80,8.29),(32973,2,0,600,1,14.20,2485,72,'2015-04-23',0.88,3.87),(32974,2,2204,238,1,23.80,2486,72,'2009-04-10',1.80,6.25),(32975,2,2464,260,1,21.60,2487,72,'2008-07-24',1.80,6.41),(32976,2,2118,1755,1,15.20,2488,72,'2009-07-05',1.80,9.85),(32977,2,0,1287,1,25.00,2489,72,'2015-04-23',0.88,4.54),(32978,2,2548,453,1,15.00,2490,72,'2008-05-01',1.80,7.41),(32979,2,2191,93,1,30.20,2491,72,'2009-04-23',1.80,4.56),(32980,2,2153,68,1,18.80,2492,72,'2009-05-31',1.80,4.00),(32981,2,1887,3645,1,14.20,2493,72,'2010-02-21',1.80,11.16),(32982,2,2383,1190,1,22.20,2494,72,'2008-10-13',1.80,9.15),(32983,2,2233,127,1,19.40,2495,72,'2009-03-12',1.80,5.12),(32984,2,2322,1264,1,17.40,2496,72,'2008-12-13',1.80,9.26),(32985,2,0,426,1,31.60,2497,72,'2015-04-23',0.88,3.57),(32986,2,2181,1476,1,29.40,2498,72,'2009-05-03',1.80,9.53),(32987,2,2034,86,1,36.20,2499,72,'2009-09-27',1.80,4.42),(32988,2,2616,529,1,11.60,2500,72,'2008-02-23',1.80,7.69),(32989,2,2236,335,1,24.00,2501,72,'2009-03-09',1.80,6.87),(32990,2,2211,133,1,17.00,2502,72,'2009-04-03',1.80,5.20),(32991,2,2618,324,1,26.40,2503,72,'2008-02-21',1.80,6.81),(32992,2,2132,2883,1,29.40,2504,72,'2009-06-21',1.80,10.74),(32993,2,2173,42,1,26.60,2505,72,'2009-05-11',1.80,3.13),(32994,2,2227,70,1,22.80,2506,72,'2009-03-18',1.80,4.05),(32995,2,2433,224,1,17.80,2507,72,'2008-08-24',1.80,6.14),(32996,2,2322,187,1,23.00,2508,72,'2008-12-13',1.80,5.82),(32997,2,0,1049,1,14.00,2509,72,'2015-04-23',0.88,4.36),(32998,2,2134,150,1,29.60,2510,72,'2009-06-19',1.80,5.42),(32999,2,2443,643,1,26.60,2511,72,'2008-08-14',1.80,8.04),(33000,2,2181,167,1,25.20,2512,72,'2009-05-03',1.80,5.61),(33001,2,2198,4,1,33.40,2513,72,'2009-04-16',1.80,0.00),(33002,2,2211,8,1,24.60,2514,72,'2009-04-03',1.80,0.14),(33003,2,0,68,1,24.60,2515,72,'2015-04-23',0.88,1.95),(33004,2,2527,473,1,27.40,2516,72,'2008-05-22',1.80,7.49),(33005,2,2114,521,1,31.80,2517,72,'2009-07-09',1.80,7.66),(33006,2,2176,590,1,30.00,2518,72,'2009-05-08',1.80,7.88),(33007,2,1851,488,1,21.00,2519,72,'2010-03-29',1.80,7.54),(33008,2,1893,259,1,17.00,2520,72,'2010-02-15',1.80,6.40),(33009,2,1929,206,1,30.20,2522,72,'2010-01-10',1.80,5.99),(33010,2,2205,432,1,17.00,2523,72,'2009-04-09',1.80,7.32),(33011,2,2246,2563,1,26.20,2524,72,'2009-02-27',1.80,10.53),(33012,2,1856,113,1,20.20,2525,72,'2010-03-24',1.80,4.91),(33013,2,1976,150,1,37.20,2526,72,'2009-11-24',1.80,5.42),(33014,2,2173,1209,1,25.60,2527,72,'2009-05-11',1.80,9.18),(33015,2,2013,8,1,25.00,2528,72,'2009-10-18',1.80,0.14),(33016,2,2166,381,1,25.80,2529,72,'2009-05-18',1.80,7.10),(33017,2,2239,2410,1,24.00,2530,72,'2009-03-06',1.80,10.42),(33018,2,2132,101,1,33.20,2531,72,'2009-06-21',1.80,4.71),(33019,2,2485,538,1,24.80,2532,72,'2008-07-03',1.80,7.72),(33020,2,0,1589,1,4.80,2533,72,'2015-04-23',0.88,4.73),(33021,2,2167,13,1,29.80,2534,72,'2009-05-17',1.80,1.02),(33022,2,2243,230,1,25.20,2535,72,'2009-03-02',1.80,6.19),(33023,2,2032,286,1,19.20,2536,72,'2009-09-29',1.80,6.58),(33024,2,2474,379,1,22.00,2537,72,'2008-07-14',1.80,7.09),(33025,2,2083,297,1,30.00,2538,72,'2009-08-09',1.80,6.65),(33026,2,2255,155,1,22.80,2539,72,'2009-02-18',1.80,5.48),(33027,2,2244,725,1,16.20,2540,72,'2009-03-01',1.80,8.26),(33028,2,1859,10,1,34.20,2541,72,'2010-03-21',1.80,0.54),(33029,2,2261,138,1,29.00,2542,72,'2009-02-12',1.80,5.27),(33030,2,2071,190,1,38.80,2543,72,'2009-08-21',1.80,5.84),(33031,2,2119,344,1,33.20,2544,72,'2009-07-04',1.80,6.91),(33032,2,2075,1992,1,26.00,2545,72,'2009-08-17',1.80,10.07),(33033,2,2220,77,1,30.20,2547,72,'2009-03-25',1.80,4.22),(33034,2,2480,3054,1,18.40,2548,72,'2008-07-08',1.80,10.84),(33035,2,1954,1240,1,33.00,2549,72,'2009-12-16',1.80,9.22),(33036,2,2577,169,1,15.60,2550,72,'2008-04-02',1.80,5.63),(33037,2,2177,181,1,24.00,2551,72,'2009-05-07',1.80,5.76),(33038,2,2121,121,1,43.60,2552,72,'2009-07-02',1.80,5.03),(33039,2,2025,4,1,42.80,2553,72,'2009-10-06',1.80,0.00),(33040,2,2646,409,1,17.00,2554,72,'2008-01-24',1.80,7.22),(33041,2,2130,170,1,31.60,2555,72,'2009-06-23',1.80,5.64),(33042,2,1928,410,1,17.60,2556,72,'2010-01-11',1.80,7.23),(33043,2,2164,241,1,30.60,2557,72,'2009-05-20',1.80,6.27),(33044,2,0,346,1,19.40,2558,72,'2015-04-23',0.88,3.38),(33045,2,0,NULL,0,16.20,2559,72,'2015-04-23',NULL,NULL),(33046,2,2147,857,1,31.00,2560,72,'2009-06-06',1.80,8.56),(33047,2,2083,11,1,33.60,2562,72,'2009-08-09',1.80,0.72),(33048,2,1909,2278,1,19.00,2563,72,'2010-01-30',1.80,10.32),(33049,2,0,444,1,25.80,2564,72,'2015-04-23',0.88,3.60),(33050,2,1885,681,1,21.40,2565,72,'2010-02-23',1.80,8.14),(33051,2,1953,267,1,14.20,2566,72,'2009-12-17',1.80,6.46),(33052,2,2073,12,1,38.40,2567,72,'2009-08-19',1.80,0.87),(33053,2,2088,13,1,37.20,2568,72,'2009-08-04',1.80,1.02),(33054,2,1883,237,1,16.20,2569,72,'2010-02-25',1.80,6.24),(33055,2,2030,2,1,22.80,2570,72,'2009-10-01',1.80,0.00),(33056,2,2382,1008,1,22.40,2571,72,'2008-10-14',1.80,8.85),(33057,2,2091,614,1,34.60,2572,72,'2009-08-01',1.80,7.96),(33058,2,2094,NULL,0,20.40,2573,72,'2009-07-29',NULL,NULL),(33059,2,2141,1366,1,26.00,2574,72,'2009-06-12',1.80,9.40),(33060,2,2260,192,1,29.20,2575,72,'2009-02-13',1.80,5.86),(33061,2,2220,1022,1,17.40,2576,72,'2009-03-25',1.80,8.87),(33062,2,2243,15,1,22.60,2577,72,'2009-03-02',1.80,1.27),(33063,2,2160,226,1,29.00,2578,72,'2009-05-24',1.80,6.16),(33064,2,1982,446,1,33.40,2579,72,'2009-11-18',1.80,7.38),(33065,2,0,153,1,19.40,2580,72,'2015-04-23',0.88,2.67),(33066,2,2206,271,1,20.20,2581,72,'2009-04-08',1.80,6.48),(33067,2,2242,12,1,21.20,2582,72,'2009-03-03',1.80,0.87),(33068,2,2216,1168,1,23.00,2583,72,'2009-03-29',1.80,9.11),(33069,2,2026,131,1,41.60,2584,72,'2009-10-05',1.80,5.18),(33070,2,2041,110,1,23.60,2585,72,'2009-09-20',1.80,4.86),(33071,2,2325,171,1,25.20,2586,72,'2008-12-10',1.80,5.65),(33072,2,2246,67,1,27.40,2587,72,'2009-02-27',1.80,3.97),(33073,2,2106,14,1,28.40,2588,72,'2009-07-17',1.80,1.15),(33074,2,2622,365,1,13.00,2589,72,'2008-02-17',1.80,7.02),(33075,2,2070,351,1,32.80,2590,72,'2009-08-22',1.80,6.95),(33076,2,2019,28,1,44.80,2591,72,'2009-10-12',1.80,2.40),(33077,2,2459,387,1,19.60,2592,72,'2008-07-29',1.80,7.13),(33078,2,2150,337,1,33.20,2593,72,'2009-06-03',1.80,6.88),(33079,2,1866,343,1,21.00,2594,72,'2010-03-14',1.80,6.91),(33080,2,2061,95,1,41.40,2595,72,'2009-08-31',1.80,4.60),(33081,2,1859,152,1,20.40,2596,72,'2010-03-21',1.80,5.44),(33082,2,2275,23,1,22.80,2597,72,'2009-01-29',1.80,2.04),(33083,2,2471,216,1,23.60,2598,72,'2008-07-17',1.80,6.08),(33084,2,2233,608,1,16.00,2599,72,'2009-03-12',1.80,7.94),(33085,2,1860,109,1,18.60,2600,72,'2010-03-20',1.80,4.84),(33086,2,2192,13,1,43.00,2601,72,'2009-04-22',1.80,1.02),(33087,2,1964,1161,1,7.60,2602,72,'2009-12-06',1.80,9.10),(33088,2,2176,6,1,23.00,2603,72,'2009-05-08',1.80,0.00),(33089,2,2559,71,1,19.20,2604,72,'2008-04-20',1.80,4.07),(33090,2,2101,3,1,29.40,2605,72,'2009-07-22',1.80,0.00),(33091,2,1965,226,1,20.80,2606,72,'2009-12-05',1.80,6.16),(33092,2,1964,48,1,33.60,2607,72,'2009-12-06',1.80,3.37),(33093,2,0,61,1,28.80,2608,72,'2015-04-23',0.88,1.86),(33094,2,2134,116,1,17.60,2609,72,'2009-06-19',1.80,4.96),(33095,2,2193,64,1,19.40,2610,72,'2009-04-21',1.80,3.89),(33096,2,0,1287,1,35.80,2611,72,'2015-04-23',0.88,4.54),(33097,2,1989,103,1,48.00,2612,72,'2009-11-11',1.80,4.74),(33098,2,2099,897,1,33.40,2613,72,'2009-07-24',1.80,8.64),(33099,2,2155,1101,1,19.60,2614,72,'2009-05-29',1.80,9.01),(33100,2,2155,289,1,25.80,2615,72,'2009-05-29',1.80,6.60),(33101,2,1999,385,1,41.40,2616,72,'2009-11-01',1.80,7.12),(33102,2,0,863,1,31.80,2617,72,'2015-04-23',0.88,4.19),(33103,2,2177,107,1,21.40,2618,72,'2009-05-07',1.80,4.81),(33104,2,2030,467,1,24.40,2619,72,'2009-10-01',1.80,7.46),(33105,2,2024,81,1,37.40,2620,72,'2009-10-07',1.80,4.31),(33106,2,2210,8,1,31.40,2621,72,'2009-04-04',1.80,0.14),(33107,2,1854,157,1,21.20,2622,72,'2010-03-26',1.80,5.50),(33108,2,2181,172,1,33.60,2623,72,'2009-05-03',1.80,5.67),(33109,2,2198,1394,1,22.80,2624,72,'2009-04-16',1.80,9.43),(33110,2,2216,176,1,20.60,2625,72,'2009-03-29',1.80,5.71),(33111,2,2046,2427,1,33.60,2626,72,'2009-09-15',1.80,10.43),(33112,2,2163,148,1,34.80,2627,72,'2009-05-21',1.80,5.39),(33113,2,2012,197,1,31.80,2628,72,'2009-10-19',1.80,5.91),(33114,2,2106,173,1,26.60,2629,72,'2009-07-17',1.80,5.68),(33115,2,2125,58,1,23.20,2630,72,'2009-06-28',1.80,3.71),(33116,2,2123,2,1,35.20,2631,72,'2009-06-30',1.80,0.00),(33117,2,2200,330,1,27.00,2632,72,'2009-04-14',1.80,6.84),(33118,2,2129,1527,1,31.00,2633,72,'2009-06-24',1.80,9.60),(33119,2,2160,1726,1,38.00,2634,72,'2009-05-24',1.80,9.82),(33120,2,1864,70,1,15.40,2635,72,'2010-03-16',1.80,4.05),(33121,2,2050,53,1,31.80,2636,72,'2009-09-11',1.80,3.55),(33122,2,1859,2311,1,23.20,2637,72,'2010-03-21',1.80,10.34),(33123,2,2129,193,1,22.00,2638,72,'2009-06-24',1.80,5.87),(33124,2,2430,66,1,27.00,2639,72,'2008-08-27',1.80,3.94),(33125,1,2578,288,1,9.60,2640,72,'2008-04-01',0.52,1.90),(33126,2,2033,7,1,40.00,2641,72,'2009-09-28',1.80,0.00),(33127,2,1890,190,1,21.80,2642,72,'2010-02-18',1.80,5.84),(33128,2,1877,513,1,18.60,2643,72,'2010-03-03',1.80,7.63),(33129,2,2066,7,1,34.00,2644,72,'2009-08-26',1.80,0.00),(33130,2,2251,200,1,20.20,2645,72,'2009-02-22',1.80,5.94),(33131,2,0,363,1,19.00,2646,72,'2015-04-23',0.88,3.43),(33132,2,0,98,1,31.40,2647,72,'2015-04-23',0.88,2.27),(33133,2,2172,215,1,15.00,2648,72,'2009-05-12',1.80,6.07),(33134,2,2467,470,1,24.20,2649,72,'2008-07-21',1.80,7.47),(33135,2,1851,126,1,22.80,2650,72,'2010-03-29',1.80,5.11),(33136,2,2148,57,1,22.60,2651,72,'2009-06-05',1.80,3.68),(33137,2,2137,147,1,32.40,2652,72,'2009-06-16',1.80,5.38),(33138,2,1901,12,1,15.60,2653,72,'2010-02-07',1.80,0.87),(33139,2,2100,26,1,27.40,2654,72,'2009-07-23',1.80,2.26),(33140,2,2198,4,1,29.40,2655,72,'2009-04-16',1.80,0.00),(33141,2,0,3163,1,39.80,2656,72,'2015-04-23',0.88,5.33),(33142,2,2491,90,1,19.80,2657,72,'2008-06-27',1.80,4.50),(33143,2,2416,114,1,21.40,2658,72,'2008-09-10',1.80,4.93),(33144,2,2472,183,1,23.60,2659,72,'2008-07-16',1.80,5.78),(33145,2,2148,131,1,32.40,2660,72,'2009-06-05',1.80,5.18),(33146,2,2129,81,1,31.40,2661,72,'2009-06-24',1.80,4.31),(33147,2,2073,5,1,31.00,2662,72,'2009-08-19',1.80,0.00),(33148,2,2208,5,1,34.80,2663,72,'2009-04-06',1.80,0.00),(33149,2,1980,6,1,37.80,2664,72,'2009-11-20',1.80,0.00),(33150,2,2071,5,1,36.40,2665,72,'2009-08-21',1.80,0.00),(33151,2,2477,344,1,10.20,2666,72,'2008-07-11',1.80,6.91),(33152,2,2012,5,1,39.20,2667,72,'2009-10-19',1.80,0.00),(33153,2,2018,60,1,38.40,2668,72,'2009-10-13',1.80,3.77),(33154,2,2125,45,1,29.60,2669,72,'2009-06-28',1.80,3.25),(33155,2,1865,1624,1,19.40,2670,72,'2010-03-15',1.80,9.71),(33156,2,2078,48,1,31.60,2671,72,'2009-08-14',1.80,3.37),(33157,2,2011,13,1,38.20,2672,72,'2009-10-20',1.80,1.02),(33158,2,2008,51,1,41.00,2673,72,'2009-10-23',1.80,3.48),(33159,1,2567,152,1,11.00,2674,72,'2008-04-12',0.52,1.57),(33160,2,2175,95,1,32.80,2675,72,'2009-05-09',1.80,4.60),(33161,2,2176,6,1,21.80,2676,72,'2009-05-08',1.80,0.00),(33162,2,2147,236,1,34.80,2677,72,'2009-06-06',1.80,6.23),(33163,2,1867,210,1,9.20,2678,72,'2010-03-13',1.80,6.02),(33164,2,2031,51,1,45.40,2679,72,'2009-09-30',1.80,3.48),(33165,2,1902,31,1,17.20,2680,72,'2010-02-06',1.80,2.58),(33166,2,2040,330,1,41.00,2681,72,'2009-09-21',1.80,6.84),(33167,2,2124,295,1,22.60,2682,72,'2009-06-29',1.80,6.64),(33168,2,1850,1916,1,26.20,2683,72,'2010-03-30',1.80,10.00),(33169,2,2118,259,1,28.60,2684,72,'2009-07-05',1.80,6.40),(33170,1,2181,86,1,35.60,2685,72,'2009-05-03',0.52,1.28),(33171,2,2126,62,1,23.00,2686,72,'2009-06-27',1.80,3.83),(33172,2,2032,204,1,42.00,2687,72,'2009-09-29',1.80,5.97),(33173,2,2160,95,1,17.80,2688,72,'2009-05-24',1.80,4.60),(33174,2,2191,200,1,27.40,2689,72,'2009-04-23',1.80,5.94),(33175,2,2019,107,1,36.60,2690,72,'2009-10-12',1.80,4.81),(33176,2,2178,61,1,34.60,2691,72,'2009-05-06',1.80,3.80),(33177,2,1929,1773,1,13.40,2692,72,'2010-01-10',1.80,9.86),(33178,2,2173,53,1,21.40,2693,72,'2009-05-11',1.80,3.55),(33179,2,2133,56,1,30.00,2694,72,'2009-06-20',1.80,3.65),(33180,1,2483,222,1,14.60,2695,72,'2008-07-05',0.52,1.77),(33181,2,2469,4,1,20.80,2696,72,'2008-07-19',1.80,0.00),(33182,2,1898,188,1,12.60,2697,72,'2010-02-10',1.80,5.83),(33183,2,2177,71,1,24.00,2698,72,'2009-05-07',1.80,4.07),(33184,2,2164,91,1,28.20,2699,72,'2009-05-20',1.80,4.52),(33185,2,2127,132,1,24.40,2701,72,'2009-06-26',1.80,5.19),(33186,2,2175,192,1,25.20,2702,72,'2009-05-09',1.80,5.86),(33187,1,2576,118,1,22.60,2703,72,'2008-04-03',0.52,1.44),(33188,1,2550,90,1,13.00,2704,72,'2008-04-29',0.52,1.30),(33189,2,2030,431,1,31.40,2705,72,'2009-10-01',1.80,7.32),(33190,2,2056,15,1,19.40,2706,72,'2009-09-05',1.80,1.27),(33191,2,1989,67,1,12.60,2707,72,'2009-11-11',1.80,3.97),(33192,2,1863,210,1,32.60,2708,72,'2010-03-17',1.80,6.02),(33193,2,2195,12,1,30.40,2709,72,'2009-04-19',1.80,0.87),(33194,2,2045,78,1,33.20,2710,72,'2009-09-16',1.80,4.24),(33195,1,2325,1205,1,20.40,2711,72,'2008-12-10',0.52,2.65),(33196,2,2083,14,1,25.80,2712,72,'2009-08-09',1.80,1.15),(33197,2,1970,412,1,37.20,2713,72,'2009-11-30',1.80,7.24),(33198,1,2403,62,1,10.00,2714,72,'2008-09-23',0.52,1.11),(33199,2,1979,527,1,29.00,2715,72,'2009-11-21',1.80,7.68),(33200,1,2042,3350,1,32.80,2716,72,'2009-09-19',0.52,3.18),(33201,1,2188,128,1,25.60,2717,72,'2009-04-26',0.52,1.48),(33202,1,2305,56,1,25.00,2718,72,'2008-12-30',0.52,1.05),(33203,2,2059,128,1,36.00,2719,72,'2009-09-02',1.80,5.13),(33204,2,1956,462,1,36.20,2721,72,'2009-12-14',1.80,7.44),(33205,2,2014,514,1,36.80,2722,72,'2009-10-17',1.80,7.64),(33206,2,2056,7,1,33.00,2723,72,'2009-09-05',1.80,0.00),(33207,1,2403,56,1,20.60,2724,72,'2008-09-23',0.52,1.05),(33208,2,1844,1623,1,16.20,2725,72,'2010-04-05',1.80,9.71),(33209,1,2332,941,1,21.60,2726,72,'2008-12-03',0.52,2.52),(33210,2,1952,4,1,28.00,2727,72,'2009-12-18',1.80,0.00),(33211,2,1965,121,1,23.60,2728,72,'2009-12-05',1.80,5.03),(33212,1,2401,298,1,21.40,2729,72,'2008-09-25',0.52,1.92),(33213,1,2379,133,1,18.40,2730,72,'2008-10-17',0.52,1.50),(33214,1,2398,2,1,24.40,2731,72,'2008-09-28',0.52,0.00),(33215,1,2333,14,1,19.60,2732,72,'2008-12-02',0.52,0.33),(33216,2,1891,212,1,9.40,2733,72,'2010-02-17',1.80,6.04),(33217,1,2411,123,1,15.00,2734,72,'2008-09-15',0.52,1.46),(33218,2,2029,4,1,32.00,2735,72,'2009-10-02',1.80,0.00),(33219,2,1987,NULL,0,24.00,2736,72,'2009-11-13',NULL,NULL),(33220,1,2104,116,1,27.20,2737,72,'2009-07-19',0.52,1.43),(33221,1,2405,223,1,23.80,2738,72,'2008-09-21',0.52,1.77),(33222,1,2423,135,1,24.20,2739,72,'2008-09-03',0.52,1.51),(33223,1,1980,10,1,20.20,2740,72,'2009-11-20',0.52,0.16),(33224,2,1958,164,1,25.60,2741,72,'2009-12-12',1.80,5.58),(33225,1,2398,185,1,26.20,2742,72,'2008-09-28',0.52,1.67),(33226,1,2218,10,1,23.60,2743,72,'2009-03-27',0.52,0.16),(33227,2,1974,61,1,32.80,2744,72,'2009-11-26',1.80,3.80),(33228,1,2194,102,1,24.00,2745,72,'2009-04-20',0.52,1.36),(33229,1,2178,126,1,17.00,2746,72,'2009-05-06',0.52,1.47),(33230,2,2003,11,1,17.80,2747,72,'2009-10-28',1.80,0.72),(33231,2,1859,154,1,20.80,2748,72,'2010-03-21',1.80,5.47),(33232,1,2357,92,1,33.60,2749,72,'2008-11-08',0.52,1.31),(33233,1,2218,6,1,23.20,2750,72,'2009-03-27',0.52,0.00),(33234,2,1986,3,1,29.40,2751,72,'2009-11-14',1.80,0.00),(33235,1,2218,89,1,15.60,2752,72,'2009-03-27',0.52,1.29),(33236,1,2229,12,1,15.00,2753,72,'2009-03-16',0.52,0.25),(33237,2,1902,723,1,23.00,2754,72,'2010-02-06',1.80,8.25),(33238,1,2222,9,1,20.60,2755,72,'2009-03-23',0.52,0.10),(33239,1,2349,485,1,11.20,2756,72,'2008-11-16',0.52,2.18),(33240,1,1961,607,1,10.40,2757,72,'2009-12-09',0.52,2.29),(33241,2,1862,457,1,15.40,2758,72,'2010-03-18',1.80,7.42),(33242,1,2219,600,1,22.60,2759,72,'2009-03-26',0.52,2.29),(33243,1,2234,110,1,29.60,2760,72,'2009-03-11',0.52,1.40),(33244,1,2176,5,1,25.20,2761,72,'2009-05-08',0.52,0.00),(33245,1,2121,73,1,32.40,2762,72,'2009-07-02',0.52,1.19),(33246,1,2214,54,1,23.40,2763,72,'2009-03-31',0.52,1.03),(33247,1,2231,312,1,18.20,2764,72,'2009-03-14',0.52,1.95),(33248,1,2232,6,1,29.80,2765,72,'2009-03-13',0.52,0.00),(33249,1,2229,2,1,23.00,2766,72,'2009-03-16',0.52,0.00),(33250,2,1849,4,1,21.40,2767,72,'2010-03-31',1.80,0.00),(33251,1,2218,128,1,25.40,2768,72,'2009-03-27',0.52,1.48),(33252,1,2227,4,1,22.00,2769,72,'2009-03-18',0.52,0.00),(33253,2,1844,52,1,25.60,2770,72,'2010-04-05',1.80,3.51),(33254,1,2223,285,1,29.40,2771,72,'2009-03-22',0.52,1.90),(33255,1,2379,3,1,23.20,2772,72,'2008-10-17',0.52,0.00),(33256,1,2218,52,1,22.20,2773,72,'2009-03-27',0.52,1.01),(33257,2,1859,157,1,24.80,2774,72,'2010-03-21',1.80,5.50),(33258,1,2216,182,1,26.00,2775,72,'2009-03-29',0.52,1.67),(33259,1,2211,1155,1,18.40,2776,72,'2009-04-03',0.52,2.63),(33260,1,2207,11,1,23.80,2777,72,'2009-04-07',0.52,0.21),(33261,1,2223,292,1,30.80,2778,72,'2009-03-22',0.52,1.91),(33262,1,2202,51,1,26.40,2779,72,'2009-04-12',0.52,1.00),(33263,1,2224,8,1,23.80,2780,72,'2009-03-21',0.52,0.04),(33264,1,2155,9,1,20.00,2781,72,'2009-05-29',0.52,0.10),(33265,1,2065,281,1,36.00,2782,72,'2009-08-27',0.52,1.89),(33266,1,2205,83,1,27.80,2783,72,'2009-04-09',0.52,1.26),(33267,1,2066,417,1,32.60,2784,72,'2009-08-26',0.52,2.10),(33268,1,2226,1,1,19.80,2785,72,'2009-03-19',0.52,0.00),(33269,1,2206,102,1,23.00,2786,72,'2009-04-08',0.52,1.36),(33270,1,2212,375,1,24.20,2787,72,'2009-04-02',0.52,2.04),(33271,1,2200,1927,1,17.40,2788,72,'2009-04-14',0.52,2.89),(33272,2,1864,246,1,18.00,2789,72,'2010-03-16',1.80,6.31),(33273,2,1846,4,1,29.20,2790,72,'2010-04-03',1.80,0.00),(33274,1,2113,8,1,24.00,2791,72,'2009-07-10',0.52,0.04),(33275,1,2160,78,1,30.00,2792,72,'2009-05-24',0.52,1.23),(33276,1,2042,191,1,21.20,2793,72,'2009-09-19',0.52,1.69),(33277,1,2014,8,1,26.00,2794,72,'2009-10-17',0.52,0.04),(33278,1,2102,89,1,25.20,2795,72,'2009-07-21',0.52,1.29),(33279,1,2229,25,1,22.00,2796,72,'2009-03-16',0.52,0.63),(33280,1,2218,102,1,10.60,2797,72,'2009-03-27',0.52,1.36),(33281,1,2084,178,1,24.40,2798,72,'2009-08-08',0.52,1.65),(33282,1,2184,49,1,24.80,2799,72,'2009-04-30',0.52,0.98),(33283,2,1850,53,1,25.60,2800,72,'2010-03-30',1.80,3.55),(33284,1,2198,58,1,23.60,2801,72,'2009-04-16',0.52,1.07),(33285,1,2017,99,1,30.60,2802,72,'2009-10-14',0.52,1.35),(33286,1,2212,6,1,21.20,2803,72,'2009-04-02',0.52,0.00),(33287,1,2028,3,1,30.40,2804,72,'2009-10-03',0.52,0.00),(33288,1,2222,6,1,18.60,2805,72,'2009-03-23',0.52,0.00),(33289,1,2228,7,1,35.40,2806,72,'2009-03-17',0.52,0.00),(33290,1,2037,570,1,30.00,2807,72,'2009-09-24',0.52,2.26),(33291,1,2210,NULL,0,26.00,2808,72,'2009-04-04',NULL,NULL),(33292,1,2121,55,1,24.80,2809,72,'2009-07-02',0.52,1.04),(33293,1,2218,3,1,29.40,2810,72,'2009-03-27',0.52,0.00),(33294,2,1894,531,1,20.80,2811,72,'2010-02-14',1.80,7.69),(33295,1,2102,225,1,24.60,2812,72,'2009-07-21',0.52,1.78),(33296,1,2216,49,1,25.20,2813,72,'2009-03-29',0.52,0.98),(33297,2,1860,3,1,22.80,2814,72,'2010-03-20',1.80,0.00),(33298,1,2205,9,1,26.20,2815,72,'2009-04-09',0.52,0.10),(33299,1,2207,3,1,27.40,2816,72,'2009-04-07',0.52,0.00),(33300,1,2056,166,1,33.80,2817,72,'2009-09-05',0.52,1.62),(33301,1,2130,217,1,29.20,2818,72,'2009-06-23',0.52,1.76),(33302,1,2049,16,1,33.80,2819,72,'2009-09-12',0.52,0.40),(33303,1,2212,6,1,22.00,2820,72,'2009-04-02',0.52,0.00),(33304,1,2103,83,1,26.80,2821,72,'2009-07-20',0.52,1.26),(33305,1,2113,63,1,26.40,2822,72,'2009-07-10',0.52,1.11),(33306,1,2111,6,1,21.00,2823,72,'2009-07-12',0.52,0.00),(33307,1,2105,6,1,20.60,2824,72,'2009-07-18',0.52,0.00),(33308,1,2033,205,1,17.00,2825,72,'2009-09-28',0.52,1.73),(33309,1,1974,109,1,29.40,2826,72,'2009-11-26',0.52,1.40),(33310,1,2066,121,1,25.60,2827,72,'2009-08-26',0.52,1.45),(33311,1,2208,49,1,26.40,2828,72,'2009-04-06',0.52,0.98),(33312,1,2074,253,1,26.80,2829,72,'2009-08-18',0.52,1.84),(33313,1,2066,76,1,23.20,2830,72,'2009-08-26',0.52,1.21),(33314,1,2066,57,1,22.80,2831,72,'2009-08-26',0.52,1.06),(33315,1,2033,416,1,25.60,2832,72,'2009-09-28',0.52,2.10),(33316,1,2134,55,1,12.60,2833,72,'2009-06-19',0.52,1.04),(33317,1,2091,259,1,19.40,2834,72,'2009-08-01',0.52,1.85),(33318,1,1986,108,1,28.00,2835,72,'2009-11-14',0.52,1.39),(33319,1,2099,559,1,18.00,2836,72,'2009-07-24',0.52,2.25),(33320,1,0,13,1,24.60,2837,72,'2015-04-23',0.49,0.28),(33321,1,0,NULL,0,21.00,2838,72,'2015-04-23',NULL,NULL),(33322,1,2027,475,1,27.60,2840,72,'2009-10-04',0.52,2.16),(33323,2,0,282,1,31.20,2842,72,'2015-04-23',0.88,3.20),(33324,2,0,1278,1,16.80,2843,72,'2015-04-23',0.88,4.53),(33325,2,2190,11,1,33.80,2844,72,'2009-04-24',1.80,0.72),(33326,2,0,10,1,23.20,2845,72,'2015-04-23',0.88,0.27),(33327,2,1951,NULL,0,25.53,2478,72,'2009-12-19',NULL,NULL),(33328,2,2040,NULL,0,25.53,2521,72,'2009-09-21',NULL,NULL),(33329,2,1965,NULL,0,25.53,2546,72,'2009-12-05',NULL,NULL),(33330,2,2202,NULL,0,25.53,2561,72,'2009-04-12',NULL,NULL),(33331,1,2566,NULL,0,23.55,2700,72,'2008-04-13',NULL,NULL),(33332,2,1951,NULL,0,25.53,2720,72,'2009-12-19',NULL,NULL),(33333,1,2075,NULL,0,23.55,2839,72,'2009-08-17',NULL,NULL),(33334,1,2029,NULL,0,23.55,2841,72,'2009-10-02',NULL,NULL),(33915,2,0,4940,0,2323.00,1,70,'2015-03-18',NULL,NULL),(33916,2,0,844,0,2323.00,2,70,'2015-03-18',NULL,NULL),(33917,2,0,1909,0,2323.00,3,70,'2015-03-18',NULL,NULL),(33918,2,0,559,0,2323.00,4,70,'2015-03-18',NULL,NULL),(33919,2,0,720,0,2323.00,5,70,'2015-03-18',NULL,NULL),(33920,2,0,707,0,2323.00,6,70,'2015-03-18',NULL,NULL),(33921,2,0,1664,0,2323.00,7,70,'2015-03-18',NULL,NULL),(33922,2,0,351,0,2323.00,8,70,'2015-03-18',NULL,NULL),(33923,2,0,343,0,2323.00,9,70,'2015-03-18',NULL,NULL),(33924,2,0,444,0,2323.00,10,70,'2015-03-18',NULL,NULL),(33925,2,0,102,0,2323.00,11,70,'2015-03-18',NULL,NULL),(33926,2,0,844,1,2323.00,12,70,'2015-03-18',0.88,4.17),(33927,2,0,1105,0,2323.00,13,70,'2015-03-18',NULL,NULL),(33928,2,0,231,0,2323.00,14,70,'2015-03-18',NULL,NULL),(33929,2,0,213,0,2323.00,15,70,'2015-03-18',NULL,NULL),(33930,2,0,317,0,2323.00,16,70,'2015-03-18',NULL,NULL),(33931,2,0,2060,0,2323.00,17,70,'2015-03-18',NULL,NULL),(33932,2,0,814,0,2323.00,18,70,'2015-03-18',NULL,NULL),(33933,2,0,1383,0,2323.00,19,70,'2015-03-18',NULL,NULL),(33934,2,0,207,0,2323.00,20,70,'2015-03-18',NULL,NULL),(33935,1,0,1348,0,2323.00,21,70,'2015-03-18',NULL,NULL),(33936,2,0,137,0,2323.00,22,70,'2015-03-18',NULL,NULL),(33937,2,0,4762,0,2323.00,23,70,'2015-03-18',NULL,NULL),(33938,1,0,97,0,2323.00,24,70,'2015-03-18',NULL,NULL),(33939,1,0,397,0,2323.00,25,70,'2015-03-18',NULL,NULL),(33940,1,0,60,0,2323.00,26,70,'2015-03-18',NULL,NULL),(33941,2,0,384,0,2323.00,45,70,'2015-03-18',NULL,NULL),(33942,2,0,581,0,2323.00,27,70,'2015-03-18',NULL,NULL),(33943,2,0,641,0,2323.00,28,70,'2015-03-18',NULL,NULL),(33944,2,0,150,0,2323.00,29,70,'2015-03-18',NULL,NULL),(33945,2,0,141,0,2323.00,30,70,'2015-03-18',NULL,NULL),(33946,2,0,3587,0,2323.00,31,70,'2015-03-18',NULL,NULL),(33947,1,0,364,0,2323.00,32,70,'2015-03-18',NULL,NULL),(33948,2,0,198,0,2323.00,33,70,'2015-03-18',NULL,NULL),(33949,2,0,844,1,2323.00,34,70,'2015-03-18',0.88,4.17),(33950,2,0,1134,0,2323.00,35,70,'2015-03-18',NULL,NULL),(33951,1,0,717,0,2323.00,36,70,'2015-03-18',NULL,NULL),(33952,2,0,128,0,2323.00,37,70,'2015-03-18',NULL,NULL),(33953,2,0,2596,0,2323.00,38,70,'2015-03-18',NULL,NULL),(33954,1,0,167,0,2323.00,39,70,'2015-03-18',NULL,NULL),(33955,2,0,844,1,2323.00,40,70,'2015-03-18',0.88,4.17),(33956,1,0,34,0,2323.00,41,70,'2015-03-18',NULL,NULL),(33957,1,0,1655,0,2323.00,42,70,'2015-03-18',NULL,NULL),(33958,1,0,1774,0,2323.00,43,70,'2015-03-18',NULL,NULL),(33959,1,0,107,0,2323.00,44,70,'2015-03-18',NULL,NULL),(33960,1,0,728,0,2323.00,47,70,'2015-03-18',NULL,NULL),(34753,2,1935,1004,1,24.60,1227,77,'2009-09-01',1.80,8.84),(34754,2,2280,188,1,17.00,1228,77,'2008-09-21',1.80,5.83),(34755,2,2078,3415,1,19.00,1229,77,'2009-04-11',1.80,11.04),(34756,2,2397,312,1,15.80,1230,77,'2008-05-27',1.80,6.74),(34757,2,1726,NULL,0,14.00,1231,77,'2010-03-29',NULL,NULL),(34758,2,1892,71,1,29.20,1232,77,'2009-10-14',1.80,4.07),(34759,2,1946,15,1,28.00,1233,77,'2009-08-21',1.80,1.27),(34760,2,2056,60,1,15.20,1234,77,'2009-05-03',1.80,3.77),(34761,2,1770,115,1,14.00,1235,77,'2010-02-13',1.80,4.94),(34762,2,2347,2245,1,11.20,1236,77,'2008-07-16',1.80,10.29),(34763,2,2091,84,1,31.60,1237,77,'2009-03-29',1.80,4.38),(34764,2,2164,533,1,9.40,1238,77,'2009-01-15',1.80,7.70),(34765,2,1870,403,1,24.60,1239,77,'2009-11-05',1.80,7.20),(34766,2,2119,100,1,15.40,1240,77,'2009-03-01',1.80,4.69),(34767,2,2052,NULL,0,19.80,1241,77,'2009-05-07',NULL,NULL),(34768,2,2340,419,1,17.40,1242,77,'2008-07-23',1.80,7.27),(34769,2,2071,671,1,24.00,1243,77,'2009-04-18',1.80,8.12),(34770,2,2121,546,1,23.40,1244,77,'2009-02-27',1.80,7.74),(34771,2,2068,175,1,24.60,1245,77,'2009-04-21',1.80,5.70),(34772,2,2042,216,1,22.40,1246,77,'2009-05-17',1.80,6.08),(34773,2,2051,1526,1,17.20,1247,77,'2009-05-08',1.80,9.59),(34774,2,2207,139,1,8.60,1248,77,'2008-12-03',1.80,5.28),(34775,2,1856,3145,1,25.00,1249,77,'2009-11-19',1.80,10.90),(34776,2,2023,73,1,19.60,1250,77,'2009-06-05',1.80,4.12),(34777,2,2329,228,1,25.60,1251,77,'2008-08-03',1.80,6.17),(34778,2,2059,1441,1,24.40,1252,77,'2009-04-30',1.80,9.49),(34779,2,1833,251,1,18.20,1253,77,'2009-12-12',1.80,6.35),(34780,2,2046,259,1,23.20,1254,77,'2009-05-13',1.80,6.40),(34781,2,2080,168,1,29.20,1256,77,'2009-04-09',1.80,5.62),(34782,2,2195,608,1,20.40,1257,77,'2008-12-15',1.80,7.94),(34783,2,2060,133,1,27.00,1258,77,'2009-04-29',1.80,5.20),(34784,2,2448,228,1,20.20,1259,77,'2008-04-06',1.80,6.17),(34785,2,1753,2305,1,27.20,1260,77,'2010-03-02',1.80,10.34),(34786,2,1739,741,1,14.60,1261,77,'2010-03-16',1.80,8.29),(34787,2,0,600,1,14.20,1262,77,'2014-12-19',0.88,3.87),(34788,2,2079,238,1,23.80,1263,77,'2009-04-10',1.80,6.25),(34789,2,2339,260,1,21.60,1264,77,'2008-07-24',1.80,6.41),(34790,2,1993,1755,1,15.20,1265,77,'2009-07-05',1.80,9.85),(34791,2,0,1287,1,25.00,1266,77,'2014-12-19',0.88,4.54),(34792,2,2423,453,1,15.00,1267,77,'2008-05-01',1.80,7.41),(34793,2,2066,93,1,30.20,1268,77,'2009-04-23',1.80,4.56),(34794,2,2028,68,1,18.80,1269,77,'2009-05-31',1.80,4.00),(34795,2,1762,3645,1,14.20,1270,77,'2010-02-21',1.80,11.16),(34796,2,2258,1190,1,22.20,1271,77,'2008-10-13',1.80,9.15),(34797,2,2108,127,1,19.40,1272,77,'2009-03-12',1.80,5.12),(34798,2,2197,1264,1,17.40,1273,77,'2008-12-13',1.80,9.26),(34799,2,0,426,1,31.60,1274,77,'2014-12-19',0.88,3.57),(34800,2,2056,1476,1,29.40,1275,77,'2009-05-03',1.80,9.53),(34801,2,1909,86,1,36.20,1276,77,'2009-09-27',1.80,4.42),(34802,2,2491,529,1,11.60,1277,77,'2008-02-23',1.80,7.69),(34803,2,2111,335,1,24.00,1278,77,'2009-03-09',1.80,6.87),(34804,2,2086,133,1,17.00,1279,77,'2009-04-03',1.80,5.20),(34805,2,2493,324,1,26.40,1280,77,'2008-02-21',1.80,6.81),(34806,2,2007,2883,1,29.40,1281,77,'2009-06-21',1.80,10.74),(34807,2,2048,42,1,26.60,1282,77,'2009-05-11',1.80,3.13),(34808,2,2102,70,1,22.80,1283,77,'2009-03-18',1.80,4.05),(34809,2,2308,224,1,17.80,1284,77,'2008-08-24',1.80,6.14),(34810,2,2197,187,1,23.00,1285,77,'2008-12-13',1.80,5.82),(34811,2,0,1049,1,14.00,1286,77,'2014-12-19',0.88,4.36),(34812,2,2009,150,1,29.60,1287,77,'2009-06-19',1.80,5.42),(34813,2,2318,643,1,26.60,1288,77,'2008-08-14',1.80,8.04),(34814,2,2056,167,1,25.20,1289,77,'2009-05-03',1.80,5.61),(34815,2,2073,4,1,33.40,1290,77,'2009-04-16',1.80,0.00),(34816,2,2086,8,1,24.60,1291,77,'2009-04-03',1.80,0.14),(34817,2,0,68,1,24.60,1292,77,'2014-12-19',0.88,1.95),(34818,2,2402,473,1,27.40,1293,77,'2008-05-22',1.80,7.49),(34819,2,1989,521,1,31.80,1294,77,'2009-07-09',1.80,7.66),(34820,2,2051,590,1,30.00,1295,77,'2009-05-08',1.80,7.88),(34821,2,1726,488,1,21.00,1296,77,'2010-03-29',1.80,7.54),(34822,2,1768,259,1,17.00,1297,77,'2010-02-15',1.80,6.40),(34823,2,1804,206,1,30.20,1299,77,'2010-01-10',1.80,5.99),(34824,2,2080,432,1,17.00,1300,77,'2009-04-09',1.80,7.32),(34825,2,2121,2563,1,26.20,1301,77,'2009-02-27',1.80,10.53),(34826,2,1731,113,1,20.20,1302,77,'2010-03-24',1.80,4.91),(34827,2,1851,150,1,37.20,1303,77,'2009-11-24',1.80,5.42),(34828,2,2048,1209,1,25.60,1304,77,'2009-05-11',1.80,9.18),(34829,2,1888,8,1,25.00,1305,77,'2009-10-18',1.80,0.14),(34830,2,2041,381,1,25.80,1306,77,'2009-05-18',1.80,7.10),(34831,2,2114,2410,1,24.00,1307,77,'2009-03-06',1.80,10.42),(34832,2,2007,101,1,33.20,1308,77,'2009-06-21',1.80,4.71),(34833,2,2360,538,1,24.80,1309,77,'2008-07-03',1.80,7.72),(34834,2,0,1589,1,4.80,1310,77,'2014-12-19',0.88,4.73),(34835,2,2042,13,1,29.80,1311,77,'2009-05-17',1.80,1.02),(34836,2,2118,230,1,25.20,1312,77,'2009-03-02',1.80,6.19),(34837,2,1907,286,1,19.20,1313,77,'2009-09-29',1.80,6.58),(34838,2,2349,379,1,22.00,1314,77,'2008-07-14',1.80,7.09),(34839,2,1958,297,1,30.00,1315,77,'2009-08-09',1.80,6.65),(34840,2,2130,155,1,22.80,1316,77,'2009-02-18',1.80,5.48),(34841,2,2119,725,1,16.20,1317,77,'2009-03-01',1.80,8.26),(34842,2,1734,10,1,34.20,1318,77,'2010-03-21',1.80,0.54),(34843,2,2136,138,1,29.00,1319,77,'2009-02-12',1.80,5.27),(34844,2,1946,190,1,38.80,1320,77,'2009-08-21',1.80,5.84),(34845,2,1994,344,1,33.20,1321,77,'2009-07-04',1.80,6.91),(34846,2,1950,1992,1,26.00,1322,77,'2009-08-17',1.80,10.07),(34847,2,2095,77,1,30.20,1324,77,'2009-03-25',1.80,4.22),(34848,2,2355,3054,1,18.40,1325,77,'2008-07-08',1.80,10.84),(34849,2,1829,1240,1,33.00,1326,77,'2009-12-16',1.80,9.22),(34850,2,2452,169,1,15.60,1327,77,'2008-04-02',1.80,5.63),(34851,2,2052,181,1,24.00,1328,77,'2009-05-07',1.80,5.76),(34852,2,1996,121,1,43.60,1329,77,'2009-07-02',1.80,5.03),(34853,2,1900,4,1,42.80,1330,77,'2009-10-06',1.80,0.00),(34854,2,2521,409,1,17.00,1331,77,'2008-01-24',1.80,7.22),(34855,2,2005,170,1,31.60,1332,77,'2009-06-23',1.80,5.64),(34856,2,1803,410,1,17.60,1333,77,'2010-01-11',1.80,7.23),(34857,2,2039,241,1,30.60,1334,77,'2009-05-20',1.80,6.27),(34858,2,0,346,1,19.40,1335,77,'2014-12-19',0.88,3.38),(34859,2,0,NULL,0,16.20,1336,77,'2014-12-19',NULL,NULL),(34860,2,2022,857,1,31.00,1337,77,'2009-06-06',1.80,8.56),(34861,2,1958,11,1,33.60,1339,77,'2009-08-09',1.80,0.72),(34862,2,1784,2278,1,19.00,1340,77,'2010-01-30',1.80,10.32),(34863,2,0,444,1,25.80,1341,77,'2014-12-19',0.88,3.60),(34864,2,1760,681,1,21.40,1342,77,'2010-02-23',1.80,8.14),(34865,2,1828,267,1,14.20,1343,77,'2009-12-17',1.80,6.46),(34866,2,1948,12,1,38.40,1344,77,'2009-08-19',1.80,0.87),(34867,2,1963,13,1,37.20,1345,77,'2009-08-04',1.80,1.02),(34868,2,1758,237,1,16.20,1346,77,'2010-02-25',1.80,6.24),(34869,2,1905,2,1,22.80,1347,77,'2009-10-01',1.80,0.00),(34870,2,2257,1008,1,22.40,1348,77,'2008-10-14',1.80,8.85),(34871,2,1966,614,1,34.60,1349,77,'2009-08-01',1.80,7.96),(34872,2,1969,NULL,0,20.40,1350,77,'2009-07-29',NULL,NULL),(34873,2,2016,1366,1,26.00,1351,77,'2009-06-12',1.80,9.40),(34874,2,2135,192,1,29.20,1352,77,'2009-02-13',1.80,5.86),(34875,2,2095,1022,1,17.40,1353,77,'2009-03-25',1.80,8.87),(34876,2,2118,15,1,22.60,1354,77,'2009-03-02',1.80,1.27),(34877,2,2035,226,1,29.00,1355,77,'2009-05-24',1.80,6.16),(34878,2,1857,446,1,33.40,1356,77,'2009-11-18',1.80,7.38),(34879,2,0,153,1,19.40,1357,77,'2014-12-19',0.88,2.67),(34880,2,2081,271,1,20.20,1358,77,'2009-04-08',1.80,6.48),(34881,2,2117,12,1,21.20,1359,77,'2009-03-03',1.80,0.87),(34882,2,2091,1168,1,23.00,1360,77,'2009-03-29',1.80,9.11),(34883,2,1901,131,1,41.60,1361,77,'2009-10-05',1.80,5.18),(34884,2,1916,110,1,23.60,1362,77,'2009-09-20',1.80,4.86),(34885,2,2200,171,1,25.20,1363,77,'2008-12-10',1.80,5.65),(34886,2,2121,67,1,27.40,1364,77,'2009-02-27',1.80,3.97),(34887,2,1981,14,1,28.40,1365,77,'2009-07-17',1.80,1.15),(34888,2,2497,365,1,13.00,1366,77,'2008-02-17',1.80,7.02),(34889,2,1945,351,1,32.80,1367,77,'2009-08-22',1.80,6.95),(34890,2,1894,28,1,44.80,1368,77,'2009-10-12',1.80,2.40),(34891,2,2334,387,1,19.60,1369,77,'2008-07-29',1.80,7.13),(34892,2,2025,337,1,33.20,1370,77,'2009-06-03',1.80,6.88),(34893,2,1741,343,1,21.00,1371,77,'2010-03-14',1.80,6.91),(34894,2,1936,95,1,41.40,1372,77,'2009-08-31',1.80,4.60),(34895,2,1734,152,1,20.40,1373,77,'2010-03-21',1.80,5.44),(34896,2,2150,23,1,22.80,1374,77,'2009-01-29',1.80,2.04),(34897,2,2346,216,1,23.60,1375,77,'2008-07-17',1.80,6.08),(34898,2,2108,608,1,16.00,1376,77,'2009-03-12',1.80,7.94),(34899,2,1735,109,1,18.60,1377,77,'2010-03-20',1.80,4.84),(34900,2,2067,13,1,43.00,1378,77,'2009-04-22',1.80,1.02),(34901,2,1839,1161,1,7.60,1379,77,'2009-12-06',1.80,9.10),(34902,2,2051,6,1,23.00,1380,77,'2009-05-08',1.80,0.00),(34903,2,2434,71,1,19.20,1381,77,'2008-04-20',1.80,4.07),(34904,2,1976,3,1,29.40,1382,77,'2009-07-22',1.80,0.00),(34905,2,1840,226,1,20.80,1383,77,'2009-12-05',1.80,6.16),(34906,2,1839,48,1,33.60,1384,77,'2009-12-06',1.80,3.37),(34907,2,0,61,1,28.80,1385,77,'2014-12-19',0.88,1.86),(34908,2,2009,116,1,17.60,1386,77,'2009-06-19',1.80,4.96),(34909,2,2068,64,1,19.40,1387,77,'2009-04-21',1.80,3.89),(34910,2,0,1287,1,35.80,1388,77,'2014-12-19',0.88,4.54),(34911,2,1864,103,1,48.00,1389,77,'2009-11-11',1.80,4.74),(34912,2,1974,897,1,33.40,1390,77,'2009-07-24',1.80,8.64),(34913,2,2030,1101,1,19.60,1391,77,'2009-05-29',1.80,9.01),(34914,2,2030,289,1,25.80,1392,77,'2009-05-29',1.80,6.60),(34915,2,1874,385,1,41.40,1393,77,'2009-11-01',1.80,7.12),(34916,2,0,863,1,31.80,1394,77,'2014-12-19',0.88,4.19),(34917,2,2052,107,1,21.40,1395,77,'2009-05-07',1.80,4.81),(34918,2,1905,467,1,24.40,1396,77,'2009-10-01',1.80,7.46),(34919,2,1899,81,1,37.40,1397,77,'2009-10-07',1.80,4.31),(34920,2,2085,8,1,31.40,1398,77,'2009-04-04',1.80,0.14),(34921,2,1729,157,1,21.20,1399,77,'2010-03-26',1.80,5.50),(34922,2,2056,172,1,33.60,1400,77,'2009-05-03',1.80,5.67),(34923,2,2073,1394,1,22.80,1401,77,'2009-04-16',1.80,9.43),(34924,2,2091,176,1,20.60,1402,77,'2009-03-29',1.80,5.71),(34925,2,1921,2427,1,33.60,1403,77,'2009-09-15',1.80,10.43),(34926,2,2038,148,1,34.80,1404,77,'2009-05-21',1.80,5.39),(34927,2,1887,197,1,31.80,1405,77,'2009-10-19',1.80,5.91),(34928,2,1981,173,1,26.60,1406,77,'2009-07-17',1.80,5.68),(34929,2,2000,58,1,23.20,1407,77,'2009-06-28',1.80,3.71),(34930,2,1998,2,1,35.20,1408,77,'2009-06-30',1.80,0.00),(34931,2,2075,330,1,27.00,1409,77,'2009-04-14',1.80,6.84),(34932,2,2004,1527,1,31.00,1410,77,'2009-06-24',1.80,9.60),(34933,2,2035,1726,1,38.00,1411,77,'2009-05-24',1.80,9.82),(34934,2,1739,70,1,15.40,1412,77,'2010-03-16',1.80,4.05),(34935,2,1925,53,1,31.80,1413,77,'2009-09-11',1.80,3.55),(34936,2,1734,2311,1,23.20,1414,77,'2010-03-21',1.80,10.34),(34937,2,2004,193,1,22.00,1415,77,'2009-06-24',1.80,5.87),(34938,2,2305,66,1,27.00,1416,77,'2008-08-27',1.80,3.94),(34939,1,2453,288,1,9.60,1417,77,'2008-04-01',0.52,1.90),(34940,2,1908,7,1,40.00,1418,77,'2009-09-28',1.80,0.00),(34941,2,1765,190,1,21.80,1419,77,'2010-02-18',1.80,5.84),(34942,2,1752,513,1,18.60,1420,77,'2010-03-03',1.80,7.63),(34943,2,1941,7,1,34.00,1421,77,'2009-08-26',1.80,0.00),(34944,2,2126,200,1,20.20,1422,77,'2009-02-22',1.80,5.94),(34945,2,0,363,1,19.00,1423,77,'2014-12-19',0.88,3.43),(34946,2,0,98,1,31.40,1424,77,'2014-12-19',0.88,2.27),(34947,2,2047,215,1,15.00,1425,77,'2009-05-12',1.80,6.07),(34948,2,2342,470,1,24.20,1426,77,'2008-07-21',1.80,7.47),(34949,2,1726,126,1,22.80,1427,77,'2010-03-29',1.80,5.11),(34950,2,2023,57,1,22.60,1428,77,'2009-06-05',1.80,3.68),(34951,2,2012,147,1,32.40,1429,77,'2009-06-16',1.80,5.38),(34952,2,1776,12,1,15.60,1430,77,'2010-02-07',1.80,0.87),(34953,2,1975,26,1,27.40,1431,77,'2009-07-23',1.80,2.26),(34954,2,2073,4,1,29.40,1432,77,'2009-04-16',1.80,0.00),(34955,2,0,3163,1,39.80,1433,77,'2014-12-19',0.88,5.33),(34956,2,2366,90,1,19.80,1434,77,'2008-06-27',1.80,4.50),(34957,2,2291,114,1,21.40,1435,77,'2008-09-10',1.80,4.93),(34958,2,2347,183,1,23.60,1436,77,'2008-07-16',1.80,5.78),(34959,2,2023,131,1,32.40,1437,77,'2009-06-05',1.80,5.18),(34960,2,2004,81,1,31.40,1438,77,'2009-06-24',1.80,4.31),(34961,2,1948,5,1,31.00,1439,77,'2009-08-19',1.80,0.00),(34962,2,2083,5,1,34.80,1440,77,'2009-04-06',1.80,0.00),(34963,2,1855,6,1,37.80,1441,77,'2009-11-20',1.80,0.00),(34964,2,1946,5,1,36.40,1442,77,'2009-08-21',1.80,0.00),(34965,2,2352,344,1,10.20,1443,77,'2008-07-11',1.80,6.91),(34966,2,1887,5,1,39.20,1444,77,'2009-10-19',1.80,0.00),(34967,2,1893,60,1,38.40,1445,77,'2009-10-13',1.80,3.77),(34968,2,2000,45,1,29.60,1446,77,'2009-06-28',1.80,3.25),(34969,2,1740,1624,1,19.40,1447,77,'2010-03-15',1.80,9.71),(34970,2,1953,48,1,31.60,1448,77,'2009-08-14',1.80,3.37),(34971,2,1886,13,1,38.20,1449,77,'2009-10-20',1.80,1.02),(34972,2,1883,51,1,41.00,1450,77,'2009-10-23',1.80,3.48),(34973,1,2442,152,1,11.00,1451,77,'2008-04-12',0.52,1.57),(34974,2,2050,95,1,32.80,1452,77,'2009-05-09',1.80,4.60),(34975,2,2051,6,1,21.80,1453,77,'2009-05-08',1.80,0.00),(34976,2,2022,236,1,34.80,1454,77,'2009-06-06',1.80,6.23),(34977,2,1742,210,1,9.20,1455,77,'2010-03-13',1.80,6.02),(34978,2,1906,51,1,45.40,1456,77,'2009-09-30',1.80,3.48),(34979,2,1777,31,1,17.20,1457,77,'2010-02-06',1.80,2.58),(34980,2,1915,330,1,41.00,1458,77,'2009-09-21',1.80,6.84),(34981,2,1999,295,1,22.60,1459,77,'2009-06-29',1.80,6.64),(34982,2,1725,1916,1,26.20,1460,77,'2010-03-30',1.80,10.00),(34983,2,1993,259,1,28.60,1461,77,'2009-07-05',1.80,6.40),(34984,1,2056,86,1,35.60,1462,77,'2009-05-03',0.52,1.28),(34985,2,2001,62,1,23.00,1463,77,'2009-06-27',1.80,3.83),(34986,2,1907,204,1,42.00,1464,77,'2009-09-29',1.80,5.97),(34987,2,2035,95,1,17.80,1465,77,'2009-05-24',1.80,4.60),(34988,2,2066,200,1,27.40,1466,77,'2009-04-23',1.80,5.94),(34989,2,1894,107,1,36.60,1467,77,'2009-10-12',1.80,4.81),(34990,2,2053,61,1,34.60,1468,77,'2009-05-06',1.80,3.80),(34991,2,1804,1773,1,13.40,1469,77,'2010-01-10',1.80,9.86),(34992,2,2048,53,1,21.40,1470,77,'2009-05-11',1.80,3.55),(34993,2,2008,56,1,30.00,1471,77,'2009-06-20',1.80,3.65),(34994,1,2358,222,1,14.60,1472,77,'2008-07-05',0.52,1.77),(34995,2,2344,4,1,20.80,1473,77,'2008-07-19',1.80,0.00),(34996,2,1773,188,1,12.60,1474,77,'2010-02-10',1.80,5.83),(34997,2,2052,71,1,24.00,1475,77,'2009-05-07',1.80,4.07),(34998,2,2039,91,1,28.20,1476,77,'2009-05-20',1.80,4.52),(34999,2,2002,132,1,24.40,1478,77,'2009-06-26',1.80,5.19),(35000,2,2050,192,1,25.20,1479,77,'2009-05-09',1.80,5.86),(35001,1,2451,118,1,22.60,1480,77,'2008-04-03',0.52,1.44),(35002,1,2425,90,1,13.00,1481,77,'2008-04-29',0.52,1.30),(35003,2,1905,431,1,31.40,1482,77,'2009-10-01',1.80,7.32),(35004,2,1931,15,1,19.40,1483,77,'2009-09-05',1.80,1.27),(35005,2,1864,67,1,12.60,1484,77,'2009-11-11',1.80,3.97),(35006,2,1738,210,1,32.60,1485,77,'2010-03-17',1.80,6.02),(35007,2,2070,12,1,30.40,1486,77,'2009-04-19',1.80,0.87),(35008,2,1920,78,1,33.20,1487,77,'2009-09-16',1.80,4.24),(35009,1,2200,1205,1,20.40,1488,77,'2008-12-10',0.52,2.65),(35010,2,1958,14,1,25.80,1489,77,'2009-08-09',1.80,1.15),(35011,2,1845,412,1,37.20,1490,77,'2009-11-30',1.80,7.24),(35012,1,2278,62,1,10.00,1491,77,'2008-09-23',0.52,1.11),(35013,2,1854,527,1,29.00,1492,77,'2009-11-21',1.80,7.68),(35014,1,1917,3350,1,32.80,1493,77,'2009-09-19',0.52,3.18),(35015,1,2063,128,1,25.60,1494,77,'2009-04-26',0.52,1.48),(35016,1,2180,56,1,25.00,1495,77,'2008-12-30',0.52,1.05),(35017,2,1934,128,1,36.00,1496,77,'2009-09-02',1.80,5.13),(35018,2,1831,462,1,36.20,1498,77,'2009-12-14',1.80,7.44),(35019,2,1889,514,1,36.80,1499,77,'2009-10-17',1.80,7.64),(35020,2,1931,7,1,33.00,1500,77,'2009-09-05',1.80,0.00),(35021,1,2278,56,1,20.60,1501,77,'2008-09-23',0.52,1.05),(35022,2,1719,1623,1,16.20,1502,77,'2010-04-05',1.80,9.71),(35023,1,2207,941,1,21.60,1503,77,'2008-12-03',0.52,2.52),(35024,2,1827,4,1,28.00,1504,77,'2009-12-18',1.80,0.00),(35025,2,1840,121,1,23.60,1505,77,'2009-12-05',1.80,5.03),(35026,1,2276,298,1,21.40,1506,77,'2008-09-25',0.52,1.92),(35027,1,2254,133,1,18.40,1507,77,'2008-10-17',0.52,1.50),(35028,1,2273,2,1,24.40,1508,77,'2008-09-28',0.52,0.00),(35029,1,2208,14,1,19.60,1509,77,'2008-12-02',0.52,0.33),(35030,2,1766,212,1,9.40,1510,77,'2010-02-17',1.80,6.04),(35031,1,2286,123,1,15.00,1511,77,'2008-09-15',0.52,1.46),(35032,2,1904,4,1,32.00,1512,77,'2009-10-02',1.80,0.00),(35033,2,1862,NULL,0,24.00,1513,77,'2009-11-13',NULL,NULL),(35034,1,1979,116,1,27.20,1514,77,'2009-07-19',0.52,1.43),(35035,1,2280,223,1,23.80,1515,77,'2008-09-21',0.52,1.77),(35036,1,2298,135,1,24.20,1516,77,'2008-09-03',0.52,1.51),(35037,1,1855,10,1,20.20,1517,77,'2009-11-20',0.52,0.16),(35038,2,1833,164,1,25.60,1518,77,'2009-12-12',1.80,5.58),(35039,1,2273,185,1,26.20,1519,77,'2008-09-28',0.52,1.67),(35040,1,2093,10,1,23.60,1520,77,'2009-03-27',0.52,0.16),(35041,2,1849,61,1,32.80,1521,77,'2009-11-26',1.80,3.80),(35042,1,2069,102,1,24.00,1522,77,'2009-04-20',0.52,1.36),(35043,1,2053,126,1,17.00,1523,77,'2009-05-06',0.52,1.47),(35044,2,1878,11,1,17.80,1524,77,'2009-10-28',1.80,0.72),(35045,2,1734,154,1,20.80,1525,77,'2010-03-21',1.80,5.47),(35046,1,2232,92,1,33.60,1526,77,'2008-11-08',0.52,1.31),(35047,1,2093,6,1,23.20,1527,77,'2009-03-27',0.52,0.00),(35048,2,1861,3,1,29.40,1528,77,'2009-11-14',1.80,0.00),(35049,1,2093,89,1,15.60,1529,77,'2009-03-27',0.52,1.29),(35050,1,2104,12,1,15.00,1530,77,'2009-03-16',0.52,0.25),(35051,2,1777,723,1,23.00,1531,77,'2010-02-06',1.80,8.25),(35052,1,2097,9,1,20.60,1532,77,'2009-03-23',0.52,0.10),(35053,1,2224,485,1,11.20,1533,77,'2008-11-16',0.52,2.18),(35054,1,1836,607,1,10.40,1534,77,'2009-12-09',0.52,2.29),(35055,2,1737,457,1,15.40,1535,77,'2010-03-18',1.80,7.42),(35056,1,2094,600,1,22.60,1536,77,'2009-03-26',0.52,2.29),(35057,1,2109,110,1,29.60,1537,77,'2009-03-11',0.52,1.40),(35058,1,2051,5,1,25.20,1538,77,'2009-05-08',0.52,0.00),(35059,1,1996,73,1,32.40,1539,77,'2009-07-02',0.52,1.19),(35060,1,2089,54,1,23.40,1540,77,'2009-03-31',0.52,1.03),(35061,1,2106,312,1,18.20,1541,77,'2009-03-14',0.52,1.95),(35062,1,2107,6,1,29.80,1542,77,'2009-03-13',0.52,0.00),(35063,1,2104,2,1,23.00,1543,77,'2009-03-16',0.52,0.00),(35064,2,1724,4,1,21.40,1544,77,'2010-03-31',1.80,0.00),(35065,1,2093,128,1,25.40,1545,77,'2009-03-27',0.52,1.48),(35066,1,2102,4,1,22.00,1546,77,'2009-03-18',0.52,0.00),(35067,2,1719,52,1,25.60,1547,77,'2010-04-05',1.80,3.51),(35068,1,2098,285,1,29.40,1548,77,'2009-03-22',0.52,1.90),(35069,1,2254,3,1,23.20,1549,77,'2008-10-17',0.52,0.00),(35070,1,2093,52,1,22.20,1550,77,'2009-03-27',0.52,1.01),(35071,2,1734,157,1,24.80,1551,77,'2010-03-21',1.80,5.50),(35072,1,2091,182,1,26.00,1552,77,'2009-03-29',0.52,1.67),(35073,1,2086,1155,1,18.40,1553,77,'2009-04-03',0.52,2.63),(35074,1,2082,11,1,23.80,1554,77,'2009-04-07',0.52,0.21),(35075,1,2098,292,1,30.80,1555,77,'2009-03-22',0.52,1.91),(35076,1,2077,51,1,26.40,1556,77,'2009-04-12',0.52,1.00),(35077,1,2099,8,1,23.80,1557,77,'2009-03-21',0.52,0.04),(35078,1,2030,9,1,20.00,1558,77,'2009-05-29',0.52,0.10),(35079,1,1940,281,1,36.00,1559,77,'2009-08-27',0.52,1.89),(35080,1,2080,83,1,27.80,1560,77,'2009-04-09',0.52,1.26),(35081,1,1941,417,1,32.60,1561,77,'2009-08-26',0.52,2.10),(35082,1,2101,1,1,19.80,1562,77,'2009-03-19',0.52,0.00),(35083,1,2081,102,1,23.00,1563,77,'2009-04-08',0.52,1.36),(35084,1,2087,375,1,24.20,1564,77,'2009-04-02',0.52,2.04),(35085,1,2075,1927,1,17.40,1565,77,'2009-04-14',0.52,2.89),(35086,2,1739,246,1,18.00,1566,77,'2010-03-16',1.80,6.31),(35087,2,1721,4,1,29.20,1567,77,'2010-04-03',1.80,0.00),(35088,1,1988,8,1,24.00,1568,77,'2009-07-10',0.52,0.04),(35089,1,2035,78,1,30.00,1569,77,'2009-05-24',0.52,1.23),(35090,1,1917,191,1,21.20,1570,77,'2009-09-19',0.52,1.69),(35091,1,1889,8,1,26.00,1571,77,'2009-10-17',0.52,0.04),(35092,1,1977,89,1,25.20,1572,77,'2009-07-21',0.52,1.29),(35093,1,2104,25,1,22.00,1573,77,'2009-03-16',0.52,0.63),(35094,1,2093,102,1,10.60,1574,77,'2009-03-27',0.52,1.36),(35095,1,1959,178,1,24.40,1575,77,'2009-08-08',0.52,1.65),(35096,1,2059,49,1,24.80,1576,77,'2009-04-30',0.52,0.98),(35097,2,1725,53,1,25.60,1577,77,'2010-03-30',1.80,3.55),(35098,1,2073,58,1,23.60,1578,77,'2009-04-16',0.52,1.07),(35099,1,1892,99,1,30.60,1579,77,'2009-10-14',0.52,1.35),(35100,1,2087,6,1,21.20,1580,77,'2009-04-02',0.52,0.00),(35101,1,1903,3,1,30.40,1581,77,'2009-10-03',0.52,0.00),(35102,1,2097,6,1,18.60,1582,77,'2009-03-23',0.52,0.00),(35103,1,2103,7,1,35.40,1583,77,'2009-03-17',0.52,0.00),(35104,1,1912,570,1,30.00,1584,77,'2009-09-24',0.52,2.26),(35105,1,2085,NULL,0,26.00,1585,77,'2009-04-04',NULL,NULL),(35106,1,1996,55,1,24.80,1586,77,'2009-07-02',0.52,1.04),(35107,1,2093,3,1,29.40,1587,77,'2009-03-27',0.52,0.00),(35108,2,1769,531,1,20.80,1588,77,'2010-02-14',1.80,7.69),(35109,1,1977,225,1,24.60,1589,77,'2009-07-21',0.52,1.78),(35110,1,2091,49,1,25.20,1590,77,'2009-03-29',0.52,0.98),(35111,2,1735,3,1,22.80,1591,77,'2010-03-20',1.80,0.00),(35112,1,2080,9,1,26.20,1592,77,'2009-04-09',0.52,0.10),(35113,1,2082,3,1,27.40,1593,77,'2009-04-07',0.52,0.00),(35114,1,1931,166,1,33.80,1594,77,'2009-09-05',0.52,1.62),(35115,1,2005,217,1,29.20,1595,77,'2009-06-23',0.52,1.76),(35116,1,1924,16,1,33.80,1596,77,'2009-09-12',0.52,0.40),(35117,1,2087,6,1,22.00,1597,77,'2009-04-02',0.52,0.00),(35118,1,1978,83,1,26.80,1598,77,'2009-07-20',0.52,1.26),(35119,1,1988,63,1,26.40,1599,77,'2009-07-10',0.52,1.11),(35120,1,1986,6,1,21.00,1600,77,'2009-07-12',0.52,0.00),(35121,1,1980,6,1,20.60,1601,77,'2009-07-18',0.52,0.00),(35122,1,1908,205,1,17.00,1602,77,'2009-09-28',0.52,1.73),(35123,1,1849,109,1,29.40,1603,77,'2009-11-26',0.52,1.40),(35124,1,1941,121,1,25.60,1604,77,'2009-08-26',0.52,1.45),(35125,1,2083,49,1,26.40,1605,77,'2009-04-06',0.52,0.98),(35126,1,1949,253,1,26.80,1606,77,'2009-08-18',0.52,1.84),(35127,1,1941,76,1,23.20,1607,77,'2009-08-26',0.52,1.21),(35128,1,1941,57,1,22.80,1608,77,'2009-08-26',0.52,1.06),(35129,1,1908,416,1,25.60,1609,77,'2009-09-28',0.52,2.10),(35130,1,2009,55,1,12.60,1610,77,'2009-06-19',0.52,1.04),(35131,1,1966,259,1,19.40,1611,77,'2009-08-01',0.52,1.85),(35132,1,1861,108,1,28.00,1612,77,'2009-11-14',0.52,1.39),(35133,1,1974,559,1,18.00,1613,77,'2009-07-24',0.52,2.25),(35134,1,0,13,1,24.60,1614,77,'2014-12-19',0.49,0.28),(35135,1,0,NULL,0,21.00,1615,77,'2014-12-19',NULL,NULL),(35136,1,1902,475,1,27.60,1617,77,'2009-10-04',0.52,2.16),(35137,2,0,282,1,31.20,1619,77,'2014-12-19',0.88,3.20),(35138,2,0,1278,1,16.80,1620,77,'2014-12-19',0.88,4.53),(35139,2,2065,11,1,33.80,1621,77,'2009-04-24',1.80,0.72),(35140,2,0,10,1,23.20,1622,77,'2014-12-19',0.88,0.27),(35141,2,1826,NULL,0,25.53,1255,77,'2009-12-19',NULL,NULL),(35142,2,1915,NULL,0,25.53,1298,77,'2009-09-21',NULL,NULL),(35143,2,1840,NULL,0,25.53,1323,77,'2009-12-05',NULL,NULL),(35144,2,2077,NULL,0,25.53,1338,77,'2009-04-12',NULL,NULL),(35145,1,2441,NULL,0,23.55,1477,77,'2008-04-13',NULL,NULL),(35146,2,1826,NULL,0,25.53,1497,77,'2009-12-19',NULL,NULL),(35147,1,1950,NULL,0,23.55,1616,77,'2009-08-17',NULL,NULL),(35148,1,1904,NULL,0,23.55,1618,77,'2009-10-02',NULL,NULL),(35545,2,2066,1004,1,24.60,2846,83,'2009-09-01',1.80,8.84),(35546,2,2411,188,1,17.00,2847,83,'2008-09-21',1.80,5.83),(35547,2,2209,3415,1,19.00,2848,83,'2009-04-11',1.80,11.04),(35548,2,2528,312,1,15.80,2849,83,'2008-05-27',1.80,6.74),(35549,2,1857,NULL,0,14.00,2850,83,'2010-03-29',NULL,NULL),(35550,2,2023,71,1,29.20,2851,83,'2009-10-14',1.80,4.07),(35551,2,2077,15,1,28.00,2852,83,'2009-08-21',1.80,1.27),(35552,2,2187,60,1,15.20,2853,83,'2009-05-03',1.80,3.77),(35553,2,1901,115,1,14.00,2854,83,'2010-02-13',1.80,4.94),(35554,2,2478,2245,1,11.20,2855,83,'2008-07-16',1.80,10.29),(35555,2,2222,84,1,31.60,2856,83,'2009-03-29',1.80,4.38),(35556,2,2295,533,1,9.40,2857,83,'2009-01-15',1.80,7.70),(35557,2,2001,403,1,24.60,2858,83,'2009-11-05',1.80,7.20),(35558,2,2250,100,1,15.40,2859,83,'2009-03-01',1.80,4.69),(35559,2,2183,NULL,0,19.80,2860,83,'2009-05-07',NULL,NULL),(35560,2,2471,419,1,17.40,2861,83,'2008-07-23',1.80,7.27),(35561,2,2202,671,1,24.00,2862,83,'2009-04-18',1.80,8.12),(35562,2,2252,546,1,23.40,2863,83,'2009-02-27',1.80,7.74),(35563,2,2199,175,1,24.60,2864,83,'2009-04-21',1.80,5.70),(35564,2,2173,216,1,22.40,2865,83,'2009-05-17',1.80,6.08),(35565,2,2182,1526,1,17.20,2866,83,'2009-05-08',1.80,9.59),(35566,2,2338,139,1,8.60,2867,83,'2008-12-03',1.80,5.28),(35567,2,1987,3145,1,25.00,2868,83,'2009-11-19',1.80,10.90),(35568,2,2154,73,1,19.60,2869,83,'2009-06-05',1.80,4.12),(35569,2,2460,228,1,25.60,2870,83,'2008-08-03',1.80,6.17),(35570,2,2190,1441,1,24.40,2871,83,'2009-04-30',1.80,9.49),(35571,2,1964,251,1,18.20,2872,83,'2009-12-12',1.80,6.35),(35572,2,2177,259,1,23.20,2873,83,'2009-05-13',1.80,6.40),(35573,2,2211,168,1,29.20,2875,83,'2009-04-09',1.80,5.62),(35574,2,2326,608,1,20.40,2876,83,'2008-12-15',1.80,7.94),(35575,2,2191,133,1,27.00,2877,83,'2009-04-29',1.80,5.20),(35576,2,2579,228,1,20.20,2878,83,'2008-04-06',1.80,6.17),(35577,2,1884,2305,1,27.20,2879,83,'2010-03-02',1.80,10.34),(35578,2,1870,741,1,14.60,2880,83,'2010-03-16',1.80,8.29),(35579,2,0,600,1,14.20,2881,83,'2015-04-29',0.88,3.87),(35580,2,2210,238,1,23.80,2882,83,'2009-04-10',1.80,6.25),(35581,2,2470,260,1,21.60,2883,83,'2008-07-24',1.80,6.41),(35582,2,2124,1755,1,15.20,2884,83,'2009-07-05',1.80,9.85),(35583,2,0,1287,1,25.00,2885,83,'2015-04-29',0.88,4.54),(35584,2,2554,453,1,15.00,2886,83,'2008-05-01',1.80,7.41),(35585,2,2197,93,1,30.20,2887,83,'2009-04-23',1.80,4.56),(35586,2,2159,68,1,18.80,2888,83,'2009-05-31',1.80,4.00),(35587,2,1893,3645,1,14.20,2889,83,'2010-02-21',1.80,11.16),(35588,2,2389,1190,1,22.20,2890,83,'2008-10-13',1.80,9.15),(35589,2,2239,127,1,19.40,2891,83,'2009-03-12',1.80,5.12),(35590,2,2328,1264,1,17.40,2892,83,'2008-12-13',1.80,9.26),(35591,2,0,426,1,31.60,2893,83,'2015-04-29',0.88,3.57),(35592,2,2187,1476,1,29.40,2894,83,'2009-05-03',1.80,9.53),(35593,2,2040,86,1,36.20,2895,83,'2009-09-27',1.80,4.42),(35594,2,2622,529,1,11.60,2896,83,'2008-02-23',1.80,7.69),(35595,2,2242,335,1,24.00,2897,83,'2009-03-09',1.80,6.87),(35596,2,2217,133,1,17.00,2898,83,'2009-04-03',1.80,5.20),(35597,2,2624,324,1,26.40,2899,83,'2008-02-21',1.80,6.81),(35598,2,2138,2883,1,29.40,2900,83,'2009-06-21',1.80,10.74),(35599,2,2179,42,1,26.60,2901,83,'2009-05-11',1.80,3.13),(35600,2,2233,70,1,22.80,2902,83,'2009-03-18',1.80,4.05),(35601,2,2439,224,1,17.80,2903,83,'2008-08-24',1.80,6.14),(35602,2,2328,187,1,23.00,2904,83,'2008-12-13',1.80,5.82),(35603,2,0,1049,1,14.00,2905,83,'2015-04-29',0.88,4.36),(35604,2,2140,150,1,29.60,2906,83,'2009-06-19',1.80,5.42),(35605,2,2449,643,1,26.60,2907,83,'2008-08-14',1.80,8.04),(35606,2,2187,167,1,25.20,2908,83,'2009-05-03',1.80,5.61),(35607,2,2204,4,1,33.40,2909,83,'2009-04-16',1.80,0.00),(35608,2,2217,8,1,24.60,2910,83,'2009-04-03',1.80,0.14),(35609,2,0,68,1,24.60,2911,83,'2015-04-29',0.88,1.95),(35610,2,2533,473,1,27.40,2912,83,'2008-05-22',1.80,7.49),(35611,2,2120,521,1,31.80,2913,83,'2009-07-09',1.80,7.66),(35612,2,2182,590,1,30.00,2914,83,'2009-05-08',1.80,7.88),(35613,2,1857,488,1,21.00,2915,83,'2010-03-29',1.80,7.54),(35614,2,1899,259,1,17.00,2916,83,'2010-02-15',1.80,6.40),(35615,2,1935,206,1,30.20,2918,83,'2010-01-10',1.80,5.99),(35616,2,2211,432,1,17.00,2919,83,'2009-04-09',1.80,7.32),(35617,2,2252,2563,1,26.20,2920,83,'2009-02-27',1.80,10.53),(35618,2,1862,113,1,20.20,2921,83,'2010-03-24',1.80,4.91),(35619,2,1982,150,1,37.20,2922,83,'2009-11-24',1.80,5.42),(35620,2,2179,1209,1,25.60,2923,83,'2009-05-11',1.80,9.18),(35621,2,2019,8,1,25.00,2924,83,'2009-10-18',1.80,0.14),(35622,2,2172,381,1,25.80,2925,83,'2009-05-18',1.80,7.10),(35623,2,2245,2410,1,24.00,2926,83,'2009-03-06',1.80,10.42),(35624,2,2138,101,1,33.20,2927,83,'2009-06-21',1.80,4.71),(35625,2,2491,538,1,24.80,2928,83,'2008-07-03',1.80,7.72),(35626,2,0,1589,1,4.80,2929,83,'2015-04-29',0.88,4.73),(35627,2,2173,13,1,29.80,2930,83,'2009-05-17',1.80,1.02),(35628,2,2249,230,1,25.20,2931,83,'2009-03-02',1.80,6.19),(35629,2,2038,286,1,19.20,2932,83,'2009-09-29',1.80,6.58),(35630,2,2480,379,1,22.00,2933,83,'2008-07-14',1.80,7.09),(35631,2,2089,297,1,30.00,2934,83,'2009-08-09',1.80,6.65),(35632,2,2261,155,1,22.80,2935,83,'2009-02-18',1.80,5.48),(35633,2,2250,725,1,16.20,2936,83,'2009-03-01',1.80,8.26),(35634,2,1865,10,1,34.20,2937,83,'2010-03-21',1.80,0.54),(35635,2,2267,138,1,29.00,2938,83,'2009-02-12',1.80,5.27),(35636,2,2077,190,1,38.80,2939,83,'2009-08-21',1.80,5.84),(35637,2,2125,344,1,33.20,2940,83,'2009-07-04',1.80,6.91),(35638,2,2081,1992,1,26.00,2941,83,'2009-08-17',1.80,10.07),(35639,2,2226,77,1,30.20,2943,83,'2009-03-25',1.80,4.22),(35640,2,2486,3054,1,18.40,2944,83,'2008-07-08',1.80,10.84),(35641,2,1960,1240,1,33.00,2945,83,'2009-12-16',1.80,9.22),(35642,2,2583,169,1,15.60,2946,83,'2008-04-02',1.80,5.63),(35643,2,2183,181,1,24.00,2947,83,'2009-05-07',1.80,5.76),(35644,2,2127,121,1,43.60,2948,83,'2009-07-02',1.80,5.03),(35645,2,2031,4,1,42.80,2949,83,'2009-10-06',1.80,0.00),(35646,2,2652,409,1,17.00,2950,83,'2008-01-24',1.80,7.22),(35647,2,2136,170,1,31.60,2951,83,'2009-06-23',1.80,5.64),(35648,2,1934,410,1,17.60,2952,83,'2010-01-11',1.80,7.23),(35649,2,2170,241,1,30.60,2953,83,'2009-05-20',1.80,6.27),(35650,2,0,346,1,19.40,2954,83,'2015-04-29',0.88,3.38),(35651,2,0,NULL,0,16.20,2955,83,'2015-04-29',NULL,NULL),(35652,2,2153,857,1,31.00,2956,83,'2009-06-06',1.80,8.56),(35653,2,2089,11,1,33.60,2958,83,'2009-08-09',1.80,0.72),(35654,2,1915,2278,1,19.00,2959,83,'2010-01-30',1.80,10.32),(35655,2,0,444,1,25.80,2960,83,'2015-04-29',0.88,3.60),(35656,2,1891,681,1,21.40,2961,83,'2010-02-23',1.80,8.14),(35657,2,1959,267,1,14.20,2962,83,'2009-12-17',1.80,6.46),(35658,2,2079,12,1,38.40,2963,83,'2009-08-19',1.80,0.87),(35659,2,2094,13,1,37.20,2964,83,'2009-08-04',1.80,1.02),(35660,2,1889,237,1,16.20,2965,83,'2010-02-25',1.80,6.24),(35661,2,2036,2,1,22.80,2966,83,'2009-10-01',1.80,0.00),(35662,2,2388,1008,1,22.40,2967,83,'2008-10-14',1.80,8.85),(35663,2,2097,614,1,34.60,2968,83,'2009-08-01',1.80,7.96),(35664,2,2100,NULL,0,20.40,2969,83,'2009-07-29',NULL,NULL),(35665,2,2147,1366,1,26.00,2970,83,'2009-06-12',1.80,9.40),(35666,2,2266,192,1,29.20,2971,83,'2009-02-13',1.80,5.86),(35667,2,2226,1022,1,17.40,2972,83,'2009-03-25',1.80,8.87),(35668,2,2249,15,1,22.60,2973,83,'2009-03-02',1.80,1.27),(35669,2,2166,226,1,29.00,2974,83,'2009-05-24',1.80,6.16),(35670,2,1988,446,1,33.40,2975,83,'2009-11-18',1.80,7.38),(35671,2,0,153,1,19.40,2976,83,'2015-04-29',0.88,2.67),(35672,2,2212,271,1,20.20,2977,83,'2009-04-08',1.80,6.48),(35673,2,2248,12,1,21.20,2978,83,'2009-03-03',1.80,0.87),(35674,2,2222,1168,1,23.00,2979,83,'2009-03-29',1.80,9.11),(35675,2,2032,131,1,41.60,2980,83,'2009-10-05',1.80,5.18),(35676,2,2047,110,1,23.60,2981,83,'2009-09-20',1.80,4.86),(35677,2,2331,171,1,25.20,2982,83,'2008-12-10',1.80,5.65),(35678,2,2252,67,1,27.40,2983,83,'2009-02-27',1.80,3.97),(35679,2,2112,14,1,28.40,2984,83,'2009-07-17',1.80,1.15),(35680,2,2628,365,1,13.00,2985,83,'2008-02-17',1.80,7.02),(35681,2,2076,351,1,32.80,2986,83,'2009-08-22',1.80,6.95),(35682,2,2025,28,1,44.80,2987,83,'2009-10-12',1.80,2.40),(35683,2,2465,387,1,19.60,2988,83,'2008-07-29',1.80,7.13),(35684,2,2156,337,1,33.20,2989,83,'2009-06-03',1.80,6.88),(35685,2,1872,343,1,21.00,2990,83,'2010-03-14',1.80,6.91),(35686,2,2067,95,1,41.40,2991,83,'2009-08-31',1.80,4.60),(35687,2,1865,152,1,20.40,2992,83,'2010-03-21',1.80,5.44),(35688,2,2281,23,1,22.80,2993,83,'2009-01-29',1.80,2.04),(35689,2,2477,216,1,23.60,2994,83,'2008-07-17',1.80,6.08),(35690,2,2239,608,1,16.00,2995,83,'2009-03-12',1.80,7.94),(35691,2,1866,109,1,18.60,2996,83,'2010-03-20',1.80,4.84),(35692,2,2198,13,1,43.00,2997,83,'2009-04-22',1.80,1.02),(35693,2,1970,1161,1,7.60,2998,83,'2009-12-06',1.80,9.10),(35694,2,2182,6,1,23.00,2999,83,'2009-05-08',1.80,0.00),(35695,2,2565,71,1,19.20,3000,83,'2008-04-20',1.80,4.07),(35696,2,2107,3,1,29.40,3001,83,'2009-07-22',1.80,0.00),(35697,2,1971,226,1,20.80,3002,83,'2009-12-05',1.80,6.16),(35698,2,1970,48,1,33.60,3003,83,'2009-12-06',1.80,3.37),(35699,2,0,61,1,28.80,3004,83,'2015-04-29',0.88,1.86),(35700,2,2140,116,1,17.60,3005,83,'2009-06-19',1.80,4.96),(35701,2,2199,64,1,19.40,3006,83,'2009-04-21',1.80,3.89),(35702,2,0,1287,1,35.80,3007,83,'2015-04-29',0.88,4.54),(35703,2,1995,103,1,48.00,3008,83,'2009-11-11',1.80,4.74),(35704,2,2105,897,1,33.40,3009,83,'2009-07-24',1.80,8.64),(35705,2,2161,1101,1,19.60,3010,83,'2009-05-29',1.80,9.01),(35706,2,2161,289,1,25.80,3011,83,'2009-05-29',1.80,6.60),(35707,2,2005,385,1,41.40,3012,83,'2009-11-01',1.80,7.12),(35708,2,0,863,1,31.80,3013,83,'2015-04-29',0.88,4.19),(35709,2,2183,107,1,21.40,3014,83,'2009-05-07',1.80,4.81),(35710,2,2036,467,1,24.40,3015,83,'2009-10-01',1.80,7.46),(35711,2,2030,81,1,37.40,3016,83,'2009-10-07',1.80,4.31),(35712,2,2216,8,1,31.40,3017,83,'2009-04-04',1.80,0.14),(35713,2,1860,157,1,21.20,3018,83,'2010-03-26',1.80,5.50),(35714,2,2187,172,1,33.60,3019,83,'2009-05-03',1.80,5.67),(35715,2,2204,1394,1,22.80,3020,83,'2009-04-16',1.80,9.43),(35716,2,2222,176,1,20.60,3021,83,'2009-03-29',1.80,5.71),(35717,2,2052,2427,1,33.60,3022,83,'2009-09-15',1.80,10.43),(35718,2,2169,148,1,34.80,3023,83,'2009-05-21',1.80,5.39),(35719,2,2018,197,1,31.80,3024,83,'2009-10-19',1.80,5.91),(35720,2,2112,173,1,26.60,3025,83,'2009-07-17',1.80,5.68),(35721,2,2131,58,1,23.20,3026,83,'2009-06-28',1.80,3.71),(35722,2,2129,2,1,35.20,3027,83,'2009-06-30',1.80,0.00),(35723,2,2206,330,1,27.00,3028,83,'2009-04-14',1.80,6.84),(35724,2,2135,1527,1,31.00,3029,83,'2009-06-24',1.80,9.60),(35725,2,2166,1726,1,38.00,3030,83,'2009-05-24',1.80,9.82),(35726,2,1870,70,1,15.40,3031,83,'2010-03-16',1.80,4.05),(35727,2,2056,53,1,31.80,3032,83,'2009-09-11',1.80,3.55),(35728,2,1865,2311,1,23.20,3033,83,'2010-03-21',1.80,10.34),(35729,2,2135,193,1,22.00,3034,83,'2009-06-24',1.80,5.87),(35730,2,2436,66,1,27.00,3035,83,'2008-08-27',1.80,3.94),(35731,1,2584,288,1,9.60,3036,83,'2008-04-01',0.52,1.90),(35732,2,2039,7,1,40.00,3037,83,'2009-09-28',1.80,0.00),(35733,2,1896,190,1,21.80,3038,83,'2010-02-18',1.80,5.84),(35734,2,1883,513,1,18.60,3039,83,'2010-03-03',1.80,7.63),(35735,2,2072,7,1,34.00,3040,83,'2009-08-26',1.80,0.00),(35736,2,2257,200,1,20.20,3041,83,'2009-02-22',1.80,5.94),(35737,2,0,363,1,19.00,3042,83,'2015-04-29',0.88,3.43),(35738,2,0,98,1,31.40,3043,83,'2015-04-29',0.88,2.27),(35739,2,2178,215,1,15.00,3044,83,'2009-05-12',1.80,6.07),(35740,2,2473,470,1,24.20,3045,83,'2008-07-21',1.80,7.47),(35741,2,1857,126,1,22.80,3046,83,'2010-03-29',1.80,5.11),(35742,2,2154,57,1,22.60,3047,83,'2009-06-05',1.80,3.68),(35743,2,2143,147,1,32.40,3048,83,'2009-06-16',1.80,5.38),(35744,2,1907,12,1,15.60,3049,83,'2010-02-07',1.80,0.87),(35745,2,2106,26,1,27.40,3050,83,'2009-07-23',1.80,2.26),(35746,2,2204,4,1,29.40,3051,83,'2009-04-16',1.80,0.00),(35747,2,0,3163,1,39.80,3052,83,'2015-04-29',0.88,5.33),(35748,2,2497,90,1,19.80,3053,83,'2008-06-27',1.80,4.50),(35749,2,2422,114,1,21.40,3054,83,'2008-09-10',1.80,4.93),(35750,2,2478,183,1,23.60,3055,83,'2008-07-16',1.80,5.78),(35751,2,2154,131,1,32.40,3056,83,'2009-06-05',1.80,5.18),(35752,2,2135,81,1,31.40,3057,83,'2009-06-24',1.80,4.31),(35753,2,2079,5,1,31.00,3058,83,'2009-08-19',1.80,0.00),(35754,2,2214,5,1,34.80,3059,83,'2009-04-06',1.80,0.00),(35755,2,1986,6,1,37.80,3060,83,'2009-11-20',1.80,0.00),(35756,2,2077,5,1,36.40,3061,83,'2009-08-21',1.80,0.00),(35757,2,2483,344,1,10.20,3062,83,'2008-07-11',1.80,6.91),(35758,2,2018,5,1,39.20,3063,83,'2009-10-19',1.80,0.00),(35759,2,2024,60,1,38.40,3064,83,'2009-10-13',1.80,3.77),(35760,2,2131,45,1,29.60,3065,83,'2009-06-28',1.80,3.25),(35761,2,1871,1624,1,19.40,3066,83,'2010-03-15',1.80,9.71),(35762,2,2084,48,1,31.60,3067,83,'2009-08-14',1.80,3.37),(35763,2,2017,13,1,38.20,3068,83,'2009-10-20',1.80,1.02),(35764,2,2014,51,1,41.00,3069,83,'2009-10-23',1.80,3.48),(35765,1,2573,152,1,11.00,3070,83,'2008-04-12',0.52,1.57),(35766,2,2181,95,1,32.80,3071,83,'2009-05-09',1.80,4.60),(35767,2,2182,6,1,21.80,3072,83,'2009-05-08',1.80,0.00),(35768,2,2153,236,1,34.80,3073,83,'2009-06-06',1.80,6.23),(35769,2,1873,210,1,9.20,3074,83,'2010-03-13',1.80,6.02),(35770,2,2037,51,1,45.40,3075,83,'2009-09-30',1.80,3.48),(35771,2,1908,31,1,17.20,3076,83,'2010-02-06',1.80,2.58),(35772,2,2046,330,1,41.00,3077,83,'2009-09-21',1.80,6.84),(35773,2,2130,295,1,22.60,3078,83,'2009-06-29',1.80,6.64),(35774,2,1856,1916,1,26.20,3079,83,'2010-03-30',1.80,10.00),(35775,2,2124,259,1,28.60,3080,83,'2009-07-05',1.80,6.40),(35776,1,2187,86,1,35.60,3081,83,'2009-05-03',0.52,1.28),(35777,2,2132,62,1,23.00,3082,83,'2009-06-27',1.80,3.83),(35778,2,2038,204,1,42.00,3083,83,'2009-09-29',1.80,5.97),(35779,2,2166,95,1,17.80,3084,83,'2009-05-24',1.80,4.60),(35780,2,2197,200,1,27.40,3085,83,'2009-04-23',1.80,5.94),(35781,2,2025,107,1,36.60,3086,83,'2009-10-12',1.80,4.81),(35782,2,2184,61,1,34.60,3087,83,'2009-05-06',1.80,3.80),(35783,2,1935,1773,1,13.40,3088,83,'2010-01-10',1.80,9.86),(35784,2,2179,53,1,21.40,3089,83,'2009-05-11',1.80,3.55),(35785,2,2139,56,1,30.00,3090,83,'2009-06-20',1.80,3.65),(35786,1,2489,222,1,14.60,3091,83,'2008-07-05',0.52,1.77),(35787,2,2475,4,1,20.80,3092,83,'2008-07-19',1.80,0.00),(35788,2,1904,188,1,12.60,3093,83,'2010-02-10',1.80,5.83),(35789,2,2183,71,1,24.00,3094,83,'2009-05-07',1.80,4.07),(35790,2,2170,91,1,28.20,3095,83,'2009-05-20',1.80,4.52),(35791,2,2133,132,1,24.40,3097,83,'2009-06-26',1.80,5.19),(35792,2,2181,192,1,25.20,3098,83,'2009-05-09',1.80,5.86),(35793,1,2582,118,1,22.60,3099,83,'2008-04-03',0.52,1.44),(35794,1,2556,90,1,13.00,3100,83,'2008-04-29',0.52,1.30),(35795,2,2036,431,1,31.40,3101,83,'2009-10-01',1.80,7.32),(35796,2,2062,15,1,19.40,3102,83,'2009-09-05',1.80,1.27),(35797,2,1995,67,1,12.60,3103,83,'2009-11-11',1.80,3.97),(35798,2,1869,210,1,32.60,3104,83,'2010-03-17',1.80,6.02),(35799,2,2201,12,1,30.40,3105,83,'2009-04-19',1.80,0.87),(35800,2,2051,78,1,33.20,3106,83,'2009-09-16',1.80,4.24),(35801,1,2331,1205,1,20.40,3107,83,'2008-12-10',0.52,2.65),(35802,2,2089,14,1,25.80,3108,83,'2009-08-09',1.80,1.15),(35803,2,1976,412,1,37.20,3109,83,'2009-11-30',1.80,7.24),(35804,1,2409,62,1,10.00,3110,83,'2008-09-23',0.52,1.11),(35805,2,1985,527,1,29.00,3111,83,'2009-11-21',1.80,7.68),(35806,1,2048,3350,1,32.80,3112,83,'2009-09-19',0.52,3.18),(35807,1,2194,128,1,25.60,3113,83,'2009-04-26',0.52,1.48),(35808,1,2311,56,1,25.00,3114,83,'2008-12-30',0.52,1.05),(35809,2,2065,128,1,36.00,3115,83,'2009-09-02',1.80,5.13),(35810,2,1962,462,1,36.20,3117,83,'2009-12-14',1.80,7.44),(35811,2,2020,514,1,36.80,3118,83,'2009-10-17',1.80,7.64),(35812,2,2062,7,1,33.00,3119,83,'2009-09-05',1.80,0.00),(35813,1,2409,56,1,20.60,3120,83,'2008-09-23',0.52,1.05),(35814,2,1850,1623,1,16.20,3121,83,'2010-04-05',1.80,9.71),(35815,1,2338,941,1,21.60,3122,83,'2008-12-03',0.52,2.52),(35816,2,1958,4,1,28.00,3123,83,'2009-12-18',1.80,0.00),(35817,2,1971,121,1,23.60,3124,83,'2009-12-05',1.80,5.03),(35818,1,2407,298,1,21.40,3125,83,'2008-09-25',0.52,1.92),(35819,1,2385,133,1,18.40,3126,83,'2008-10-17',0.52,1.50),(35820,1,2404,2,1,24.40,3127,83,'2008-09-28',0.52,0.00),(35821,1,2339,14,1,19.60,3128,83,'2008-12-02',0.52,0.33),(35822,2,1897,212,1,9.40,3129,83,'2010-02-17',1.80,6.04),(35823,1,2417,123,1,15.00,3130,83,'2008-09-15',0.52,1.46),(35824,2,2035,4,1,32.00,3131,83,'2009-10-02',1.80,0.00),(35825,2,1993,NULL,0,24.00,3132,83,'2009-11-13',NULL,NULL),(35826,1,2110,116,1,27.20,3133,83,'2009-07-19',0.52,1.43),(35827,1,2411,223,1,23.80,3134,83,'2008-09-21',0.52,1.77),(35828,1,2429,135,1,24.20,3135,83,'2008-09-03',0.52,1.51),(35829,1,1986,10,1,20.20,3136,83,'2009-11-20',0.52,0.16),(35830,2,1964,164,1,25.60,3137,83,'2009-12-12',1.80,5.58),(35831,1,2404,185,1,26.20,3138,83,'2008-09-28',0.52,1.67),(35832,1,2224,10,1,23.60,3139,83,'2009-03-27',0.52,0.16),(35833,2,1980,61,1,32.80,3140,83,'2009-11-26',1.80,3.80),(35834,1,2200,102,1,24.00,3141,83,'2009-04-20',0.52,1.36),(35835,1,2184,126,1,17.00,3142,83,'2009-05-06',0.52,1.47),(35836,2,2009,11,1,17.80,3143,83,'2009-10-28',1.80,0.72),(35837,2,1865,154,1,20.80,3144,83,'2010-03-21',1.80,5.47),(35838,1,2363,92,1,33.60,3145,83,'2008-11-08',0.52,1.31),(35839,1,2224,6,1,23.20,3146,83,'2009-03-27',0.52,0.00),(35840,2,1992,3,1,29.40,3147,83,'2009-11-14',1.80,0.00),(35841,1,2224,89,1,15.60,3148,83,'2009-03-27',0.52,1.29),(35842,1,2235,12,1,15.00,3149,83,'2009-03-16',0.52,0.25),(35843,2,1908,723,1,23.00,3150,83,'2010-02-06',1.80,8.25),(35844,1,2228,9,1,20.60,3151,83,'2009-03-23',0.52,0.10),(35845,1,2355,485,1,11.20,3152,83,'2008-11-16',0.52,2.18),(35846,1,1967,607,1,10.40,3153,83,'2009-12-09',0.52,2.29),(35847,2,1868,457,1,15.40,3154,83,'2010-03-18',1.80,7.42),(35848,1,2225,600,1,22.60,3155,83,'2009-03-26',0.52,2.29),(35849,1,2240,110,1,29.60,3156,83,'2009-03-11',0.52,1.40),(35850,1,2182,5,1,25.20,3157,83,'2009-05-08',0.52,0.00),(35851,1,2127,73,1,32.40,3158,83,'2009-07-02',0.52,1.19),(35852,1,2220,54,1,23.40,3159,83,'2009-03-31',0.52,1.03),(35853,1,2237,312,1,18.20,3160,83,'2009-03-14',0.52,1.95),(35854,1,2238,6,1,29.80,3161,83,'2009-03-13',0.52,0.00),(35855,1,2235,2,1,23.00,3162,83,'2009-03-16',0.52,0.00),(35856,2,1855,4,1,21.40,3163,83,'2010-03-31',1.80,0.00),(35857,1,2224,128,1,25.40,3164,83,'2009-03-27',0.52,1.48),(35858,1,2233,4,1,22.00,3165,83,'2009-03-18',0.52,0.00),(35859,2,1850,52,1,25.60,3166,83,'2010-04-05',1.80,3.51),(35860,1,2229,285,1,29.40,3167,83,'2009-03-22',0.52,1.90),(35861,1,2385,3,1,23.20,3168,83,'2008-10-17',0.52,0.00),(35862,1,2224,52,1,22.20,3169,83,'2009-03-27',0.52,1.01),(35863,2,1865,157,1,24.80,3170,83,'2010-03-21',1.80,5.50),(35864,1,2222,182,1,26.00,3171,83,'2009-03-29',0.52,1.67),(35865,1,2217,1155,1,18.40,3172,83,'2009-04-03',0.52,2.63),(35866,1,2213,11,1,23.80,3173,83,'2009-04-07',0.52,0.21),(35867,1,2229,292,1,30.80,3174,83,'2009-03-22',0.52,1.91),(35868,1,2208,51,1,26.40,3175,83,'2009-04-12',0.52,1.00),(35869,1,2230,8,1,23.80,3176,83,'2009-03-21',0.52,0.04),(35870,1,2161,9,1,20.00,3177,83,'2009-05-29',0.52,0.10),(35871,1,2071,281,1,36.00,3178,83,'2009-08-27',0.52,1.89),(35872,1,2211,83,1,27.80,3179,83,'2009-04-09',0.52,1.26),(35873,1,2072,417,1,32.60,3180,83,'2009-08-26',0.52,2.10),(35874,1,2232,1,1,19.80,3181,83,'2009-03-19',0.52,0.00),(35875,1,2212,102,1,23.00,3182,83,'2009-04-08',0.52,1.36),(35876,1,2218,375,1,24.20,3183,83,'2009-04-02',0.52,2.04),(35877,1,2206,1927,1,17.40,3184,83,'2009-04-14',0.52,2.89),(35878,2,1870,246,1,18.00,3185,83,'2010-03-16',1.80,6.31),(35879,2,1852,4,1,29.20,3186,83,'2010-04-03',1.80,0.00),(35880,1,2119,8,1,24.00,3187,83,'2009-07-10',0.52,0.04),(35881,1,2166,78,1,30.00,3188,83,'2009-05-24',0.52,1.23),(35882,1,2048,191,1,21.20,3189,83,'2009-09-19',0.52,1.69),(35883,1,2020,8,1,26.00,3190,83,'2009-10-17',0.52,0.04),(35884,1,2108,89,1,25.20,3191,83,'2009-07-21',0.52,1.29),(35885,1,2235,25,1,22.00,3192,83,'2009-03-16',0.52,0.63),(35886,1,2224,102,1,10.60,3193,83,'2009-03-27',0.52,1.36),(35887,1,2090,178,1,24.40,3194,83,'2009-08-08',0.52,1.65),(35888,1,2190,49,1,24.80,3195,83,'2009-04-30',0.52,0.98),(35889,2,1856,53,1,25.60,3196,83,'2010-03-30',1.80,3.55),(35890,1,2204,58,1,23.60,3197,83,'2009-04-16',0.52,1.07),(35891,1,2023,99,1,30.60,3198,83,'2009-10-14',0.52,1.35),(35892,1,2218,6,1,21.20,3199,83,'2009-04-02',0.52,0.00),(35893,1,2034,3,1,30.40,3200,83,'2009-10-03',0.52,0.00),(35894,1,2228,6,1,18.60,3201,83,'2009-03-23',0.52,0.00),(35895,1,2234,7,1,35.40,3202,83,'2009-03-17',0.52,0.00),(35896,1,2043,570,1,30.00,3203,83,'2009-09-24',0.52,2.26),(35897,1,2216,NULL,0,26.00,3204,83,'2009-04-04',NULL,NULL),(35898,1,2127,55,1,24.80,3205,83,'2009-07-02',0.52,1.04),(35899,1,2224,3,1,29.40,3206,83,'2009-03-27',0.52,0.00),(35900,2,1900,531,1,20.80,3207,83,'2010-02-14',1.80,7.69),(35901,1,2108,225,1,24.60,3208,83,'2009-07-21',0.52,1.78),(35902,1,2222,49,1,25.20,3209,83,'2009-03-29',0.52,0.98),(35903,2,1866,3,1,22.80,3210,83,'2010-03-20',1.80,0.00),(35904,1,2211,9,1,26.20,3211,83,'2009-04-09',0.52,0.10),(35905,1,2213,3,1,27.40,3212,83,'2009-04-07',0.52,0.00),(35906,1,2062,166,1,33.80,3213,83,'2009-09-05',0.52,1.62),(35907,1,2136,217,1,29.20,3214,83,'2009-06-23',0.52,1.76),(35908,1,2055,16,1,33.80,3215,83,'2009-09-12',0.52,0.40),(35909,1,2218,6,1,22.00,3216,83,'2009-04-02',0.52,0.00),(35910,1,2109,83,1,26.80,3217,83,'2009-07-20',0.52,1.26),(35911,1,2119,63,1,26.40,3218,83,'2009-07-10',0.52,1.11),(35912,1,2117,6,1,21.00,3219,83,'2009-07-12',0.52,0.00),(35913,1,2111,6,1,20.60,3220,83,'2009-07-18',0.52,0.00),(35914,1,2039,205,1,17.00,3221,83,'2009-09-28',0.52,1.73),(35915,1,1980,109,1,29.40,3222,83,'2009-11-26',0.52,1.40),(35916,1,2072,121,1,25.60,3223,83,'2009-08-26',0.52,1.45),(35917,1,2214,49,1,26.40,3224,83,'2009-04-06',0.52,0.98),(35918,1,2080,253,1,26.80,3225,83,'2009-08-18',0.52,1.84),(35919,1,2072,76,1,23.20,3226,83,'2009-08-26',0.52,1.21),(35920,1,2072,57,1,22.80,3227,83,'2009-08-26',0.52,1.06),(35921,1,2039,416,1,25.60,3228,83,'2009-09-28',0.52,2.10),(35922,1,2140,55,1,12.60,3229,83,'2009-06-19',0.52,1.04),(35923,1,2097,259,1,19.40,3230,83,'2009-08-01',0.52,1.85),(35924,1,1992,108,1,28.00,3231,83,'2009-11-14',0.52,1.39),(35925,1,2105,559,1,18.00,3232,83,'2009-07-24',0.52,2.25),(35926,1,0,13,1,24.60,3233,83,'2015-04-29',0.49,0.28),(35927,1,0,NULL,0,21.00,3234,83,'2015-04-29',NULL,NULL),(35928,1,2033,475,1,27.60,3236,83,'2009-10-04',0.52,2.16),(35929,2,0,282,1,31.20,3238,83,'2015-04-29',0.88,3.20),(35930,2,0,1278,1,16.80,3239,83,'2015-04-29',0.88,4.53),(35931,2,2196,11,1,33.80,3240,83,'2009-04-24',1.80,0.72),(35932,2,0,10,1,23.20,3241,83,'2015-04-29',0.88,0.27),(35933,2,1957,NULL,0,25.53,2874,83,'2009-12-19',NULL,NULL),(35934,2,2046,NULL,0,25.53,2917,83,'2009-09-21',NULL,NULL),(35935,2,1971,NULL,0,25.53,2942,83,'2009-12-05',NULL,NULL),(35936,2,2208,NULL,0,25.53,2957,83,'2009-04-12',NULL,NULL),(35937,1,2572,NULL,0,23.55,3096,83,'2008-04-13',NULL,NULL),(35938,2,1957,NULL,0,25.53,3116,83,'2009-12-19',NULL,NULL),(35939,1,2081,NULL,0,23.55,3235,83,'2009-08-17',NULL,NULL),(35940,1,2035,NULL,0,23.55,3237,83,'2009-10-02',NULL,NULL),(35941,2,2017,1004,1,24.60,1227,79,'2009-09-01',1.80,8.84),(35942,2,2362,188,1,17.00,1228,79,'2008-09-21',1.80,5.83),(35943,2,2160,3415,1,19.00,1229,79,'2009-04-11',1.80,11.04),(35944,2,2479,312,1,15.80,1230,79,'2008-05-27',1.80,6.74),(35945,2,1808,0,0,14.00,1231,79,'2010-03-29',NULL,NULL),(35946,2,1974,71,1,29.20,1232,79,'2009-10-14',1.80,4.07),(35947,2,2028,15,1,28.00,1233,79,'2009-08-21',1.80,1.27),(35948,2,2138,60,1,15.20,1234,79,'2009-05-03',1.80,3.77),(35949,2,1852,115,1,14.00,1235,79,'2010-02-13',1.80,4.94),(35950,2,2429,2245,1,11.20,1236,79,'2008-07-16',1.80,10.29),(35951,2,2173,84,1,31.60,1237,79,'2009-03-29',1.80,4.38),(35952,2,2246,533,1,9.40,1238,79,'2009-01-15',1.80,7.70),(35953,2,1952,403,1,24.60,1239,79,'2009-11-05',1.80,7.20),(35954,2,2201,100,1,15.40,1240,79,'2009-03-01',1.80,4.69),(35955,2,2134,0,0,19.80,1241,79,'2009-05-07',NULL,NULL),(35956,2,2422,419,1,17.40,1242,79,'2008-07-23',1.80,7.27),(35957,2,2153,671,1,24.00,1243,79,'2009-04-18',1.80,8.12),(35958,2,2203,546,1,23.40,1244,79,'2009-02-27',1.80,7.74),(35959,2,2150,175,1,24.60,1245,79,'2009-04-21',1.80,5.70),(35960,2,2124,216,1,22.40,1246,79,'2009-05-17',1.80,6.08),(35961,2,2133,1526,1,17.20,1247,79,'2009-05-08',1.80,9.59),(35962,2,2289,139,1,8.60,1248,79,'2008-12-03',1.80,5.28),(35963,2,1938,3145,1,25.00,1249,79,'2009-11-19',1.80,10.90),(35964,2,2105,73,1,19.60,1250,79,'2009-06-05',1.80,4.12),(35965,2,2411,228,1,25.60,1251,79,'2008-08-03',1.80,6.17),(35966,2,2141,1441,1,24.40,1252,79,'2009-04-30',1.80,9.49),(35967,2,1915,251,1,18.20,1253,79,'2009-12-12',1.80,6.35),(35968,2,2128,259,1,23.20,1254,79,'2009-05-13',1.80,6.40),(35969,2,2162,168,1,29.20,1256,79,'2009-04-09',1.80,5.62),(35970,2,2277,608,1,20.40,1257,79,'2008-12-15',1.80,7.94),(35971,2,2142,133,1,27.00,1258,79,'2009-04-29',1.80,5.20),(35972,2,2530,228,1,20.20,1259,79,'2008-04-06',1.80,6.17),(35973,2,1835,2305,1,27.20,1260,79,'2010-03-02',1.80,10.34),(35974,2,1821,741,1,14.60,1261,79,'2010-03-16',1.80,8.29),(35975,2,2521,600,1,14.20,1262,79,'2008-04-15',1.80,7.91),(35976,2,2161,238,1,23.80,1263,79,'2009-04-10',1.80,6.25),(35977,2,2421,260,1,21.60,1264,79,'2008-07-24',1.80,6.41),(35978,2,2075,1755,1,15.20,1265,79,'2009-07-05',1.80,9.85),(35979,2,1938,1287,1,25.00,1266,79,'2009-11-19',1.80,9.29),(35980,2,2505,453,1,15.00,1267,79,'2008-05-01',1.80,7.41),(35981,2,2148,93,1,30.20,1268,79,'2009-04-23',1.80,4.56),(35982,2,2110,68,1,18.80,1269,79,'2009-05-31',1.80,4.00),(35983,2,1844,3645,1,14.20,1270,79,'2010-02-21',1.80,11.16),(35984,2,2340,1190,1,22.20,1271,79,'2008-10-13',1.80,9.15),(35985,2,2190,127,1,19.40,1272,79,'2009-03-12',1.80,5.12),(35986,2,2279,1264,1,17.40,1273,79,'2008-12-13',1.80,9.26),(35987,2,1940,426,1,31.60,1274,79,'2009-11-17',1.80,7.30),(35988,2,2138,1476,1,29.40,1275,79,'2009-05-03',1.80,9.53),(35989,2,1991,86,1,36.20,1276,79,'2009-09-27',1.80,4.42),(35990,2,2573,529,1,11.60,1277,79,'2008-02-23',1.80,7.69),(35991,2,2193,335,1,24.00,1278,79,'2009-03-09',1.80,6.87),(35992,2,2168,133,1,17.00,1279,79,'2009-04-03',1.80,5.20),(35993,2,2575,324,1,26.40,1280,79,'2008-02-21',1.80,6.81),(35994,2,2089,2883,1,29.40,1281,79,'2009-06-21',1.80,10.74),(35995,2,2130,42,1,26.60,1282,79,'2009-05-11',1.80,3.13),(35996,2,2184,70,1,22.80,1283,79,'2009-03-18',1.80,4.05),(35997,2,2390,224,1,17.80,1284,79,'2008-08-24',1.80,6.14),(35998,2,2279,187,1,23.00,1285,79,'2008-12-13',1.80,5.82),(35999,2,1988,1049,1,14.00,1286,79,'2009-09-30',1.80,8.92),(36000,2,2091,150,1,29.60,1287,79,'2009-06-19',1.80,5.42),(36001,2,2400,643,1,26.60,1288,79,'2008-08-14',1.80,8.04),(36002,2,2138,167,1,25.20,1289,79,'2009-05-03',1.80,5.61),(36003,2,2155,4,1,33.40,1290,79,'2009-04-16',1.80,0.00),(36004,2,2168,8,1,24.60,1291,79,'2009-04-03',1.80,0.14),(36005,2,2433,68,1,24.60,1292,79,'2008-07-12',1.80,4.00),(36006,2,2484,473,1,27.40,1293,79,'2008-05-22',1.80,7.49),(36007,2,2071,521,1,31.80,1294,79,'2009-07-09',1.80,7.66),(36008,2,2133,590,1,30.00,1295,79,'2009-05-08',1.80,7.88),(36009,2,1808,488,1,21.00,1296,79,'2010-03-29',1.80,7.54),(36010,2,1850,259,1,17.00,1297,79,'2010-02-15',1.80,6.40),(36011,2,1886,206,1,30.20,1299,79,'2010-01-10',1.80,5.99),(36012,2,2162,432,1,17.00,1300,79,'2009-04-09',1.80,7.32),(36013,2,2203,2563,1,26.20,1301,79,'2009-02-27',1.80,10.53),(36014,2,1813,113,1,20.20,1302,79,'2010-03-24',1.80,4.91),(36015,2,1933,150,1,37.20,1303,79,'2009-11-24',1.80,5.42),(36016,2,2130,1209,1,25.60,1304,79,'2009-05-11',1.80,9.18),(36017,2,1970,8,1,25.00,1305,79,'2009-10-18',1.80,0.14),(36018,2,2123,381,1,25.80,1306,79,'2009-05-18',1.80,7.10),(36019,2,2196,2410,1,24.00,1307,79,'2009-03-06',1.80,10.42),(36020,2,2089,101,1,33.20,1308,79,'2009-06-21',1.80,4.71),(36021,2,2442,538,1,24.80,1309,79,'2008-07-03',1.80,7.72),(36022,2,2540,1589,1,4.80,1310,79,'2008-03-27',1.80,9.67),(36023,2,2124,13,1,29.80,1311,79,'2009-05-17',1.80,1.02),(36024,2,2200,230,1,25.20,1312,79,'2009-03-02',1.80,6.19),(36025,2,1989,286,1,19.20,1313,79,'2009-09-29',1.80,6.58),(36026,2,2431,379,1,22.00,1314,79,'2008-07-14',1.80,7.09),(36027,2,2040,297,1,30.00,1315,79,'2009-08-09',1.80,6.65),(36028,2,2212,155,1,22.80,1316,79,'2009-02-18',1.80,5.48),(36029,2,2201,725,1,16.20,1317,79,'2009-03-01',1.80,8.26),(36030,2,1816,10,1,34.20,1318,79,'2010-03-21',1.80,0.54),(36031,2,2218,138,1,29.00,1319,79,'2009-02-12',1.80,5.27),(36032,2,2028,190,1,38.80,1320,79,'2009-08-21',1.80,5.84),(36033,2,2076,344,1,33.20,1321,79,'2009-07-04',1.80,6.91),(36034,2,2032,1992,1,26.00,1322,79,'2009-08-17',1.80,10.07),(36035,2,2177,77,1,30.20,1324,79,'2009-03-25',1.80,4.22),(36036,2,2437,3054,1,18.40,1325,79,'2008-07-08',1.80,10.84),(36037,2,1911,1240,1,33.00,1326,79,'2009-12-16',1.80,9.22),(36038,2,2534,169,1,15.60,1327,79,'2008-04-02',1.80,5.63),(36039,2,2134,181,1,24.00,1328,79,'2009-05-07',1.80,5.76),(36040,2,2078,121,1,43.60,1329,79,'2009-07-02',1.80,5.03),(36041,2,1982,4,1,42.80,1330,79,'2009-10-06',1.80,0.00),(36042,2,2603,409,1,17.00,1331,79,'2008-01-24',1.80,7.22),(36043,2,2087,170,1,31.60,1332,79,'2009-06-23',1.80,5.64),(36044,2,1885,410,1,17.60,1333,79,'2010-01-11',1.80,7.23),(36045,2,2121,241,1,30.60,1334,79,'2009-05-20',1.80,6.27),(36046,2,2404,346,1,19.40,1335,79,'2008-08-10',1.80,6.92),(36047,2,2580,0,0,16.20,1336,79,'2008-02-16',NULL,NULL),(36048,2,2104,857,1,31.00,1337,79,'2009-06-06',1.80,8.56),(36049,2,2040,11,1,33.60,1339,79,'2009-08-09',1.80,0.72),(36050,2,1866,2278,1,19.00,1340,79,'2010-01-30',1.80,10.32),(36051,2,2292,444,1,25.80,1341,79,'2008-11-30',1.80,7.37),(36052,2,1842,681,1,21.40,1342,79,'2010-02-23',1.80,8.14),(36053,2,1910,267,1,14.20,1343,79,'2009-12-17',1.80,6.46),(36054,2,2030,12,1,38.40,1344,79,'2009-08-19',1.80,0.87),(36055,2,2045,13,1,37.20,1345,79,'2009-08-04',1.80,1.02),(36056,2,1840,237,1,16.20,1346,79,'2010-02-25',1.80,6.24),(36057,2,1987,2,1,22.80,1347,79,'2009-10-01',1.80,0.00),(36058,2,2339,1008,1,22.40,1348,79,'2008-10-14',1.80,8.85),(36059,2,2048,614,1,34.60,1349,79,'2009-08-01',1.80,7.96),(36060,2,2051,0,0,20.40,1350,79,'2009-07-29',NULL,NULL),(36061,2,2098,1366,1,26.00,1351,79,'2009-06-12',1.80,9.40),(36062,2,2217,192,1,29.20,1352,79,'2009-02-13',1.80,5.86),(36063,2,2177,1022,1,17.40,1353,79,'2009-03-25',1.80,8.87),(36064,2,2200,15,1,22.60,1354,79,'2009-03-02',1.80,1.27),(36065,2,2117,226,1,29.00,1355,79,'2009-05-24',1.80,6.16),(36066,2,1939,446,1,33.40,1356,79,'2009-11-18',1.80,7.38),(36067,2,2179,153,1,19.40,1357,79,'2009-03-23',1.80,5.45),(36068,2,2163,271,1,20.20,1358,79,'2009-04-08',1.80,6.48),(36069,2,2199,12,1,21.20,1359,79,'2009-03-03',1.80,0.87),(36070,2,2173,1168,1,23.00,1360,79,'2009-03-29',1.80,9.11),(36071,2,1983,131,1,41.60,1361,79,'2009-10-05',1.80,5.18),(36072,2,1998,110,1,23.60,1362,79,'2009-09-20',1.80,4.86),(36073,2,2282,171,1,25.20,1363,79,'2008-12-10',1.80,5.65),(36074,2,2203,67,1,27.40,1364,79,'2009-02-27',1.80,3.97),(36075,2,2063,14,1,28.40,1365,79,'2009-07-17',1.80,1.15),(36076,2,2579,365,1,13.00,1366,79,'2008-02-17',1.80,7.02),(36077,2,2027,351,1,32.80,1367,79,'2009-08-22',1.80,6.95),(36078,2,1976,28,1,44.80,1368,79,'2009-10-12',1.80,2.40),(36079,2,2416,387,1,19.60,1369,79,'2008-07-29',1.80,7.13),(36080,2,2107,337,1,33.20,1370,79,'2009-06-03',1.80,6.88),(36081,2,1823,343,1,21.00,1371,79,'2010-03-14',1.80,6.91),(36082,2,2018,95,1,41.40,1372,79,'2009-08-31',1.80,4.60),(36083,2,1816,152,1,20.40,1373,79,'2010-03-21',1.80,5.44),(36084,2,2232,23,1,22.80,1374,79,'2009-01-29',1.80,2.04),(36085,2,2428,216,1,23.60,1375,79,'2008-07-17',1.80,6.08),(36086,2,2190,608,1,16.00,1376,79,'2009-03-12',1.80,7.94),(36087,2,1817,109,1,18.60,1377,79,'2010-03-20',1.80,4.84),(36088,2,2149,13,1,43.00,1378,79,'2009-04-22',1.80,1.02),(36089,2,1921,1161,1,7.60,1379,79,'2009-12-06',1.80,9.10),(36090,2,2133,6,1,23.00,1380,79,'2009-05-08',1.80,0.00),(36091,2,2516,71,1,19.20,1381,79,'2008-04-20',1.80,4.07),(36092,2,2058,3,1,29.40,1382,79,'2009-07-22',1.80,0.00),(36093,2,1922,226,1,20.80,1383,79,'2009-12-05',1.80,6.16),(36094,2,1921,48,1,33.60,1384,79,'2009-12-06',1.80,3.37),(36095,2,2166,61,1,28.80,1385,79,'2009-04-05',1.80,3.80),(36096,2,2091,116,1,17.60,1386,79,'2009-06-19',1.80,4.96),(36097,2,2150,64,1,19.40,1387,79,'2009-04-21',1.80,3.89),(36098,2,1979,1287,1,35.80,1388,79,'2009-10-09',1.80,9.29),(36099,2,1946,103,1,48.00,1389,79,'2009-11-11',1.80,4.74),(36100,2,2056,897,1,33.40,1390,79,'2009-07-24',1.80,8.64),(36101,2,2112,1101,1,19.60,1391,79,'2009-05-29',1.80,9.01),(36102,2,2112,289,1,25.80,1392,79,'2009-05-29',1.80,6.60),(36103,2,1956,385,1,41.40,1393,79,'2009-11-01',1.80,7.12),(36104,2,1961,863,1,31.80,1394,79,'2009-10-27',1.80,8.57),(36105,2,2134,107,1,21.40,1395,79,'2009-05-07',1.80,4.81),(36106,2,1987,467,1,24.40,1396,79,'2009-10-01',1.80,7.46),(36107,2,1981,81,1,37.40,1397,79,'2009-10-07',1.80,4.31),(36108,2,2167,8,1,31.40,1398,79,'2009-04-04',1.80,0.14),(36109,2,1811,157,1,21.20,1399,79,'2010-03-26',1.80,5.50),(36110,2,2138,172,1,33.60,1400,79,'2009-05-03',1.80,5.67),(36111,2,2155,1394,1,22.80,1401,79,'2009-04-16',1.80,9.43),(36112,2,2173,176,1,20.60,1402,79,'2009-03-29',1.80,5.71),(36113,2,2003,2427,1,33.60,1403,79,'2009-09-15',1.80,10.43),(36114,2,2120,148,1,34.80,1404,79,'2009-05-21',1.80,5.39),(36115,2,1969,197,1,31.80,1405,79,'2009-10-19',1.80,5.91),(36116,2,2063,173,1,26.60,1406,79,'2009-07-17',1.80,5.68),(36117,2,2082,58,1,23.20,1407,79,'2009-06-28',1.80,3.71),(36118,2,2080,2,1,35.20,1408,79,'2009-06-30',1.80,0.00),(36119,2,2157,330,1,27.00,1409,79,'2009-04-14',1.80,6.84),(36120,2,2086,1527,1,31.00,1410,79,'2009-06-24',1.80,9.60),(36121,2,2117,1726,1,38.00,1411,79,'2009-05-24',1.80,9.82),(36122,2,1821,70,1,15.40,1412,79,'2010-03-16',1.80,4.05),(36123,2,2007,53,1,31.80,1413,79,'2009-09-11',1.80,3.55),(36124,2,1816,2311,1,23.20,1414,79,'2010-03-21',1.80,10.34),(36125,2,2086,193,1,22.00,1415,79,'2009-06-24',1.80,5.87),(36126,2,2387,66,1,27.00,1416,79,'2008-08-27',1.80,3.94),(36127,1,2535,288,1,9.60,1417,79,'2008-04-01',0.52,1.90),(36128,2,1990,7,1,40.00,1418,79,'2009-09-28',1.80,0.00),(36129,2,1847,190,1,21.80,1419,79,'2010-02-18',1.80,5.84),(36130,2,1834,513,1,18.60,1420,79,'2010-03-03',1.80,7.63),(36131,2,2023,7,1,34.00,1421,79,'2009-08-26',1.80,0.00),(36132,2,2208,200,1,20.20,1422,79,'2009-02-22',1.80,5.94),(36133,2,2398,363,1,19.00,1423,79,'2008-08-16',1.80,7.01),(36134,2,2133,98,1,31.40,1424,79,'2009-05-08',1.80,4.65),(36135,2,2129,215,1,15.00,1425,79,'2009-05-12',1.80,6.07),(36136,2,2424,470,1,24.20,1426,79,'2008-07-21',1.80,7.47),(36137,2,1808,126,1,22.80,1427,79,'2010-03-29',1.80,5.11),(36138,2,2105,57,1,22.60,1428,79,'2009-06-05',1.80,3.68),(36139,2,2094,147,1,32.40,1429,79,'2009-06-16',1.80,5.38),(36140,2,1858,12,1,15.60,1430,79,'2010-02-07',1.80,0.87),(36141,2,2057,26,1,27.40,1431,79,'2009-07-23',1.80,2.26),(36142,2,2155,4,1,29.40,1432,79,'2009-04-16',1.80,0.00),(36143,2,1993,3163,1,39.80,1433,79,'2009-09-25',1.80,10.91),(36144,2,2448,90,1,19.80,1434,79,'2008-06-27',1.80,4.50),(36145,2,2373,114,1,21.40,1435,79,'2008-09-10',1.80,4.93),(36146,2,2429,183,1,23.60,1436,79,'2008-07-16',1.80,5.78),(36147,2,2105,131,1,32.40,1437,79,'2009-06-05',1.80,5.18),(36148,2,2086,81,1,31.40,1438,79,'2009-06-24',1.80,4.31),(36149,2,2030,5,1,31.00,1439,79,'2009-08-19',1.80,0.00),(36150,2,2165,5,1,34.80,1440,79,'2009-04-06',1.80,0.00),(36151,2,1937,6,1,37.80,1441,79,'2009-11-20',1.80,0.00),(36152,2,2028,5,1,36.40,1442,79,'2009-08-21',1.80,0.00),(36153,2,2434,344,1,10.20,1443,79,'2008-07-11',1.80,6.91),(36154,2,1969,5,1,39.20,1444,79,'2009-10-19',1.80,0.00),(36155,2,1975,60,1,38.40,1445,79,'2009-10-13',1.80,3.77),(36156,2,2082,45,1,29.60,1446,79,'2009-06-28',1.80,3.25),(36157,2,1822,1624,1,19.40,1447,79,'2010-03-15',1.80,9.71),(36158,2,2035,48,1,31.60,1448,79,'2009-08-14',1.80,3.37),(36159,2,1968,13,1,38.20,1449,79,'2009-10-20',1.80,1.02),(36160,2,1965,51,1,41.00,1450,79,'2009-10-23',1.80,3.48),(36161,1,2524,152,1,11.00,1451,79,'2008-04-12',0.52,1.57),(36162,2,2132,95,1,32.80,1452,79,'2009-05-09',1.80,4.60),(36163,2,2133,6,1,21.80,1453,79,'2009-05-08',1.80,0.00),(36164,2,2104,236,1,34.80,1454,79,'2009-06-06',1.80,6.23),(36165,2,1824,210,1,9.20,1455,79,'2010-03-13',1.80,6.02),(36166,2,1988,51,1,45.40,1456,79,'2009-09-30',1.80,3.48),(36167,2,1859,31,1,17.20,1457,79,'2010-02-06',1.80,2.58),(36168,2,1997,330,1,41.00,1458,79,'2009-09-21',1.80,6.84),(36169,2,2081,295,1,22.60,1459,79,'2009-06-29',1.80,6.64),(36170,2,1807,1916,1,26.20,1460,79,'2010-03-30',1.80,10.00),(36171,2,2075,259,1,28.60,1461,79,'2009-07-05',1.80,6.40),(36172,1,2138,86,1,35.60,1462,79,'2009-05-03',0.52,1.28),(36173,2,2083,62,1,23.00,1463,79,'2009-06-27',1.80,3.83),(36174,2,1989,204,1,42.00,1464,79,'2009-09-29',1.80,5.97),(36175,2,2117,95,1,17.80,1465,79,'2009-05-24',1.80,4.60),(36176,2,2148,200,1,27.40,1466,79,'2009-04-23',1.80,5.94),(36177,2,1976,107,1,36.60,1467,79,'2009-10-12',1.80,4.81),(36178,2,2135,61,1,34.60,1468,79,'2009-05-06',1.80,3.80),(36179,2,1886,1773,1,13.40,1469,79,'2010-01-10',1.80,9.86),(36180,2,2130,53,1,21.40,1470,79,'2009-05-11',1.80,3.55),(36181,2,2090,56,1,30.00,1471,79,'2009-06-20',1.80,3.65),(36182,1,2440,222,1,14.60,1472,79,'2008-07-05',0.52,1.77),(36183,2,2426,4,1,20.80,1473,79,'2008-07-19',1.80,0.00),(36184,2,1855,188,1,12.60,1474,79,'2010-02-10',1.80,5.83),(36185,2,2134,71,1,24.00,1475,79,'2009-05-07',1.80,4.07),(36186,2,2121,91,1,28.20,1476,79,'2009-05-20',1.80,4.52),(36187,2,2084,132,1,24.40,1478,79,'2009-06-26',1.80,5.19),(36188,2,2132,192,1,25.20,1479,79,'2009-05-09',1.80,5.86),(36189,1,2533,118,1,22.60,1480,79,'2008-04-03',0.52,1.44),(36190,1,2507,90,1,13.00,1481,79,'2008-04-29',0.52,1.30),(36191,2,1987,431,1,31.40,1482,79,'2009-10-01',1.80,7.32),(36192,2,2013,15,1,19.40,1483,79,'2009-09-05',1.80,1.27),(36193,2,1946,67,1,12.60,1484,79,'2009-11-11',1.80,3.97),(36194,2,1820,210,1,32.60,1485,79,'2010-03-17',1.80,6.02),(36195,2,2152,12,1,30.40,1486,79,'2009-04-19',1.80,0.87),(36196,2,2002,78,1,33.20,1487,79,'2009-09-16',1.80,4.24),(36197,1,2282,1205,1,20.40,1488,79,'2008-12-10',0.52,2.65),(36198,2,2040,14,1,25.80,1489,79,'2009-08-09',1.80,1.15),(36199,2,1927,412,1,37.20,1490,79,'2009-11-30',1.80,7.24),(36200,1,2360,62,1,10.00,1491,79,'2008-09-23',0.52,1.11),(36201,2,1936,527,1,29.00,1492,79,'2009-11-21',1.80,7.68),(36202,1,1999,3350,1,32.80,1493,79,'2009-09-19',0.52,3.18),(36203,1,2145,128,1,25.60,1494,79,'2009-04-26',0.52,1.48),(36204,1,2262,56,1,25.00,1495,79,'2008-12-30',0.52,1.05),(36205,2,2016,128,1,36.00,1496,79,'2009-09-02',1.80,5.13),(36206,2,1913,462,1,36.20,1498,79,'2009-12-14',1.80,7.44),(36207,2,1971,514,1,36.80,1499,79,'2009-10-17',1.80,7.64),(36208,2,2013,7,1,33.00,1500,79,'2009-09-05',1.80,0.00),(36209,1,2360,56,1,20.60,1501,79,'2008-09-23',0.52,1.05),(36210,2,1801,1623,1,16.20,1502,79,'2010-04-05',1.80,9.71),(36211,1,2289,941,1,21.60,1503,79,'2008-12-03',0.52,2.52),(36212,2,1909,4,1,28.00,1504,79,'2009-12-18',1.80,0.00),(36213,2,1922,121,1,23.60,1505,79,'2009-12-05',1.80,5.03),(36214,1,2358,298,1,21.40,1506,79,'2008-09-25',0.52,1.92),(36215,1,2336,133,1,18.40,1507,79,'2008-10-17',0.52,1.50),(36216,1,2355,2,1,24.40,1508,79,'2008-09-28',0.52,0.00),(36217,1,2290,14,1,19.60,1509,79,'2008-12-02',0.52,0.33),(36218,2,1848,212,1,9.40,1510,79,'2010-02-17',1.80,6.04),(36219,1,2368,123,1,15.00,1511,79,'2008-09-15',0.52,1.46),(36220,2,1986,4,1,32.00,1512,79,'2009-10-02',1.80,0.00),(36221,2,1944,0,0,24.00,1513,79,'2009-11-13',NULL,NULL),(36222,1,2061,116,1,27.20,1514,79,'2009-07-19',0.52,1.43),(36223,1,2362,223,1,23.80,1515,79,'2008-09-21',0.52,1.77),(36224,1,2380,135,1,24.20,1516,79,'2008-09-03',0.52,1.51),(36225,1,1937,10,1,20.20,1517,79,'2009-11-20',0.52,0.16),(36226,2,1915,164,1,25.60,1518,79,'2009-12-12',1.80,5.58),(36227,1,2355,185,1,26.20,1519,79,'2008-09-28',0.52,1.67),(36228,1,2175,10,1,23.60,1520,79,'2009-03-27',0.52,0.16),(36229,2,1931,61,1,32.80,1521,79,'2009-11-26',1.80,3.80),(36230,1,2151,102,1,24.00,1522,79,'2009-04-20',0.52,1.36),(36231,1,2135,126,1,17.00,1523,79,'2009-05-06',0.52,1.47),(36232,2,1960,11,1,17.80,1524,79,'2009-10-28',1.80,0.72),(36233,2,1816,154,1,20.80,1525,79,'2010-03-21',1.80,5.47),(36234,1,2314,92,1,33.60,1526,79,'2008-11-08',0.52,1.31),(36235,1,2175,6,1,23.20,1527,79,'2009-03-27',0.52,0.00),(36236,2,1943,3,1,29.40,1528,79,'2009-11-14',1.80,0.00),(36237,1,2175,89,1,15.60,1529,79,'2009-03-27',0.52,1.29),(36238,1,2186,12,1,15.00,1530,79,'2009-03-16',0.52,0.25),(36239,2,1859,723,1,23.00,1531,79,'2010-02-06',1.80,8.25),(36240,1,2179,9,1,20.60,1532,79,'2009-03-23',0.52,0.10),(36241,1,2306,485,1,11.20,1533,79,'2008-11-16',0.52,2.18),(36242,1,1918,607,1,10.40,1534,79,'2009-12-09',0.52,2.29),(36243,2,1819,457,1,15.40,1535,79,'2010-03-18',1.80,7.42),(36244,1,2176,600,1,22.60,1536,79,'2009-03-26',0.52,2.29),(36245,1,2191,110,1,29.60,1537,79,'2009-03-11',0.52,1.40),(36246,1,2133,5,1,25.20,1538,79,'2009-05-08',0.52,0.00),(36247,1,2078,73,1,32.40,1539,79,'2009-07-02',0.52,1.19),(36248,1,2171,54,1,23.40,1540,79,'2009-03-31',0.52,1.03),(36249,1,2188,312,1,18.20,1541,79,'2009-03-14',0.52,1.95),(36250,1,2189,6,1,29.80,1542,79,'2009-03-13',0.52,0.00),(36251,1,2186,2,1,23.00,1543,79,'2009-03-16',0.52,0.00),(36252,2,1806,4,1,21.40,1544,79,'2010-03-31',1.80,0.00),(36253,1,2175,128,1,25.40,1545,79,'2009-03-27',0.52,1.48),(36254,1,2184,4,1,22.00,1546,79,'2009-03-18',0.52,0.00),(36255,2,1801,52,1,25.60,1547,79,'2010-04-05',1.80,3.51),(36256,1,2180,285,1,29.40,1548,79,'2009-03-22',0.52,1.90),(36257,1,2336,3,1,23.20,1549,79,'2008-10-17',0.52,0.00),(36258,1,2175,52,1,22.20,1550,79,'2009-03-27',0.52,1.01),(36259,2,1816,157,1,24.80,1551,79,'2010-03-21',1.80,5.50),(36260,1,2173,182,1,26.00,1552,79,'2009-03-29',0.52,1.67),(36261,1,2168,1155,1,18.40,1553,79,'2009-04-03',0.52,2.63),(36262,1,2164,11,1,23.80,1554,79,'2009-04-07',0.52,0.21),(36263,1,2180,292,1,30.80,1555,79,'2009-03-22',0.52,1.91),(36264,1,2159,51,1,26.40,1556,79,'2009-04-12',0.52,1.00),(36265,1,2181,8,1,23.80,1557,79,'2009-03-21',0.52,0.04),(36266,1,2112,9,1,20.00,1558,79,'2009-05-29',0.52,0.10),(36267,1,2022,281,1,36.00,1559,79,'2009-08-27',0.52,1.89),(36268,1,2162,83,1,27.80,1560,79,'2009-04-09',0.52,1.26),(36269,1,2023,417,1,32.60,1561,79,'2009-08-26',0.52,2.10),(36270,1,2183,1,1,19.80,1562,79,'2009-03-19',0.52,0.00),(36271,1,2163,102,1,23.00,1563,79,'2009-04-08',0.52,1.36),(36272,1,2169,375,1,24.20,1564,79,'2009-04-02',0.52,2.04),(36273,1,2157,1927,1,17.40,1565,79,'2009-04-14',0.52,2.89),(36274,2,1821,246,1,18.00,1566,79,'2010-03-16',1.80,6.31),(36275,2,1803,4,1,29.20,1567,79,'2010-04-03',1.80,0.00),(36276,1,2070,8,1,24.00,1568,79,'2009-07-10',0.52,0.04),(36277,1,2117,78,1,30.00,1569,79,'2009-05-24',0.52,1.23),(36278,1,1999,191,1,21.20,1570,79,'2009-09-19',0.52,1.69),(36279,1,1971,8,1,26.00,1571,79,'2009-10-17',0.52,0.04),(36280,1,2059,89,1,25.20,1572,79,'2009-07-21',0.52,1.29),(36281,1,2186,25,1,22.00,1573,79,'2009-03-16',0.52,0.63),(36282,1,2175,102,1,10.60,1574,79,'2009-03-27',0.52,1.36),(36283,1,2041,178,1,24.40,1575,79,'2009-08-08',0.52,1.65),(36284,1,2141,49,1,24.80,1576,79,'2009-04-30',0.52,0.98),(36285,2,1807,53,1,25.60,1577,79,'2010-03-30',1.80,3.55),(36286,1,2155,58,1,23.60,1578,79,'2009-04-16',0.52,1.07),(36287,1,1974,99,1,30.60,1579,79,'2009-10-14',0.52,1.35),(36288,1,2169,6,1,21.20,1580,79,'2009-04-02',0.52,0.00),(36289,1,1985,3,1,30.40,1581,79,'2009-10-03',0.52,0.00),(36290,1,2179,6,1,18.60,1582,79,'2009-03-23',0.52,0.00),(36291,1,2185,7,1,35.40,1583,79,'2009-03-17',0.52,0.00),(36292,1,1994,570,1,30.00,1584,79,'2009-09-24',0.52,2.26),(36293,1,2167,0,0,26.00,1585,79,'2009-04-04',NULL,NULL),(36294,1,2078,55,1,24.80,1586,79,'2009-07-02',0.52,1.04),(36295,1,2175,3,1,29.40,1587,79,'2009-03-27',0.52,0.00),(36296,2,1851,531,1,20.80,1588,79,'2010-02-14',1.80,7.69),(36297,1,2059,225,1,24.60,1589,79,'2009-07-21',0.52,1.78),(36298,1,2173,49,1,25.20,1590,79,'2009-03-29',0.52,0.98),(36299,2,1817,3,1,22.80,1591,79,'2010-03-20',1.80,0.00),(36300,1,2162,9,1,26.20,1592,79,'2009-04-09',0.52,0.10),(36301,1,2164,3,1,27.40,1593,79,'2009-04-07',0.52,0.00),(36302,1,2013,166,1,33.80,1594,79,'2009-09-05',0.52,1.62),(36303,1,2087,217,1,29.20,1595,79,'2009-06-23',0.52,1.76),(36304,1,2006,16,1,33.80,1596,79,'2009-09-12',0.52,0.40),(36305,1,2169,6,1,22.00,1597,79,'2009-04-02',0.52,0.00),(36306,1,2060,83,1,26.80,1598,79,'2009-07-20',0.52,1.26),(36307,1,2070,63,1,26.40,1599,79,'2009-07-10',0.52,1.11),(36308,1,2068,6,1,21.00,1600,79,'2009-07-12',0.52,0.00),(36309,1,2062,6,1,20.60,1601,79,'2009-07-18',0.52,0.00),(36310,1,1990,205,1,17.00,1602,79,'2009-09-28',0.52,1.73),(36311,1,1931,109,1,29.40,1603,79,'2009-11-26',0.52,1.40),(36312,1,2023,121,1,25.60,1604,79,'2009-08-26',0.52,1.45),(36313,1,2165,49,1,26.40,1605,79,'2009-04-06',0.52,0.98),(36314,1,2031,253,1,26.80,1606,79,'2009-08-18',0.52,1.84),(36315,1,2023,76,1,23.20,1607,79,'2009-08-26',0.52,1.21),(36316,1,2023,57,1,22.80,1608,79,'2009-08-26',0.52,1.06),(36317,1,1990,416,1,25.60,1609,79,'2009-09-28',0.52,2.10),(36318,1,2091,55,1,12.60,1610,79,'2009-06-19',0.52,1.04),(36319,1,2048,259,1,19.40,1611,79,'2009-08-01',0.52,1.85),(36320,1,1943,108,1,28.00,1612,79,'2009-11-14',0.52,1.39),(36321,1,2056,559,1,18.00,1613,79,'2009-07-24',0.52,2.25),(36322,1,2014,13,1,24.60,1614,79,'2009-09-04',0.52,0.29),(36323,1,2059,0,0,21.00,1615,79,'2009-07-21',NULL,NULL),(36324,1,1984,475,1,27.60,1617,79,'2009-10-04',0.52,2.16),(36325,2,1993,282,1,31.20,1619,79,'2009-09-25',1.80,6.56),(36326,2,2947,1278,1,16.80,1620,79,'2007-02-14',1.80,9.28),(36327,2,2147,11,1,33.80,1621,79,'2009-04-24',1.80,0.72),(36328,2,1917,10,1,23.20,1622,79,'2009-12-10',1.80,0.54),(36329,2,1908,0,0,25.53,1255,79,'2009-12-19',NULL,NULL),(36330,2,1997,0,0,25.53,1298,79,'2009-09-21',NULL,NULL),(36331,2,1922,0,0,25.53,1323,79,'2009-12-05',NULL,NULL),(36332,2,2159,0,0,25.53,1338,79,'2009-04-12',NULL,NULL),(36333,1,2523,0,0,23.55,1477,79,'2008-04-13',NULL,NULL),(36334,2,1908,0,0,25.53,1497,79,'2009-12-19',NULL,NULL),(36335,1,2032,0,0,23.55,1616,79,'2009-08-17',NULL,NULL),(36336,1,1986,0,0,23.55,1618,79,'2009-10-02',NULL,NULL),(36337,2,2008,1004,1,24.60,2450,71,'2009-09-01',1.80,8.84),(36338,2,2353,188,1,17.00,2451,71,'2008-09-21',1.80,5.83),(36339,2,2151,3415,1,19.00,2452,71,'2009-04-11',1.80,11.04),(36340,2,2470,312,1,15.80,2453,71,'2008-05-27',1.80,6.74),(36341,2,1799,NULL,0,14.00,2454,71,'2010-03-29',NULL,NULL),(36342,2,1965,71,1,29.20,2455,71,'2009-10-14',1.80,4.07),(36343,2,2019,15,1,28.00,2456,71,'2009-08-21',1.80,1.27),(36344,2,2129,60,1,15.20,2457,71,'2009-05-03',1.80,3.77),(36345,2,1843,115,1,14.00,2458,71,'2010-02-13',1.80,4.94),(36346,2,2420,2245,1,11.20,2459,71,'2008-07-16',1.80,10.29),(36347,2,2164,84,1,31.60,2460,71,'2009-03-29',1.80,4.38),(36348,2,2237,533,1,9.40,2461,71,'2009-01-15',1.80,7.70),(36349,2,1943,403,1,24.60,2462,71,'2009-11-05',1.80,7.20),(36350,2,2192,100,1,15.40,2463,71,'2009-03-01',1.80,4.69),(36351,2,2125,NULL,0,19.80,2464,71,'2009-05-07',NULL,NULL),(36352,2,2413,419,1,17.40,2465,71,'2008-07-23',1.80,7.27),(36353,2,2144,671,1,24.00,2466,71,'2009-04-18',1.80,8.12),(36354,2,2194,546,1,23.40,2467,71,'2009-02-27',1.80,7.74),(36355,2,2141,175,1,24.60,2468,71,'2009-04-21',1.80,5.70),(36356,2,2115,216,1,22.40,2469,71,'2009-05-17',1.80,6.08),(36357,2,2124,1526,1,17.20,2470,71,'2009-05-08',1.80,9.59),(36358,2,2280,139,1,8.60,2471,71,'2008-12-03',1.80,5.28),(36359,2,1929,3145,1,25.00,2472,71,'2009-11-19',1.80,10.90),(36360,2,2096,73,1,19.60,2473,71,'2009-06-05',1.80,4.12),(36361,2,2402,228,1,25.60,2474,71,'2008-08-03',1.80,6.17),(36362,2,2132,1441,1,24.40,2475,71,'2009-04-30',1.80,9.49),(36363,2,1906,251,1,18.20,2476,71,'2009-12-12',1.80,6.35),(36364,2,2119,259,1,23.20,2477,71,'2009-05-13',1.80,6.40),(36365,2,2153,168,1,29.20,2479,71,'2009-04-09',1.80,5.62),(36366,2,2268,608,1,20.40,2480,71,'2008-12-15',1.80,7.94),(36367,2,2133,133,1,27.00,2481,71,'2009-04-29',1.80,5.20),(36368,2,2521,228,1,20.20,2482,71,'2008-04-06',1.80,6.17),(36369,2,1826,2305,1,27.20,2483,71,'2010-03-02',1.80,10.34),(36370,2,1812,741,1,14.60,2484,71,'2010-03-16',1.80,8.29),(36371,2,0,600,1,14.20,2485,71,'2015-03-02',0.88,3.87),(36372,2,2152,238,1,23.80,2486,71,'2009-04-10',1.80,6.25),(36373,2,2412,260,1,21.60,2487,71,'2008-07-24',1.80,6.41),(36374,2,2066,1755,1,15.20,2488,71,'2009-07-05',1.80,9.85),(36375,2,0,1287,1,25.00,2489,71,'2015-03-02',0.88,4.54),(36376,2,2496,453,1,15.00,2490,71,'2008-05-01',1.80,7.41),(36377,2,2139,93,1,30.20,2491,71,'2009-04-23',1.80,4.56),(36378,2,2101,68,1,18.80,2492,71,'2009-05-31',1.80,4.00),(36379,2,1835,3645,1,14.20,2493,71,'2010-02-21',1.80,11.16),(36380,2,2331,1190,1,22.20,2494,71,'2008-10-13',1.80,9.15),(36381,2,2181,127,1,19.40,2495,71,'2009-03-12',1.80,5.12),(36382,2,2270,1264,1,17.40,2496,71,'2008-12-13',1.80,9.26),(36383,2,0,426,1,31.60,2497,71,'2015-03-02',0.88,3.57),(36384,2,2129,1476,1,29.40,2498,71,'2009-05-03',1.80,9.53),(36385,2,1982,86,1,36.20,2499,71,'2009-09-27',1.80,4.42),(36386,2,2564,529,1,11.60,2500,71,'2008-02-23',1.80,7.69),(36387,2,2184,335,1,24.00,2501,71,'2009-03-09',1.80,6.87),(36388,2,2159,133,1,17.00,2502,71,'2009-04-03',1.80,5.20),(36389,2,2566,324,1,26.40,2503,71,'2008-02-21',1.80,6.81),(36390,2,2080,2883,1,29.40,2504,71,'2009-06-21',1.80,10.74),(36391,2,2121,42,1,26.60,2505,71,'2009-05-11',1.80,3.13),(36392,2,2175,70,1,22.80,2506,71,'2009-03-18',1.80,4.05),(36393,2,2381,224,1,17.80,2507,71,'2008-08-24',1.80,6.14),(36394,2,2270,187,1,23.00,2508,71,'2008-12-13',1.80,5.82),(36395,2,0,1049,1,14.00,2509,71,'2015-03-02',0.88,4.36),(36396,2,2082,150,1,29.60,2510,71,'2009-06-19',1.80,5.42),(36397,2,2391,643,1,26.60,2511,71,'2008-08-14',1.80,8.04),(36398,2,2129,167,1,25.20,2512,71,'2009-05-03',1.80,5.61),(36399,2,2146,4,1,33.40,2513,71,'2009-04-16',1.80,0.00),(36400,2,2159,8,1,24.60,2514,71,'2009-04-03',1.80,0.14),(36401,2,0,68,1,24.60,2515,71,'2015-03-02',0.88,1.95),(36402,2,2475,473,1,27.40,2516,71,'2008-05-22',1.80,7.49),(36403,2,2062,521,1,31.80,2517,71,'2009-07-09',1.80,7.66),(36404,2,2124,590,1,30.00,2518,71,'2009-05-08',1.80,7.88),(36405,2,1799,488,1,21.00,2519,71,'2010-03-29',1.80,7.54),(36406,2,1841,259,1,17.00,2520,71,'2010-02-15',1.80,6.40),(36407,2,1877,206,1,30.20,2522,71,'2010-01-10',1.80,5.99),(36408,2,2153,432,1,17.00,2523,71,'2009-04-09',1.80,7.32),(36409,2,2194,2563,1,26.20,2524,71,'2009-02-27',1.80,10.53),(36410,2,1804,113,1,20.20,2525,71,'2010-03-24',1.80,4.91),(36411,2,1924,150,1,37.20,2526,71,'2009-11-24',1.80,5.42),(36412,2,2121,1209,1,25.60,2527,71,'2009-05-11',1.80,9.18),(36413,2,1961,8,1,25.00,2528,71,'2009-10-18',1.80,0.14),(36414,2,2114,381,1,25.80,2529,71,'2009-05-18',1.80,7.10),(36415,2,2187,2410,1,24.00,2530,71,'2009-03-06',1.80,10.42),(36416,2,2080,101,1,33.20,2531,71,'2009-06-21',1.80,4.71),(36417,2,2433,538,1,24.80,2532,71,'2008-07-03',1.80,7.72),(36418,2,0,1589,1,4.80,2533,71,'2015-03-02',0.88,4.73),(36419,2,2115,13,1,29.80,2534,71,'2009-05-17',1.80,1.02),(36420,2,2191,230,1,25.20,2535,71,'2009-03-02',1.80,6.19),(36421,2,1980,286,1,19.20,2536,71,'2009-09-29',1.80,6.58),(36422,2,2422,379,1,22.00,2537,71,'2008-07-14',1.80,7.09),(36423,2,2031,297,1,30.00,2538,71,'2009-08-09',1.80,6.65),(36424,2,2203,155,1,22.80,2539,71,'2009-02-18',1.80,5.48),(36425,2,2192,725,1,16.20,2540,71,'2009-03-01',1.80,8.26),(36426,2,1807,10,1,34.20,2541,71,'2010-03-21',1.80,0.54),(36427,2,2209,138,1,29.00,2542,71,'2009-02-12',1.80,5.27),(36428,2,2019,190,1,38.80,2543,71,'2009-08-21',1.80,5.84),(36429,2,2067,344,1,33.20,2544,71,'2009-07-04',1.80,6.91),(36430,2,2023,1992,1,26.00,2545,71,'2009-08-17',1.80,10.07),(36431,2,2168,77,1,30.20,2547,71,'2009-03-25',1.80,4.22),(36432,2,2428,3054,1,18.40,2548,71,'2008-07-08',1.80,10.84),(36433,2,1902,1240,1,33.00,2549,71,'2009-12-16',1.80,9.22),(36434,2,2525,169,1,15.60,2550,71,'2008-04-02',1.80,5.63),(36435,2,2125,181,1,24.00,2551,71,'2009-05-07',1.80,5.76),(36436,2,2069,121,1,43.60,2552,71,'2009-07-02',1.80,5.03),(36437,2,1973,4,1,42.80,2553,71,'2009-10-06',1.80,0.00),(36438,2,2594,409,1,17.00,2554,71,'2008-01-24',1.80,7.22),(36439,2,2078,170,1,31.60,2555,71,'2009-06-23',1.80,5.64),(36440,2,1876,410,1,17.60,2556,71,'2010-01-11',1.80,7.23),(36441,2,2112,241,1,30.60,2557,71,'2009-05-20',1.80,6.27),(36442,2,0,346,1,19.40,2558,71,'2015-03-02',0.88,3.38),(36443,2,0,NULL,0,16.20,2559,71,'2015-03-02',NULL,NULL),(36444,2,2095,857,1,31.00,2560,71,'2009-06-06',1.80,8.56),(36445,2,2031,11,1,33.60,2562,71,'2009-08-09',1.80,0.72),(36446,2,1857,2278,1,19.00,2563,71,'2010-01-30',1.80,10.32),(36447,2,0,444,1,25.80,2564,71,'2015-03-02',0.88,3.60),(36448,2,1833,681,1,21.40,2565,71,'2010-02-23',1.80,8.14),(36449,2,1901,267,1,14.20,2566,71,'2009-12-17',1.80,6.46),(36450,2,2021,12,1,38.40,2567,71,'2009-08-19',1.80,0.87),(36451,2,2036,13,1,37.20,2568,71,'2009-08-04',1.80,1.02),(36452,2,1831,237,1,16.20,2569,71,'2010-02-25',1.80,6.24),(36453,2,1978,2,1,22.80,2570,71,'2009-10-01',1.80,0.00),(36454,2,2330,1008,1,22.40,2571,71,'2008-10-14',1.80,8.85),(36455,2,2039,614,1,34.60,2572,71,'2009-08-01',1.80,7.96),(36456,2,2042,NULL,0,20.40,2573,71,'2009-07-29',NULL,NULL),(36457,2,2089,1366,1,26.00,2574,71,'2009-06-12',1.80,9.40),(36458,2,2208,192,1,29.20,2575,71,'2009-02-13',1.80,5.86),(36459,2,2168,1022,1,17.40,2576,71,'2009-03-25',1.80,8.87),(36460,2,2191,15,1,22.60,2577,71,'2009-03-02',1.80,1.27),(36461,2,2108,226,1,29.00,2578,71,'2009-05-24',1.80,6.16),(36462,2,1930,446,1,33.40,2579,71,'2009-11-18',1.80,7.38),(36463,2,0,153,1,19.40,2580,71,'2015-03-02',0.88,2.67),(36464,2,2154,271,1,20.20,2581,71,'2009-04-08',1.80,6.48),(36465,2,2190,12,1,21.20,2582,71,'2009-03-03',1.80,0.87),(36466,2,2164,1168,1,23.00,2583,71,'2009-03-29',1.80,9.11),(36467,2,1974,131,1,41.60,2584,71,'2009-10-05',1.80,5.18),(36468,2,1989,110,1,23.60,2585,71,'2009-09-20',1.80,4.86),(36469,2,2273,171,1,25.20,2586,71,'2008-12-10',1.80,5.65),(36470,2,2194,67,1,27.40,2587,71,'2009-02-27',1.80,3.97),(36471,2,2054,14,1,28.40,2588,71,'2009-07-17',1.80,1.15),(36472,2,2570,365,1,13.00,2589,71,'2008-02-17',1.80,7.02),(36473,2,2018,351,1,32.80,2590,71,'2009-08-22',1.80,6.95),(36474,2,1967,28,1,44.80,2591,71,'2009-10-12',1.80,2.40),(36475,2,2407,387,1,19.60,2592,71,'2008-07-29',1.80,7.13),(36476,2,2098,337,1,33.20,2593,71,'2009-06-03',1.80,6.88),(36477,2,1814,343,1,21.00,2594,71,'2010-03-14',1.80,6.91),(36478,2,2009,95,1,41.40,2595,71,'2009-08-31',1.80,4.60),(36479,2,1807,152,1,20.40,2596,71,'2010-03-21',1.80,5.44),(36480,2,2223,23,1,22.80,2597,71,'2009-01-29',1.80,2.04),(36481,2,2419,216,1,23.60,2598,71,'2008-07-17',1.80,6.08),(36482,2,2181,608,1,16.00,2599,71,'2009-03-12',1.80,7.94),(36483,2,1808,109,1,18.60,2600,71,'2010-03-20',1.80,4.84),(36484,2,2140,13,1,43.00,2601,71,'2009-04-22',1.80,1.02),(36485,2,1912,1161,1,7.60,2602,71,'2009-12-06',1.80,9.10),(36486,2,2124,6,1,23.00,2603,71,'2009-05-08',1.80,0.00),(36487,2,2507,71,1,19.20,2604,71,'2008-04-20',1.80,4.07),(36488,2,2049,3,1,29.40,2605,71,'2009-07-22',1.80,0.00),(36489,2,1913,226,1,20.80,2606,71,'2009-12-05',1.80,6.16),(36490,2,1912,48,1,33.60,2607,71,'2009-12-06',1.80,3.37),(36491,2,0,61,1,28.80,2608,71,'2015-03-02',0.88,1.86),(36492,2,2082,116,1,17.60,2609,71,'2009-06-19',1.80,4.96),(36493,2,2141,64,1,19.40,2610,71,'2009-04-21',1.80,3.89),(36494,2,0,1287,1,35.80,2611,71,'2015-03-02',0.88,4.54),(36495,2,1937,103,1,48.00,2612,71,'2009-11-11',1.80,4.74),(36496,2,2047,897,1,33.40,2613,71,'2009-07-24',1.80,8.64),(36497,2,2103,1101,1,19.60,2614,71,'2009-05-29',1.80,9.01),(36498,2,2103,289,1,25.80,2615,71,'2009-05-29',1.80,6.60),(36499,2,1947,385,1,41.40,2616,71,'2009-11-01',1.80,7.12),(36500,2,0,863,1,31.80,2617,71,'2015-03-02',0.88,4.19),(36501,2,2125,107,1,21.40,2618,71,'2009-05-07',1.80,4.81),(36502,2,1978,467,1,24.40,2619,71,'2009-10-01',1.80,7.46),(36503,2,1972,81,1,37.40,2620,71,'2009-10-07',1.80,4.31),(36504,2,2158,8,1,31.40,2621,71,'2009-04-04',1.80,0.14),(36505,2,1802,157,1,21.20,2622,71,'2010-03-26',1.80,5.50),(36506,2,2129,172,1,33.60,2623,71,'2009-05-03',1.80,5.67),(36507,2,2146,1394,1,22.80,2624,71,'2009-04-16',1.80,9.43),(36508,2,2164,176,1,20.60,2625,71,'2009-03-29',1.80,5.71),(36509,2,1994,2427,1,33.60,2626,71,'2009-09-15',1.80,10.43),(36510,2,2111,148,1,34.80,2627,71,'2009-05-21',1.80,5.39),(36511,2,1960,197,1,31.80,2628,71,'2009-10-19',1.80,5.91),(36512,2,2054,173,1,26.60,2629,71,'2009-07-17',1.80,5.68),(36513,2,2073,58,1,23.20,2630,71,'2009-06-28',1.80,3.71),(36514,2,2071,2,1,35.20,2631,71,'2009-06-30',1.80,0.00),(36515,2,2148,330,1,27.00,2632,71,'2009-04-14',1.80,6.84),(36516,2,2077,1527,1,31.00,2633,71,'2009-06-24',1.80,9.60),(36517,2,2108,1726,1,38.00,2634,71,'2009-05-24',1.80,9.82),(36518,2,1812,70,1,15.40,2635,71,'2010-03-16',1.80,4.05),(36519,2,1998,53,1,31.80,2636,71,'2009-09-11',1.80,3.55),(36520,2,1807,2311,1,23.20,2637,71,'2010-03-21',1.80,10.34),(36521,2,2077,193,1,22.00,2638,71,'2009-06-24',1.80,5.87),(36522,2,2378,66,1,27.00,2639,71,'2008-08-27',1.80,3.94),(36523,1,2526,288,1,9.60,2640,71,'2008-04-01',0.52,1.90),(36524,2,1981,7,1,40.00,2641,71,'2009-09-28',1.80,0.00),(36525,2,1838,190,1,21.80,2642,71,'2010-02-18',1.80,5.84),(36526,2,1825,513,1,18.60,2643,71,'2010-03-03',1.80,7.63),(36527,2,2014,7,1,34.00,2644,71,'2009-08-26',1.80,0.00),(36528,2,2199,200,1,20.20,2645,71,'2009-02-22',1.80,5.94),(36529,2,0,363,1,19.00,2646,71,'2015-03-02',0.88,3.43),(36530,2,0,98,1,31.40,2647,71,'2015-03-02',0.88,2.27),(36531,2,2120,215,1,15.00,2648,71,'2009-05-12',1.80,6.07),(36532,2,2415,470,1,24.20,2649,71,'2008-07-21',1.80,7.47),(36533,2,1799,126,1,22.80,2650,71,'2010-03-29',1.80,5.11),(36534,2,2096,57,1,22.60,2651,71,'2009-06-05',1.80,3.68),(36535,2,2085,147,1,32.40,2652,71,'2009-06-16',1.80,5.38),(36536,2,1849,12,1,15.60,2653,71,'2010-02-07',1.80,0.87),(36537,2,2048,26,1,27.40,2654,71,'2009-07-23',1.80,2.26),(36538,2,2146,4,1,29.40,2655,71,'2009-04-16',1.80,0.00),(36539,2,0,3163,1,39.80,2656,71,'2015-03-02',0.88,5.33),(36540,2,2439,90,1,19.80,2657,71,'2008-06-27',1.80,4.50),(36541,2,2364,114,1,21.40,2658,71,'2008-09-10',1.80,4.93),(36542,2,2420,183,1,23.60,2659,71,'2008-07-16',1.80,5.78),(36543,2,2096,131,1,32.40,2660,71,'2009-06-05',1.80,5.18),(36544,2,2077,81,1,31.40,2661,71,'2009-06-24',1.80,4.31),(36545,2,2021,5,1,31.00,2662,71,'2009-08-19',1.80,0.00),(36546,2,2156,5,1,34.80,2663,71,'2009-04-06',1.80,0.00),(36547,2,1928,6,1,37.80,2664,71,'2009-11-20',1.80,0.00),(36548,2,2019,5,1,36.40,2665,71,'2009-08-21',1.80,0.00),(36549,2,2425,344,1,10.20,2666,71,'2008-07-11',1.80,6.91),(36550,2,1960,5,1,39.20,2667,71,'2009-10-19',1.80,0.00),(36551,2,1966,60,1,38.40,2668,71,'2009-10-13',1.80,3.77),(36552,2,2073,45,1,29.60,2669,71,'2009-06-28',1.80,3.25),(36553,2,1813,1624,1,19.40,2670,71,'2010-03-15',1.80,9.71),(36554,2,2026,48,1,31.60,2671,71,'2009-08-14',1.80,3.37),(36555,2,1959,13,1,38.20,2672,71,'2009-10-20',1.80,1.02),(36556,2,1956,51,1,41.00,2673,71,'2009-10-23',1.80,3.48),(36557,1,2515,152,1,11.00,2674,71,'2008-04-12',0.52,1.57),(36558,2,2123,95,1,32.80,2675,71,'2009-05-09',1.80,4.60),(36559,2,2124,6,1,21.80,2676,71,'2009-05-08',1.80,0.00),(36560,2,2095,236,1,34.80,2677,71,'2009-06-06',1.80,6.23),(36561,2,1815,210,1,9.20,2678,71,'2010-03-13',1.80,6.02),(36562,2,1979,51,1,45.40,2679,71,'2009-09-30',1.80,3.48),(36563,2,1850,31,1,17.20,2680,71,'2010-02-06',1.80,2.58),(36564,2,1988,330,1,41.00,2681,71,'2009-09-21',1.80,6.84),(36565,2,2072,295,1,22.60,2682,71,'2009-06-29',1.80,6.64),(36566,2,1798,1916,1,26.20,2683,71,'2010-03-30',1.80,10.00),(36567,2,2066,259,1,28.60,2684,71,'2009-07-05',1.80,6.40),(36568,1,2129,86,1,35.60,2685,71,'2009-05-03',0.52,1.28),(36569,2,2074,62,1,23.00,2686,71,'2009-06-27',1.80,3.83),(36570,2,1980,204,1,42.00,2687,71,'2009-09-29',1.80,5.97),(36571,2,2108,95,1,17.80,2688,71,'2009-05-24',1.80,4.60),(36572,2,2139,200,1,27.40,2689,71,'2009-04-23',1.80,5.94),(36573,2,1967,107,1,36.60,2690,71,'2009-10-12',1.80,4.81),(36574,2,2126,61,1,34.60,2691,71,'2009-05-06',1.80,3.80),(36575,2,1877,1773,1,13.40,2692,71,'2010-01-10',1.80,9.86),(36576,2,2121,53,1,21.40,2693,71,'2009-05-11',1.80,3.55),(36577,2,2081,56,1,30.00,2694,71,'2009-06-20',1.80,3.65),(36578,1,2431,222,1,14.60,2695,71,'2008-07-05',0.52,1.77),(36579,2,2417,4,1,20.80,2696,71,'2008-07-19',1.80,0.00),(36580,2,1846,188,1,12.60,2697,71,'2010-02-10',1.80,5.83),(36581,2,2125,71,1,24.00,2698,71,'2009-05-07',1.80,4.07),(36582,2,2112,91,1,28.20,2699,71,'2009-05-20',1.80,4.52),(36583,2,2075,132,1,24.40,2701,71,'2009-06-26',1.80,5.19),(36584,2,2123,192,1,25.20,2702,71,'2009-05-09',1.80,5.86),(36585,1,2524,118,1,22.60,2703,71,'2008-04-03',0.52,1.44),(36586,1,2498,90,1,13.00,2704,71,'2008-04-29',0.52,1.30),(36587,2,1978,431,1,31.40,2705,71,'2009-10-01',1.80,7.32),(36588,2,2004,15,1,19.40,2706,71,'2009-09-05',1.80,1.27),(36589,2,1937,67,1,12.60,2707,71,'2009-11-11',1.80,3.97),(36590,2,1811,210,1,32.60,2708,71,'2010-03-17',1.80,6.02),(36591,2,2143,12,1,30.40,2709,71,'2009-04-19',1.80,0.87),(36592,2,1993,78,1,33.20,2710,71,'2009-09-16',1.80,4.24),(36593,1,2273,1205,1,20.40,2711,71,'2008-12-10',0.52,2.65),(36594,2,2031,14,1,25.80,2712,71,'2009-08-09',1.80,1.15),(36595,2,1918,412,1,37.20,2713,71,'2009-11-30',1.80,7.24),(36596,1,2351,62,1,10.00,2714,71,'2008-09-23',0.52,1.11),(36597,2,1927,527,1,29.00,2715,71,'2009-11-21',1.80,7.68),(36598,1,1990,3350,1,32.80,2716,71,'2009-09-19',0.52,3.18),(36599,1,2136,128,1,25.60,2717,71,'2009-04-26',0.52,1.48),(36600,1,2253,56,1,25.00,2718,71,'2008-12-30',0.52,1.05),(36601,2,2007,128,1,36.00,2719,71,'2009-09-02',1.80,5.13),(36602,2,1904,462,1,36.20,2721,71,'2009-12-14',1.80,7.44),(36603,2,1962,514,1,36.80,2722,71,'2009-10-17',1.80,7.64),(36604,2,2004,7,1,33.00,2723,71,'2009-09-05',1.80,0.00),(36605,1,2351,56,1,20.60,2724,71,'2008-09-23',0.52,1.05),(36606,2,1792,1623,1,16.20,2725,71,'2010-04-05',1.80,9.71),(36607,1,2280,941,1,21.60,2726,71,'2008-12-03',0.52,2.52),(36608,2,1900,4,1,28.00,2727,71,'2009-12-18',1.80,0.00),(36609,2,1913,121,1,23.60,2728,71,'2009-12-05',1.80,5.03),(36610,1,2349,298,1,21.40,2729,71,'2008-09-25',0.52,1.92),(36611,1,2327,133,1,18.40,2730,71,'2008-10-17',0.52,1.50),(36612,1,2346,2,1,24.40,2731,71,'2008-09-28',0.52,0.00),(36613,1,2281,14,1,19.60,2732,71,'2008-12-02',0.52,0.33),(36614,2,1839,212,1,9.40,2733,71,'2010-02-17',1.80,6.04),(36615,1,2359,123,1,15.00,2734,71,'2008-09-15',0.52,1.46),(36616,2,1977,4,1,32.00,2735,71,'2009-10-02',1.80,0.00),(36617,2,1935,NULL,0,24.00,2736,71,'2009-11-13',NULL,NULL),(36618,1,2052,116,1,27.20,2737,71,'2009-07-19',0.52,1.43),(36619,1,2353,223,1,23.80,2738,71,'2008-09-21',0.52,1.77),(36620,1,2371,135,1,24.20,2739,71,'2008-09-03',0.52,1.51),(36621,1,1928,10,1,20.20,2740,71,'2009-11-20',0.52,0.16),(36622,2,1906,164,1,25.60,2741,71,'2009-12-12',1.80,5.58),(36623,1,2346,185,1,26.20,2742,71,'2008-09-28',0.52,1.67),(36624,1,2166,10,1,23.60,2743,71,'2009-03-27',0.52,0.16),(36625,2,1922,61,1,32.80,2744,71,'2009-11-26',1.80,3.80),(36626,1,2142,102,1,24.00,2745,71,'2009-04-20',0.52,1.36),(36627,1,2126,126,1,17.00,2746,71,'2009-05-06',0.52,1.47),(36628,2,1951,11,1,17.80,2747,71,'2009-10-28',1.80,0.72),(36629,2,1807,154,1,20.80,2748,71,'2010-03-21',1.80,5.47),(36630,1,2305,92,1,33.60,2749,71,'2008-11-08',0.52,1.31),(36631,1,2166,6,1,23.20,2750,71,'2009-03-27',0.52,0.00),(36632,2,1934,3,1,29.40,2751,71,'2009-11-14',1.80,0.00),(36633,1,2166,89,1,15.60,2752,71,'2009-03-27',0.52,1.29),(36634,1,2177,12,1,15.00,2753,71,'2009-03-16',0.52,0.25),(36635,2,1850,723,1,23.00,2754,71,'2010-02-06',1.80,8.25),(36636,1,2170,9,1,20.60,2755,71,'2009-03-23',0.52,0.10),(36637,1,2297,485,1,11.20,2756,71,'2008-11-16',0.52,2.18),(36638,1,1909,607,1,10.40,2757,71,'2009-12-09',0.52,2.29),(36639,2,1810,457,1,15.40,2758,71,'2010-03-18',1.80,7.42),(36640,1,2167,600,1,22.60,2759,71,'2009-03-26',0.52,2.29),(36641,1,2182,110,1,29.60,2760,71,'2009-03-11',0.52,1.40),(36642,1,2124,5,1,25.20,2761,71,'2009-05-08',0.52,0.00),(36643,1,2069,73,1,32.40,2762,71,'2009-07-02',0.52,1.19),(36644,1,2162,54,1,23.40,2763,71,'2009-03-31',0.52,1.03),(36645,1,2179,312,1,18.20,2764,71,'2009-03-14',0.52,1.95),(36646,1,2180,6,1,29.80,2765,71,'2009-03-13',0.52,0.00),(36647,1,2177,2,1,23.00,2766,71,'2009-03-16',0.52,0.00),(36648,2,1797,4,1,21.40,2767,71,'2010-03-31',1.80,0.00),(36649,1,2166,128,1,25.40,2768,71,'2009-03-27',0.52,1.48),(36650,1,2175,4,1,22.00,2769,71,'2009-03-18',0.52,0.00),(36651,2,1792,52,1,25.60,2770,71,'2010-04-05',1.80,3.51),(36652,1,2171,285,1,29.40,2771,71,'2009-03-22',0.52,1.90),(36653,1,2327,3,1,23.20,2772,71,'2008-10-17',0.52,0.00),(36654,1,2166,52,1,22.20,2773,71,'2009-03-27',0.52,1.01),(36655,2,1807,157,1,24.80,2774,71,'2010-03-21',1.80,5.50),(36656,1,2164,182,1,26.00,2775,71,'2009-03-29',0.52,1.67),(36657,1,2159,1155,1,18.40,2776,71,'2009-04-03',0.52,2.63),(36658,1,2155,11,1,23.80,2777,71,'2009-04-07',0.52,0.21),(36659,1,2171,292,1,30.80,2778,71,'2009-03-22',0.52,1.91),(36660,1,2150,51,1,26.40,2779,71,'2009-04-12',0.52,1.00),(36661,1,2172,8,1,23.80,2780,71,'2009-03-21',0.52,0.04),(36662,1,2103,9,1,20.00,2781,71,'2009-05-29',0.52,0.10),(36663,1,2013,281,1,36.00,2782,71,'2009-08-27',0.52,1.89),(36664,1,2153,83,1,27.80,2783,71,'2009-04-09',0.52,1.26),(36665,1,2014,417,1,32.60,2784,71,'2009-08-26',0.52,2.10),(36666,1,2174,1,1,19.80,2785,71,'2009-03-19',0.52,0.00),(36667,1,2154,102,1,23.00,2786,71,'2009-04-08',0.52,1.36),(36668,1,2160,375,1,24.20,2787,71,'2009-04-02',0.52,2.04),(36669,1,2148,1927,1,17.40,2788,71,'2009-04-14',0.52,2.89),(36670,2,1812,246,1,18.00,2789,71,'2010-03-16',1.80,6.31),(36671,2,1794,4,1,29.20,2790,71,'2010-04-03',1.80,0.00),(36672,1,2061,8,1,24.00,2791,71,'2009-07-10',0.52,0.04),(36673,1,2108,78,1,30.00,2792,71,'2009-05-24',0.52,1.23),(36674,1,1990,191,1,21.20,2793,71,'2009-09-19',0.52,1.69),(36675,1,1962,8,1,26.00,2794,71,'2009-10-17',0.52,0.04),(36676,1,2050,89,1,25.20,2795,71,'2009-07-21',0.52,1.29),(36677,1,2177,25,1,22.00,2796,71,'2009-03-16',0.52,0.63),(36678,1,2166,102,1,10.60,2797,71,'2009-03-27',0.52,1.36),(36679,1,2032,178,1,24.40,2798,71,'2009-08-08',0.52,1.65),(36680,1,2132,49,1,24.80,2799,71,'2009-04-30',0.52,0.98),(36681,2,1798,53,1,25.60,2800,71,'2010-03-30',1.80,3.55),(36682,1,2146,58,1,23.60,2801,71,'2009-04-16',0.52,1.07),(36683,1,1965,99,1,30.60,2802,71,'2009-10-14',0.52,1.35),(36684,1,2160,6,1,21.20,2803,71,'2009-04-02',0.52,0.00),(36685,1,1976,3,1,30.40,2804,71,'2009-10-03',0.52,0.00),(36686,1,2170,6,1,18.60,2805,71,'2009-03-23',0.52,0.00),(36687,1,2176,7,1,35.40,2806,71,'2009-03-17',0.52,0.00),(36688,1,1985,570,1,30.00,2807,71,'2009-09-24',0.52,2.26),(36689,1,2158,NULL,0,26.00,2808,71,'2009-04-04',NULL,NULL),(36690,1,2069,55,1,24.80,2809,71,'2009-07-02',0.52,1.04),(36691,1,2166,3,1,29.40,2810,71,'2009-03-27',0.52,0.00),(36692,2,1842,531,1,20.80,2811,71,'2010-02-14',1.80,7.69),(36693,1,2050,225,1,24.60,2812,71,'2009-07-21',0.52,1.78),(36694,1,2164,49,1,25.20,2813,71,'2009-03-29',0.52,0.98),(36695,2,1808,3,1,22.80,2814,71,'2010-03-20',1.80,0.00),(36696,1,2153,9,1,26.20,2815,71,'2009-04-09',0.52,0.10),(36697,1,2155,3,1,27.40,2816,71,'2009-04-07',0.52,0.00),(36698,1,2004,166,1,33.80,2817,71,'2009-09-05',0.52,1.62),(36699,1,2078,217,1,29.20,2818,71,'2009-06-23',0.52,1.76),(36700,1,1997,16,1,33.80,2819,71,'2009-09-12',0.52,0.40),(36701,1,2160,6,1,22.00,2820,71,'2009-04-02',0.52,0.00),(36702,1,2051,83,1,26.80,2821,71,'2009-07-20',0.52,1.26),(36703,1,2061,63,1,26.40,2822,71,'2009-07-10',0.52,1.11),(36704,1,2059,6,1,21.00,2823,71,'2009-07-12',0.52,0.00),(36705,1,2053,6,1,20.60,2824,71,'2009-07-18',0.52,0.00),(36706,1,1981,205,1,17.00,2825,71,'2009-09-28',0.52,1.73),(36707,1,1922,109,1,29.40,2826,71,'2009-11-26',0.52,1.40),(36708,1,2014,121,1,25.60,2827,71,'2009-08-26',0.52,1.45),(36709,1,2156,49,1,26.40,2828,71,'2009-04-06',0.52,0.98),(36710,1,2022,253,1,26.80,2829,71,'2009-08-18',0.52,1.84),(36711,1,2014,76,1,23.20,2830,71,'2009-08-26',0.52,1.21),(36712,1,2014,57,1,22.80,2831,71,'2009-08-26',0.52,1.06),(36713,1,1981,416,1,25.60,2832,71,'2009-09-28',0.52,2.10),(36714,1,2082,55,1,12.60,2833,71,'2009-06-19',0.52,1.04),(36715,1,2039,259,1,19.40,2834,71,'2009-08-01',0.52,1.85),(36716,1,1934,108,1,28.00,2835,71,'2009-11-14',0.52,1.39),(36717,1,2047,559,1,18.00,2836,71,'2009-07-24',0.52,2.25),(36718,1,0,13,1,24.60,2837,71,'2015-03-02',0.49,0.28),(36719,1,0,NULL,0,21.00,2838,71,'2015-03-02',NULL,NULL),(36720,1,1975,475,1,27.60,2840,71,'2009-10-04',0.52,2.16),(36721,2,0,282,1,31.20,2842,71,'2015-03-02',0.88,3.20),(36722,2,0,1278,1,16.80,2843,71,'2015-03-02',0.88,4.53),(36723,2,2138,11,1,33.80,2844,71,'2009-04-24',1.80,0.72),(36724,2,0,10,1,23.20,2845,71,'2015-03-02',0.88,0.27),(36725,2,1899,NULL,0,25.53,2478,71,'2009-12-19',NULL,NULL),(36726,2,1988,NULL,0,25.53,2521,71,'2009-09-21',NULL,NULL),(36727,2,1913,NULL,0,25.53,2546,71,'2009-12-05',NULL,NULL),(36728,2,2150,NULL,0,25.53,2561,71,'2009-04-12',NULL,NULL),(36729,1,2514,NULL,0,23.55,2700,71,'2008-04-13',NULL,NULL),(36730,2,1899,NULL,0,25.53,2720,71,'2009-12-19',NULL,NULL),(36731,1,2023,NULL,0,23.55,2839,71,'2009-08-17',NULL,NULL),(36732,1,1977,NULL,0,23.55,2841,71,'2009-10-02',NULL,NULL),(36733,2,2411,1749,1,18.00,2847,85,'2008-09-21',1.80,9.84),(36734,2,2209,35,1,20.20,2848,85,'2009-04-11',1.80,2.80),(36735,2,2528,269,1,14.40,2849,85,'2008-05-27',1.80,6.47),(36736,2,2023,64,1,24.20,2851,85,'2009-10-14',1.80,3.89),(36737,2,2077,13,1,29.00,2852,85,'2009-08-21',1.80,1.02),(36738,2,2187,310,1,15.60,2853,85,'2009-05-03',1.80,6.73),(36739,2,2222,67,1,31.20,2856,85,'2009-03-29',1.80,3.97),(36740,2,2001,404,1,24.00,2858,85,'2009-11-05',1.80,7.20),(36741,2,2250,12,1,15.20,2859,85,'2009-03-01',1.80,0.87),(36742,2,2183,4,1,19.60,2860,85,'2009-05-07',1.80,0.00),(36743,2,2471,788,1,17.60,2861,85,'2008-07-23',1.80,8.41),(36744,2,2202,10,1,24.40,2862,85,'2009-04-18',1.80,0.54),(36745,2,2252,2325,1,23.60,2863,85,'2009-02-27',1.80,10.35),(36746,2,2199,193,1,25.60,2864,85,'2009-04-21',1.80,5.87),(36747,2,2173,20,1,22.60,2865,85,'2009-05-17',1.80,1.79),(36748,2,2182,222,1,18.00,2866,85,'2009-05-08',1.80,6.12),(36749,2,2338,60,1,13.60,2867,85,'2008-12-03',1.80,3.77),(36750,2,1987,10,1,26.00,2868,85,'2009-11-19',1.80,0.54),(36751,2,2154,190,1,19.40,2869,85,'2009-06-05',1.80,5.84),(36752,2,2460,41,1,25.60,2870,85,'2008-08-03',1.80,3.08),(36753,2,2190,426,1,24.40,2871,85,'2009-04-30',1.80,7.30),(36754,2,1964,343,1,18.20,2872,85,'2009-12-12',1.80,6.91),(36755,2,2177,1452,1,23.20,2873,85,'2009-05-13',1.80,9.51),(36756,2,1957,192,1,30.00,2874,85,'2009-12-19',1.80,5.86),(36757,2,2211,123,1,29.40,2875,85,'2009-04-09',1.80,5.06),(36758,2,2326,14,1,20.40,2876,85,'2008-12-15',1.80,1.15),(36759,2,2191,167,1,27.20,2877,85,'2009-04-29',1.80,5.61),(36760,2,2579,256,1,20.20,2878,85,'2008-04-06',1.80,6.38),(36761,2,2570,1582,1,14.20,2881,85,'2008-04-15',1.80,9.66),(36762,2,2210,0,0,24.20,2882,85,'2009-04-10',NULL,NULL),(36763,2,2470,48,1,21.60,2883,85,'2008-07-24',1.80,3.37),(36764,2,2124,833,1,15.20,2884,85,'2009-07-05',1.80,8.51),(36765,2,1987,113,1,25.20,2885,85,'2009-11-19',1.80,4.91),(36766,2,2554,237,1,15.40,2886,85,'2008-05-01',1.80,6.24),(36767,2,2197,935,1,33.20,2887,85,'2009-04-23',1.80,8.71),(36768,2,2159,1146,1,18.60,2888,85,'2009-05-31',1.80,9.08),(36769,2,2389,144,1,22.20,2890,85,'2008-10-13',1.80,5.35),(36770,2,2239,278,1,19.40,2891,85,'2009-03-12',1.80,6.53),(36771,2,2328,116,1,20.80,2892,85,'2008-12-13',1.80,4.96),(36772,2,2187,96,1,29.20,2894,85,'2009-05-03',1.80,4.62),(36773,2,2040,270,1,34.00,2895,85,'2009-09-27',1.80,6.48),(36774,2,2622,2264,1,23.60,2896,85,'2008-02-23',1.80,10.30),(36775,2,2242,1942,1,23.60,2897,85,'2009-03-09',1.80,10.03),(36776,2,2217,52,1,17.60,2898,85,'2009-04-03',1.80,3.51),(36777,2,2624,218,1,26.20,2899,85,'2008-02-21',1.80,6.09),(36778,2,2138,190,1,29.60,2900,85,'2009-06-21',1.80,5.84),(36779,2,2179,527,1,26.60,2901,85,'2009-05-11',1.80,7.68),(36780,2,2233,39,1,23.20,2902,85,'2009-03-18',1.80,2.99),(36781,2,2439,44,1,18.80,2903,85,'2008-08-24',1.80,3.21),(36782,2,2328,1610,1,24.40,2904,85,'2008-12-13',1.80,9.69),(36783,2,2140,70,1,29.00,2906,85,'2009-06-19',1.80,4.05),(36784,2,2449,14,1,26.60,2907,85,'2008-08-14',1.80,1.15),(36785,2,2187,290,1,25.40,2908,85,'2009-05-03',1.80,6.61),(36786,2,2204,861,1,31.60,2909,85,'2009-04-16',1.80,8.56),(36787,2,2217,937,1,24.80,2910,85,'2009-04-03',1.80,8.72),(36788,2,2482,890,1,24.00,2911,85,'2008-07-12',1.80,8.62),(36789,2,2533,1208,1,27.80,2912,85,'2008-05-22',1.80,9.17),(36790,2,2120,945,1,30.00,2913,85,'2009-07-09',1.80,8.73),(36791,2,2182,265,1,30.00,2914,85,'2009-05-08',1.80,6.44),(36792,2,1940,1551,1,29.00,3243,85,'2010-01-05',1.80,9.62),(36793,2,1935,883,1,30.80,2918,85,'2010-01-10',1.80,8.61),(36794,2,1935,369,1,22.00,3244,85,'2010-01-10',1.80,7.04),(36795,2,2211,1370,1,18.00,2919,85,'2009-04-09',1.80,9.40),(36796,2,2252,917,1,25.80,2920,85,'2009-02-27',1.80,8.68),(36797,2,1982,964,1,33.80,2922,85,'2009-11-24',1.80,8.77),(36798,2,2179,894,1,26.60,2923,85,'2009-05-11',1.80,8.63),(36799,2,2019,109,1,26.20,2924,85,'2009-10-18',1.80,4.84),(36800,2,2172,376,1,25.80,2925,85,'2009-05-18',1.80,7.07),(36801,2,2245,160,1,24.40,2926,85,'2009-03-06',1.80,5.54),(36802,2,2138,256,1,31.80,2927,85,'2009-06-21',1.80,6.38),(36803,2,1937,67,1,27.60,3245,85,'2010-01-08',1.80,3.97),(36804,2,2491,882,1,25.40,2928,85,'2008-07-03',1.80,8.61),(36805,2,2173,925,1,23.20,2930,85,'2009-05-17',1.80,8.69),(36806,2,2249,343,1,26.00,2931,85,'2009-03-02',1.80,6.91),(36807,2,2038,238,1,19.40,2932,85,'2009-09-29',1.80,6.25),(36808,2,2480,299,1,23.40,2933,85,'2008-07-14',1.80,6.66),(36809,2,2089,210,1,27.40,2934,85,'2009-08-09',1.80,6.02),(36810,2,2261,957,1,23.40,2935,85,'2009-02-18',1.80,8.75),(36811,2,2250,863,1,17.60,2936,85,'2009-03-01',1.80,8.57),(36812,2,2267,5164,1,29.00,2938,85,'2009-02-12',1.80,11.79),(36813,2,2077,74,1,38.40,2939,85,'2009-08-21',1.80,4.15),(36814,2,2125,359,1,33.00,2940,85,'2009-07-04',1.80,6.99),(36815,2,2081,352,1,27.20,2941,85,'2009-08-17',1.80,6.95),(36816,2,1926,685,1,26.60,3246,85,'2010-01-19',1.80,8.15),(36817,2,2486,374,1,19.00,2944,85,'2008-07-08',1.80,7.06),(36818,2,1960,883,1,33.20,2945,85,'2009-12-16',1.80,8.61),(36819,2,2583,768,1,15.60,2946,85,'2008-04-02',1.80,8.36),(36820,2,2183,153,1,25.00,2947,85,'2009-05-07',1.80,5.45),(36821,2,2127,186,1,43.20,2948,85,'2009-07-02',1.80,5.81),(36822,2,2031,59,1,41.00,2949,85,'2009-10-06',1.80,3.74),(36823,2,2652,355,1,17.60,2950,85,'2008-01-24',1.80,6.97),(36824,2,2136,348,1,31.20,2951,85,'2009-06-23',1.80,6.93),(36825,2,1934,96,1,19.40,2952,85,'2010-01-11',1.80,4.62),(36826,2,1950,81,1,31.60,3247,85,'2009-12-26',1.80,4.31),(36827,2,2170,963,1,30.80,2953,85,'2009-05-20',1.80,8.77),(36828,2,2453,628,1,19.00,2954,85,'2008-08-10',1.80,8.00),(36829,2,2153,965,1,31.20,2956,85,'2009-06-06',1.80,8.77),(36830,2,2089,320,1,33.60,2958,85,'2009-08-09',1.80,6.78),(36831,2,1959,441,1,14.80,2962,85,'2009-12-17',1.80,7.36),(36832,2,2079,217,1,35.00,2963,85,'2009-08-19',1.80,6.08),(36833,2,2094,128,1,36.40,2964,85,'2009-08-04',1.80,5.13),(36834,2,2036,713,1,21.60,2966,85,'2009-10-01',1.80,8.23),(36835,2,2388,981,1,22.60,2967,85,'2008-10-14',1.80,8.80),(36836,2,2097,919,1,33.60,2968,85,'2009-08-01',1.80,8.68),(36837,2,2100,634,1,26.60,2969,85,'2009-07-29',1.80,8.01),(36838,2,2147,62,1,27.20,2970,85,'2009-06-12',1.80,3.83),(36839,2,2266,385,1,28.20,2971,85,'2009-02-13',1.80,7.12),(36840,2,2226,933,1,17.60,2972,85,'2009-03-25',1.80,8.71),(36841,2,2249,956,1,22.60,2973,85,'2009-03-02',1.80,8.75),(36842,2,2166,402,1,29.20,2974,85,'2009-05-24',1.80,7.19),(36843,2,1988,930,1,33.20,2975,85,'2009-11-18',1.80,8.70),(36844,2,2212,872,1,20.80,2977,85,'2009-04-08',1.80,8.59),(36845,2,2248,985,1,21.20,2978,85,'2009-03-03',1.80,8.81),(36846,2,1956,64,1,30.00,3248,85,'2009-12-20',1.80,3.89),(36847,2,1955,152,1,26.00,3249,85,'2009-12-21',1.80,5.44),(36848,2,2222,928,1,23.60,2979,85,'2009-03-29',1.80,8.70),(36849,2,2032,204,1,39.40,2980,85,'2009-10-05',1.80,5.97),(36850,2,2047,952,1,25.80,2981,85,'2009-09-20',1.80,8.75),(36851,2,2331,908,1,25.80,2982,85,'2008-12-10',1.80,8.66),(36852,2,2252,948,1,27.60,2983,85,'2009-02-27',1.80,8.74),(36853,2,2112,940,1,28.20,2984,85,'2009-07-17',1.80,8.72),(36854,2,2628,874,1,17.20,2985,85,'2008-02-17',1.80,8.59),(36855,2,1948,73,1,27.80,3250,85,'2009-12-28',1.80,4.12),(36856,2,2076,944,1,32.40,2986,85,'2009-08-22',1.80,8.73),(36857,2,2025,1457,1,32.60,2987,85,'2009-10-12',1.80,9.51),(36858,2,2465,929,1,19.60,2988,85,'2008-07-29',1.80,8.70),(36859,2,2156,942,1,31.20,2989,85,'2009-06-03',1.80,8.73),(36860,2,2067,861,1,39.80,2991,85,'2009-08-31',1.80,8.56),(36861,2,1865,1744,1,20.80,2992,85,'2010-03-21',1.80,9.84),(36862,2,2281,927,1,22.60,2993,85,'2009-01-29',1.80,8.70),(36863,2,2477,850,1,26.20,2994,85,'2008-07-17',1.80,8.54),(36864,2,2239,88,1,18.60,2995,85,'2009-03-12',1.80,4.46),(36865,2,2198,475,1,40.20,2997,85,'2009-04-22',1.80,7.49),(36866,2,1970,884,1,15.00,2998,85,'2009-12-06',1.80,8.61),(36867,2,2182,475,1,23.60,2999,85,'2009-05-08',1.80,7.49),(36868,2,2565,440,1,19.00,3000,85,'2008-04-20',1.80,7.36),(36869,2,2107,931,1,23.80,3001,85,'2009-07-22',1.80,8.71),(36870,2,1971,80,1,20.80,3002,85,'2009-12-05',1.80,4.29),(36871,2,1970,496,1,32.00,3003,85,'2009-12-06',1.80,7.57),(36872,2,2140,144,1,17.00,3005,85,'2009-06-19',1.80,5.35),(36873,2,2199,945,1,19.20,3006,85,'2009-04-21',1.80,8.73),(36874,2,2028,970,1,32.80,3007,85,'2009-10-09',1.80,8.78),(36875,2,1995,4200,1,37.60,3008,85,'2009-11-11',1.80,11.42),(36876,2,2105,280,1,38.20,3009,85,'2009-07-24',1.80,6.54),(36877,2,2161,952,1,19.60,3010,85,'2009-05-29',1.80,8.75),(36878,2,2161,102,1,25.80,3011,85,'2009-05-29',1.80,4.72),(36879,2,2005,2779,1,38.60,3012,85,'2009-11-01',1.80,10.67),(36880,2,2010,2001,1,38.40,3013,85,'2009-10-27',1.80,10.08),(36881,2,2183,1655,1,21.20,3014,85,'2009-05-07',1.80,9.74),(36882,2,2036,41,1,23.60,3015,85,'2009-10-01',1.80,3.08),(36883,2,2030,1014,1,30.60,3016,85,'2009-10-07',1.80,8.86),(36884,2,2216,155,1,31.60,3017,85,'2009-04-04',1.80,5.48),(36885,2,2187,937,1,32.00,3019,85,'2009-05-03',1.80,8.72),(36886,2,2204,983,1,21.80,3020,85,'2009-04-16',1.80,8.80),(36887,2,2222,324,1,20.60,3021,85,'2009-03-29',1.80,6.81),(36888,2,2052,912,1,32.00,3022,85,'2009-09-15',1.80,8.67),(36889,2,2169,94,1,34.00,3023,85,'2009-05-21',1.80,4.58),(36890,2,2018,1075,1,32.00,3024,85,'2009-10-19',1.80,8.96),(36891,2,2112,67,1,26.60,3025,85,'2009-07-17',1.80,3.97),(36892,2,2131,913,1,23.60,3026,85,'2009-06-28',1.80,8.67),(36893,2,2129,208,1,33.20,3027,85,'2009-06-30',1.80,6.01),(36894,2,2206,318,1,27.80,3028,85,'2009-04-14',1.80,6.77),(36895,2,2135,136,1,31.40,3029,85,'2009-06-24',1.80,5.24),(36896,2,2166,941,1,35.60,3030,85,'2009-05-24',1.80,8.72),(36897,2,1940,913,1,27.20,3251,85,'2010-01-05',1.80,8.67),(36898,2,2056,869,1,30.40,3032,85,'2009-09-11',1.80,8.58),(36899,2,2135,904,1,22.20,3034,85,'2009-06-24',1.80,8.65),(36900,1,2584,767,1,15.00,3036,85,'2008-04-01',0.52,2.41),(36901,2,2039,340,1,36.80,3037,85,'2009-09-28',1.80,6.89),(36902,2,1937,178,1,26.00,3252,85,'2010-01-08',1.80,5.73),(36903,2,2072,269,1,32.40,3040,85,'2009-08-26',1.80,6.47),(36904,2,2257,68,1,18.40,3041,85,'2009-02-22',1.80,4.00),(36905,2,2178,220,1,15.20,3044,85,'2009-05-12',1.80,6.11),(36906,2,2473,423,1,20.40,3045,85,'2008-07-21',1.80,7.29),(36907,2,2154,38,1,27.80,3047,85,'2009-06-05',1.80,2.95),(36908,2,2143,458,1,32.60,3048,85,'2009-06-16',1.80,7.43),(36909,2,2106,1004,1,27.20,3050,85,'2009-07-23',1.80,8.84),(36910,2,2204,870,1,29.20,3051,85,'2009-04-16',1.80,8.58),(36911,2,2042,677,1,38.60,3052,85,'2009-09-25',1.80,8.13),(36912,2,2497,835,1,19.00,3053,85,'2008-06-27',1.80,8.51),(36913,2,2422,281,1,20.00,3054,85,'2008-09-10',1.80,6.55),(36914,2,2478,801,1,23.40,3055,85,'2008-07-16',1.80,8.43),(36915,2,2154,766,1,32.40,3056,85,'2009-06-05',1.80,8.35),(36916,2,1924,480,1,30.20,3253,85,'2010-01-21',1.80,7.51),(36917,2,2135,339,1,31.60,3057,85,'2009-06-24',1.80,6.89),(36918,2,1944,909,1,21.20,3254,85,'2010-01-01',1.80,8.66),(36919,2,2079,712,1,29.00,3058,85,'2009-08-19',1.80,8.22),(36920,2,2214,5052,1,32.20,3059,85,'2009-04-06',1.80,11.75),(36921,2,1986,95,1,32.60,3060,85,'2009-11-20',1.80,4.60),(36922,2,2077,831,1,34.00,3061,85,'2009-08-21',1.80,8.50),(36923,2,2483,849,1,10.00,3062,85,'2008-07-11',1.80,8.54),(36924,2,2018,908,1,30.00,3063,85,'2009-10-19',1.80,8.66),(36925,2,2024,2858,1,35.20,3064,85,'2009-10-13',1.80,10.72),(36926,2,2131,242,1,27.80,3065,85,'2009-06-28',1.80,6.28),(36927,2,2084,413,1,28.00,3067,85,'2009-08-14',1.80,7.24),(36928,2,2017,956,1,32.40,3068,85,'2009-10-20',1.80,8.75),(36929,2,2014,1019,1,38.00,3069,85,'2009-10-23',1.80,8.87),(36930,1,2573,987,1,12.00,3070,85,'2008-04-12',0.52,2.55),(36931,2,2181,893,1,37.00,3071,85,'2009-05-09',1.80,8.63),(36932,2,2182,992,1,21.00,3072,85,'2009-05-08',1.80,8.82),(36933,2,2153,834,1,31.00,3073,85,'2009-06-06',1.80,8.51),(36934,2,2037,938,1,39.60,3075,85,'2009-09-30',1.80,8.72),(36935,2,2046,556,1,38.00,3077,85,'2009-09-21',1.80,7.78),(36936,2,2130,881,1,22.20,3078,85,'2009-06-29',1.80,8.61),(36937,2,2124,734,1,28.60,3080,85,'2009-07-05',1.80,8.28),(36938,1,2187,1195,1,30.00,3081,85,'2009-05-03',0.52,2.64),(36939,2,2132,744,1,24.00,3082,85,'2009-06-27',1.80,8.30),(36940,2,2038,842,1,34.20,3083,85,'2009-09-29',1.80,8.52),(36941,2,2166,436,1,17.20,3084,85,'2009-05-24',1.80,7.34),(36942,2,2197,956,1,22.40,3085,85,'2009-04-23',1.80,8.75),(36943,2,2025,900,1,36.40,3086,85,'2009-10-12',1.80,8.64),(36944,2,2184,2314,1,34.20,3087,85,'2009-05-06',1.80,10.34),(36945,2,1935,750,1,13.60,3088,85,'2010-01-10',1.80,8.32),(36946,2,2179,548,1,21.00,3089,85,'2009-05-11',1.80,7.75),(36947,2,2139,851,1,30.00,3090,85,'2009-06-20',1.80,8.54),(36948,1,2489,493,1,17.80,3091,85,'2008-07-05',0.52,2.18),(36949,2,2475,750,1,20.40,3092,85,'2008-07-19',1.80,8.32),(36950,2,2183,905,1,21.00,3094,85,'2009-05-07',1.80,8.65),(36951,2,2170,442,1,28.00,3095,85,'2009-05-20',1.80,7.36),(36952,2,2133,97,1,20.80,3097,85,'2009-06-26',1.80,4.63),(36953,2,2181,957,1,25.60,3098,85,'2009-05-09',1.80,8.75),(36954,1,2582,2245,1,22.60,3099,85,'2008-04-03',0.52,2.97),(36955,1,2556,156,1,13.20,3100,85,'2008-04-29',0.52,1.59),(36956,2,2036,871,1,31.00,3101,85,'2009-10-01',1.80,8.59),(36957,2,2062,21,1,19.00,3102,85,'2009-09-05',1.80,1.88),(36958,2,1995,783,1,13.20,3103,85,'2009-11-11',1.80,8.39),(36959,2,1869,107,1,31.40,3104,85,'2010-03-17',1.80,4.81),(36960,2,1948,173,1,29.40,3258,85,'2009-12-28',1.80,5.68),(36961,2,2201,869,1,24.40,3105,85,'2009-04-19',1.80,8.58),(36962,2,2051,288,1,31.80,3106,85,'2009-09-16',1.80,6.59),(36963,1,2331,811,1,20.60,3107,85,'2008-12-10',0.52,2.44),(36964,2,2089,1209,1,25.00,3108,85,'2009-08-09',1.80,9.18),(36965,2,1976,12,1,33.60,3109,85,'2009-11-30',1.80,0.87),(36966,1,2409,47,1,10.00,3110,85,'2008-09-23',0.52,0.96),(36967,2,1985,917,1,27.80,3111,85,'2009-11-21',1.80,8.68),(36968,1,2048,83,1,32.60,3112,85,'2009-09-19',0.52,1.26),(36969,1,2194,861,1,23.60,3113,85,'2009-04-26',0.52,2.47),(36970,1,2311,768,1,23.80,3114,85,'2008-12-30',0.52,2.41),(36971,2,1952,141,1,30.20,3259,85,'2009-12-24',1.80,5.31),(36972,2,2065,6,1,36.20,3115,85,'2009-09-02',1.80,0.00),(36973,2,1957,179,1,32.40,3116,85,'2009-12-19',1.80,5.74),(36974,2,1962,932,1,32.40,3117,85,'2009-12-14',1.80,8.71),(36975,2,2020,962,1,36.60,3118,85,'2009-10-17',1.80,8.76),(36976,2,2062,2912,1,31.80,3119,85,'2009-09-05',1.80,10.76),(36977,1,2409,865,1,18.80,3120,85,'2008-09-23',0.52,2.48),(36978,2,1850,786,1,16.40,3121,85,'2010-04-05',1.80,8.40),(36979,1,2338,922,1,21.60,3122,85,'2008-12-03',0.52,2.51),(36980,2,1958,839,1,24.40,3123,85,'2009-12-18',1.80,8.52),(36981,2,1971,1692,1,23.60,3124,85,'2009-12-05',1.80,9.78),(36982,1,2407,1499,1,19.80,3125,85,'2008-09-25',0.52,2.76),(36983,1,2385,885,1,18.60,3126,85,'2008-10-17',0.52,2.49),(36984,1,2404,911,1,23.00,3127,85,'2008-09-28',0.52,2.50),(36985,1,2339,37,1,23.20,3128,85,'2008-12-02',0.52,0.84),(36986,1,2417,193,1,14.40,3130,85,'2008-09-15',0.52,1.70),(36987,2,1944,105,1,23.20,3260,85,'2010-01-01',1.80,4.78),(36988,2,2035,811,1,35.40,3131,85,'2009-10-02',1.80,8.46),(36989,2,1993,884,1,22.80,3132,85,'2009-11-13',1.80,8.61),(36990,1,2110,86,1,21.60,3133,85,'2009-07-19',0.52,1.28),(36991,1,2411,1585,1,23.00,3134,85,'2008-09-21',0.52,2.79),(36992,1,2429,854,1,22.40,3135,85,'2008-09-03',0.52,2.47),(36993,1,1986,909,1,19.60,3136,85,'2009-11-20',0.52,2.50),(36994,2,1964,852,1,19.00,3137,85,'2009-12-12',1.80,8.55),(36995,1,2404,131,1,21.20,3138,85,'2008-09-28',0.52,1.50),(36996,1,2224,462,1,23.20,3139,85,'2009-03-27',0.52,2.15),(36997,2,1980,20,1,27.00,3140,85,'2009-11-26',1.80,1.79),(36998,1,2200,453,1,21.80,3141,85,'2009-04-20',0.52,2.14),(36999,1,2184,37,1,21.40,3142,85,'2009-05-06',0.52,0.84),(37000,2,2009,913,1,17.00,3143,85,'2009-10-28',1.80,8.67),(37001,2,1865,927,1,21.40,3144,85,'2010-03-21',1.80,8.70),(37002,1,2363,239,1,33.80,3145,85,'2008-11-08',0.52,1.81),(37003,1,2224,567,1,22.20,3146,85,'2009-03-27',0.52,2.26),(37004,2,1992,902,1,25.60,3147,85,'2009-11-14',1.80,8.65),(37005,1,2224,50,1,15.00,3148,85,'2009-03-27',0.52,0.99),(37006,1,2228,760,1,20.80,3151,85,'2009-03-23',0.52,2.41),(37007,1,1967,884,1,18.20,3153,85,'2009-12-09',0.52,2.49),(37008,1,2225,842,1,19.80,3155,85,'2009-03-26',0.52,2.46),(37009,1,2240,341,1,20.80,3156,85,'2009-03-11',0.52,1.99),(37010,1,2182,1636,1,21.60,3157,85,'2009-05-08',0.52,2.81),(37011,1,2127,753,1,34.60,3158,85,'2009-07-02',0.52,2.40),(37012,1,2220,423,1,22.20,3159,85,'2009-03-31',0.52,2.10),(37013,1,2237,869,1,18.60,3160,85,'2009-03-14',0.52,2.48),(37014,1,2238,850,1,21.60,3161,85,'2009-03-13',0.52,2.47),(37015,1,2235,907,1,21.60,3162,85,'2009-03-16',0.52,2.50),(37016,2,1855,945,1,20.40,3163,85,'2010-03-31',1.80,8.73),(37017,1,2224,854,1,23.60,3164,85,'2009-03-27',0.52,2.47),(37018,1,2233,92,1,20.80,3165,85,'2009-03-18',0.52,1.31),(37019,2,1850,902,1,21.80,3166,85,'2010-04-05',1.80,8.65),(37020,1,2229,266,1,23.20,3167,85,'2009-03-22',0.52,1.86),(37021,1,2385,671,1,20.60,3168,85,'2008-10-17',0.52,2.34),(37022,1,2224,857,1,21.00,3169,85,'2009-03-27',0.52,2.47),(37023,1,1940,142,1,21.80,3261,85,'2010-01-05',0.52,1.54),(37024,1,2217,1410,1,18.60,3172,85,'2009-04-03',0.52,2.73),(37025,1,2213,917,1,23.20,3173,85,'2009-04-07',0.52,2.51),(37026,1,2229,836,1,31.20,3174,85,'2009-03-22',0.52,2.46),(37027,1,2208,229,1,26.40,3175,85,'2009-04-12',0.52,1.79),(37028,1,2230,962,1,21.20,3176,85,'2009-03-21',0.52,2.53),(37029,1,2161,818,1,20.00,3177,85,'2009-05-29',0.52,2.45),(37030,1,2071,42,1,36.60,3178,85,'2009-08-27',0.52,0.90),(37031,1,2211,879,1,27.00,3179,85,'2009-04-09',0.52,2.48),(37032,1,2072,237,1,34.00,3180,85,'2009-08-26',0.52,1.80),(37033,1,2232,305,1,19.80,3181,85,'2009-03-19',0.52,1.93),(37034,1,2212,883,1,21.80,3182,85,'2009-04-08',0.52,2.49),(37035,1,2218,909,1,28.80,3183,85,'2009-04-02',0.52,2.50),(37036,1,2206,885,1,17.20,3184,85,'2009-04-14',0.52,2.49),(37037,2,1852,790,1,23.00,3186,85,'2010-04-03',1.80,8.41),(37038,1,2119,146,1,21.60,3187,85,'2009-07-10',0.52,1.55),(37039,1,2166,862,1,30.00,3188,85,'2009-05-24',0.52,2.47),(37040,1,2048,916,1,22.20,3189,85,'2009-09-19',0.52,2.51),(37041,1,2020,142,1,25.40,3190,85,'2009-10-17',0.52,1.54),(37042,1,2108,193,1,22.40,3191,85,'2009-07-21',0.52,1.70),(37043,1,2224,852,1,16.80,3193,85,'2009-03-27',0.52,2.47),(37044,1,2090,214,1,24.40,3194,85,'2009-08-08',0.52,1.75),(37045,1,2190,169,1,26.80,3195,85,'2009-04-30',0.52,1.63),(37046,2,1856,982,1,26.20,3196,85,'2010-03-30',1.80,8.80),(37047,1,2204,949,1,20.80,3197,85,'2009-04-16',0.52,2.52),(37048,1,2023,841,1,25.20,3198,85,'2009-10-14',0.52,2.46),(37049,1,2034,142,1,30.00,3200,85,'2009-10-03',0.52,1.54),(37050,1,2228,317,1,19.00,3201,85,'2009-03-23',0.52,1.95),(37051,1,2234,856,1,34.00,3202,85,'2009-03-17',0.52,2.47),(37052,1,2043,919,1,31.80,3203,85,'2009-09-24',0.52,2.51),(37053,1,2216,876,1,23.40,3204,85,'2009-04-04',0.52,2.48),(37054,1,2127,106,1,24.40,3205,85,'2009-07-02',0.52,1.38),(37055,1,2224,942,1,25.60,3206,85,'2009-03-27',0.52,2.52),(37056,1,2108,111,1,22.60,3208,85,'2009-07-21',0.52,1.41),(37057,1,2222,848,1,25.80,3209,85,'2009-03-29',0.52,2.47),(37058,1,2211,901,1,23.00,3211,85,'2009-04-09',0.52,2.50),(37059,1,2213,346,1,21.40,3212,85,'2009-04-07',0.52,2.00),(37060,1,2062,417,1,38.80,3213,85,'2009-09-05',0.52,2.10),(37061,1,2136,113,1,23.40,3214,85,'2009-06-23',0.52,1.42),(37062,1,2055,901,1,28.80,3215,85,'2009-09-12',0.52,2.50),(37063,1,2218,77,1,22.40,3216,85,'2009-04-02',0.52,1.22),(37064,1,2109,106,1,22.20,3217,85,'2009-07-20',0.52,1.38),(37065,1,2119,75,1,33.00,3218,85,'2009-07-10',0.52,1.21),(37066,1,2117,897,1,23.20,3219,85,'2009-07-12',0.52,2.50),(37067,1,2111,929,1,26.20,3220,85,'2009-07-18',0.52,2.51),(37068,1,2039,860,1,22.80,3221,85,'2009-09-28',0.52,2.47),(37069,1,1980,944,1,25.60,3222,85,'2009-11-26',0.52,2.52),(37070,1,2072,1354,1,25.00,3223,85,'2009-08-26',0.52,2.71),(37071,1,2214,770,1,23.00,3224,85,'2009-04-06',0.52,2.42),(37072,1,2080,762,1,23.20,3225,85,'2009-08-18',0.52,2.41),(37073,1,2072,885,1,29.40,3226,85,'2009-08-26',0.52,2.49),(37074,1,2072,156,1,20.80,3227,85,'2009-08-26',0.52,1.59),(37075,1,2039,341,1,21.60,3228,85,'2009-09-28',0.52,1.99),(37076,1,2140,1237,1,13.00,3229,85,'2009-06-19',0.52,2.66),(37077,1,2097,2539,1,20.20,3230,85,'2009-08-01',0.52,3.04),(37078,1,1992,41,1,23.20,3231,85,'2009-11-14',0.52,0.89),(37079,1,2105,902,1,19.20,3232,85,'2009-07-24',0.52,2.50),(37080,1,2108,25,1,21.40,3234,85,'2009-07-21',0.52,0.63),(37081,1,2033,717,1,27.20,3236,85,'2009-10-04',0.52,2.38),(37082,2,2996,127,1,19.80,3239,85,'2007-02-14',1.80,5.12),(37083,2,2196,881,1,34.00,3240,85,'2009-04-24',1.80,8.61),(37084,2,1966,158,1,24.20,3241,85,'2009-12-10',1.80,5.51),(37085,2,1932,0,0,26.23,3242,85,'2010-01-13',NULL,NULL),(37086,2,2046,0,0,26.23,2917,85,'2009-09-21',NULL,NULL),(37087,2,1971,0,0,26.23,2942,85,'2009-12-05',NULL,NULL),(37088,2,2208,0,0,26.23,2957,85,'2009-04-12',NULL,NULL),(37089,2,2215,0,0,26.23,3004,85,'2009-04-05',NULL,NULL),(37090,2,1944,0,0,26.23,3255,85,'2010-01-01',NULL,NULL),(37091,2,1944,0,0,26.23,3256,85,'2010-01-01',NULL,NULL),(37092,1,2572,0,0,23.10,3096,85,'2008-04-13',NULL,NULL),(37093,2,1927,0,0,26.23,3257,85,'2010-01-18',NULL,NULL),(37094,1,1944,0,0,23.10,3262,85,'2010-01-01',NULL,NULL),(37095,1,1944,0,0,23.10,3263,85,'2010-01-01',NULL,NULL),(37096,1,2081,0,0,23.10,3235,85,'2009-08-17',NULL,NULL),(37097,1,2035,0,0,23.10,3237,85,'2009-10-02',NULL,NULL);
/*!40000 ALTER TABLE `dairy_control` ENABLE KEYS */;
UNLOCK TABLES;

--
-- Table structure for table `erogaciones`
--

DROP TABLE IF EXISTS `erogaciones`;
/*!40101 SET @saved_cs_client     = @@character_set_client */;
/*!40101 SET character_set_client = utf8 */;
CREATE TABLE `erogaciones` (
  `id` int(11) NOT NULL,
  `schema_id` int(11) NOT NULL,
  `name` varchar(250) NOT NULL,
  `description` varchar(250) DEFAULT NULL,
  `price` decimal(8,2) NOT NULL,
  `days` decimal(6,2) DEFAULT NULL,
  PRIMARY KEY (`id`),
  KEY `fk_erogaciones_1_idx` (`schema_id`),
  CONSTRAINT `fk_erogaciones_1` FOREIGN KEY (`schema_id`) REFERENCES `schema_controls` (`id`) ON DELETE NO ACTION ON UPDATE NO ACTION
) ENGINE=InnoDB DEFAULT CHARSET=latin1;
/*!40101 SET character_set_client = @saved_cs_client */;

--
-- Dumping data for table `erogaciones`
--

LOCK TABLES `erogaciones` WRITE;
/*!40000 ALTER TABLE `erogaciones` DISABLE KEYS */;
/*!40000 ALTER TABLE `erogaciones` ENABLE KEYS */;
UNLOCK TABLES;

--
-- Table structure for table `people`
--

DROP TABLE IF EXISTS `people`;
/*!40101 SET @saved_cs_client     = @@character_set_client */;
/*!40101 SET character_set_client = utf8 */;
CREATE TABLE `people` (
  `id` int(11) NOT NULL AUTO_INCREMENT,
  `type` varchar(250) DEFAULT NULL,
  `first_name` varchar(250) DEFAULT NULL,
  `last_name` varchar(250) DEFAULT NULL,
  `email` varchar(250) DEFAULT NULL,
  `phone` varchar(250) DEFAULT NULL,
  `created_by` int(11) DEFAULT NULL,
  PRIMARY KEY (`id`)
) ENGINE=InnoDB AUTO_INCREMENT=12 DEFAULT CHARSET=latin1;
/*!40101 SET character_set_client = @saved_cs_client */;

--
-- Dumping data for table `people`
--

LOCK TABLES `people` WRITE;
/*!40000 ALTER TABLE `people` DISABLE KEYS */;
INSERT INTO `people` VALUES (2,'veterinary','Sergio','Gomez','sgomez@gmail.com','0358-4646553',4),(3,'veterinary','Marcos','Lucero','','',4),(4,'owner','Marco','Florit','','',NULL),(5,'owner','Nicolás','Cellucci','','',NULL),(6,'owner','Ezequiel','Ortiz','','',NULL),(7,'owner','Mariano','Luchini','','',NULL),(8,'owner','Emilio','Molinuevo','','',NULL),(9,'veterinary','Juan Carlos','Zapata','','',4),(10,'veterinary','pedro','ortiz','','',4),(11,'owner','Tachan','','t@example.com','',NULL);
/*!40000 ALTER TABLE `people` ENABLE KEYS */;
UNLOCK TABLES;

--
-- Table structure for table `schema_controls`
--

DROP TABLE IF EXISTS `schema_controls`;
/*!40101 SET @saved_cs_client     = @@character_set_client */;
/*!40101 SET character_set_client = utf8 */;
CREATE TABLE `schema_controls` (
  `id` int(11) NOT NULL AUTO_INCREMENT,
  `maquina_control_precio` decimal(10,2) DEFAULT '0.00',
  `maquina_control_dias` int(11) DEFAULT '0',
  `liters_milk` int(11) DEFAULT NULL,
  `dairy_id` int(11) NOT NULL,
  `date` date NOT NULL,
  `milk_price` decimal(10,2) DEFAULT '0.00',
  `desinf_pre_o_producto` varchar(245) DEFAULT NULL,
  `desinf_pre_o_precio` decimal(10,2) DEFAULT NULL,
  `desinf_pre_o_dias` decimal(6,2) DEFAULT NULL,
  `desinf_post_o_producto` varchar(245) DEFAULT NULL,
  `desinf_post_o_precio` decimal(10,2) DEFAULT NULL,
  `desinf_post_o_dias` decimal(6,2) DEFAULT NULL,
  `tmc_ab_pomo_cantidad` decimal(6,2) DEFAULT NULL,
  `tmc_ab_pomo_precio` decimal(10,2) DEFAULT NULL,
  `tmc_ab_inyect_cantidad` decimal(6,2) DEFAULT NULL,
  `tmc_ab_inyect_precio` decimal(10,2) DEFAULT NULL,
  `tmc_ai_inyect_cantidad` decimal(6,2) DEFAULT NULL,
  `tmc_ai_inyect_precio` varchar(100) DEFAULT NULL,
  `ts_pomo_precio` decimal(10,2) DEFAULT NULL,
  `in_ordenio` int(11) NOT NULL,
  `filename` varchar(250) DEFAULT NULL,
  `filetype` varchar(250) DEFAULT NULL,
  PRIMARY KEY (`id`),
  KEY `fk_schema_dairies1_idx` (`dairy_id`),
  CONSTRAINT `fk_schema_dairies1` FOREIGN KEY (`dairy_id`) REFERENCES `dairies` (`id`) ON DELETE NO ACTION ON UPDATE NO ACTION
) ENGINE=InnoDB AUTO_INCREMENT=86 DEFAULT CHARSET=latin1;
/*!40101 SET character_set_client = @saved_cs_client */;

--
-- Dumping data for table `schema_controls`
--

LOCK TABLES `schema_controls` WRITE;
/*!40000 ALTER TABLE `schema_controls` DISABLE KEYS */;
INSERT INTO `schema_controls` VALUES (55,11.00,12,5110,4,'2015-03-19',0.00,NULL,NULL,NULL,NULL,NULL,NULL,NULL,NULL,NULL,NULL,NULL,NULL,NULL,0,NULL,NULL),(70,150.00,20,2323,3,'2015-03-18',12.00,'w',0.20,1.00,'j',25.33,1.00,1.00,2.00,1.00,0.50,1.00,'19',12.00,44,'prueba1.xlsx','application/vnd.openxmlformats-officedocument.spreadsheetml.sheet'),(71,150.00,20,2323230,3,'2015-03-02',12.00,'w',0.20,1.00,'j',25.33,1.00,1.00,2.00,1.00,0.50,1.00,'19',12.00,12,'tambo_1_19-12-2014.xls','application/vnd.ms-excel'),(72,150.00,20,90800,3,'2014-12-19',1.50,'w',0.20,1.00,'j',25.33,1.00,1.00,2.00,1.00,0.50,1.00,'19',12.00,397,NULL,NULL),(77,1200.00,120,9696,9,'2014-12-19',3.30,'YYY',12.00,5.00,'XXXX',400.00,3.47,6.00,50.00,8.33,60.00,33.00,'155',250.00,396,'tambo_1_19-12-2014.xls','application/vnd.ms-excel'),(78,1200.00,120,8917,9,'2015-01-25',3.30,'',0.00,0.00,'XXXX',400.00,3.47,0.00,0.00,0.00,0.00,0.00,'',0.00,365,NULL,NULL),(79,1200.00,120,5390,9,'2015-03-11',3.30,'',0.00,0.00,'XXXX',400.00,3.47,1.00,400.00,0.00,0.00,0.00,'',10.00,340,'tambo_1.csv','text/csv'),(83,456.00,4564,456456,10,'2015-04-29',54.00,'45465456',56456.00,456.00,'456',456.00,4654.00,456.00,56.00,564.00,4564.00,56.00,'564',456.00,650,'tambo_1_19-12-2014.xls','application/vnd.ms-excel'),(85,456.00,4564,456456,10,'2015-04-29',54.00,'45465456',56456.00,456.00,'456',456.00,4654.00,456.00,56.00,564.00,4564.00,56.00,'564',456.00,650,'tambo_1_esquema_2.csv','text/csv');
/*!40000 ALTER TABLE `schema_controls` ENABLE KEYS */;
UNLOCK TABLES;

--
-- Table structure for table `users`
--

DROP TABLE IF EXISTS `users`;
/*!40101 SET @saved_cs_client     = @@character_set_client */;
/*!40101 SET character_set_client = utf8 */;
CREATE TABLE `users` (
  `id` int(11) NOT NULL AUTO_INCREMENT,
  `username` varchar(255) NOT NULL,
  `email` varchar(255) DEFAULT NULL,
  `password` varchar(255) NOT NULL,
  `disable` tinyint(1) DEFAULT '0',
  `role` int(11) DEFAULT '1',
  `person_id` int(11) DEFAULT NULL,
  PRIMARY KEY (`id`),
  UNIQUE KEY `username_UNIQUE` (`username`),
  KEY `fk_users_1_idx` (`person_id`),
  CONSTRAINT `fk_users_1` FOREIGN KEY (`person_id`) REFERENCES `people` (`id`) ON DELETE NO ACTION ON UPDATE NO ACTION
) ENGINE=InnoDB AUTO_INCREMENT=12 DEFAULT CHARSET=latin1;
/*!40101 SET character_set_client = @saved_cs_client */;

--
-- Dumping data for table `users`
--

LOCK TABLES `users` WRITE;
/*!40000 ALTER TABLE `users` DISABLE KEYS */;
INSERT INTO `users` VALUES (5,'mmarozzi',NULL,'2bTHm3i5rgfYo',0,1,NULL),(8,'mflorit','mflorit@gmail.com','2bTHm3i5rgfYo',0,2,4),(9,'ncellucci','nicocelluccio@gmail.com','2b9z3QeiieEa2',0,2,5),(10,'mluchini','','2bukSaQ0AiVB6',0,2,7),(11,'tachan','','2bEUOafkY9nZw',0,2,11);
/*!40000 ALTER TABLE `users` ENABLE KEYS */;
UNLOCK TABLES;
/*!40103 SET TIME_ZONE=@OLD_TIME_ZONE */;

/*!40101 SET SQL_MODE=@OLD_SQL_MODE */;
/*!40014 SET FOREIGN_KEY_CHECKS=@OLD_FOREIGN_KEY_CHECKS */;
/*!40014 SET UNIQUE_CHECKS=@OLD_UNIQUE_CHECKS */;
/*!40101 SET CHARACTER_SET_CLIENT=@OLD_CHARACTER_SET_CLIENT */;
/*!40101 SET CHARACTER_SET_RESULTS=@OLD_CHARACTER_SET_RESULTS */;
/*!40101 SET COLLATION_CONNECTION=@OLD_COLLATION_CONNECTION */;
/*!40111 SET SQL_NOTES=@OLD_SQL_NOTES */;

-- Dump completed on 2015-05-22 19:15:56
