-- MySQL dump 10.13  Distrib 5.5.43, for debian-linux-gnu (x86_64)
--
-- Host: localhost    Database: clecherodb
-- ------------------------------------------------------
-- Server version	5.5.43-0ubuntu0.14.04.1

/*!40101 SET @OLD_CHARACTER_SET_CLIENT=@@CHARACTER_SET_CLIENT */;
/*!40101 SET @OLD_CHARACTER_SET_RESULTS=@@CHARACTER_SET_RESULTS */;
/*!40101 SET @OLD_COLLATION_CONNECTION=@@COLLATION_CONNECTION */;
/*!40101 SET NAMES utf8 */;
/*!40103 SET @OLD_TIME_ZONE=@@TIME_ZONE */;
/*!40103 SET TIME_ZONE='+00:00' */;
/*!40014 SET @OLD_UNIQUE_CHECKS=@@UNIQUE_CHECKS, UNIQUE_CHECKS=0 */;
/*!40014 SET @OLD_FOREIGN_KEY_CHECKS=@@FOREIGN_KEY_CHECKS, FOREIGN_KEY_CHECKS=0 */;
/*!40101 SET @OLD_SQL_MODE=@@SQL_MODE, SQL_MODE='NO_AUTO_VALUE_ON_ZERO' */;
/*!40111 SET @OLD_SQL_NOTES=@@SQL_NOTES, SQL_NOTES=0 */;

--
-- Table structure for table `analisis_schema`
--

DROP TABLE IF EXISTS `analisis_schema`;
/*!40101 SET @saved_cs_client     = @@character_set_client */;
/*!40101 SET character_set_client = utf8 */;
CREATE TABLE `analisis_schema` (
  `id` int(11) NOT NULL AUTO_INCREMENT,
  `schema_id` int(11) NOT NULL,
  `perdida_msc` decimal(8,2) NOT NULL,
  `perdida_mc` decimal(8,2) NOT NULL,
  `perdida_lts` decimal(8,2) NOT NULL,
  `perdida_costo` decimal(8,2) NOT NULL,
  `costo_desinf_pre_o` decimal(8,2) NOT NULL,
  `costo_desinf_pos_o` decimal(8,2) NOT NULL,
  `costo_tratamiento_mc` decimal(8,2) NOT NULL,
  `costo_tratamiento_secado` decimal(8,2) NOT NULL,
  `costo_mantenimiento_maquina` decimal(8,2) NOT NULL,
  `costo_total` decimal(8,2) NOT NULL,
  PRIMARY KEY (`id`),
  UNIQUE KEY `schema_id_UNIQUE` (`schema_id`)
) ENGINE=InnoDB AUTO_INCREMENT=48 DEFAULT CHARSET=latin1;
/*!40101 SET character_set_client = @saved_cs_client */;

--
-- Dumping data for table `analisis_schema`
--

LOCK TABLES `analisis_schema` WRITE;
/*!40000 ALTER TABLE `analisis_schema` DISABLE KEYS */;
INSERT INTO `analisis_schema` VALUES (28,72,164.16,0.00,164.16,246.24,0.20,25.33,0.00,0.00,7.50,33.03),(30,70,144.10,0.00,144.10,1729.20,0.20,25.33,0.00,0.00,7.50,33.03),(44,77,0.00,9554.20,9554.20,31528.86,0.00,0.00,0.00,0.00,10.00,10.00),(46,78,0.00,8892.40,8892.40,29344.92,0.00,115.27,0.00,0.00,10.00,125.27),(47,79,0.00,52.50,52.50,173.25,0.00,0.00,0.00,0.00,10.00,10.00);
/*!40000 ALTER TABLE `analisis_schema` ENABLE KEYS */;
UNLOCK TABLES;

--
-- Table structure for table `cattle`
--

DROP TABLE IF EXISTS `cattle`;
/*!40101 SET @saved_cs_client     = @@character_set_client */;
/*!40101 SET character_set_client = utf8 */;
CREATE TABLE `cattle` (
  `id` int(11) NOT NULL AUTO_INCREMENT,
  `caravana` varchar(250) DEFAULT NULL,
  `dairy_id` int(11) NOT NULL,
  PRIMARY KEY (`id`),
  KEY `fk_cattle_dairies_idx` (`dairy_id`),
  CONSTRAINT `fk_cattle_dairies` FOREIGN KEY (`dairy_id`) REFERENCES `dairies` (`id`) ON DELETE NO ACTION ON UPDATE NO ACTION
) ENGINE=InnoDB AUTO_INCREMENT=1658 DEFAULT CHARSET=utf8;
/*!40101 SET character_set_client = @saved_cs_client */;

--
-- Dumping data for table `cattle`
--

LOCK TABLES `cattle` WRITE;
/*!40000 ALTER TABLE `cattle` DISABLE KEYS */;
INSERT INTO `cattle` VALUES (1,'1',3),(2,'2',3),(3,'3',3),(4,'4',3),(5,'5',3),(6,'6',3),(7,'7',3),(8,'8',3),(9,'9',3),(10,'10',3),(11,'11',3),(12,'12',3),(13,'13',3),(14,'14',3),(15,'15',3),(16,'16',3),(17,'17',3),(18,'18',3),(19,'19',3),(20,'20',3),(21,'21',3),(22,'22',3),(23,'23',3),(24,'24',3),(25,'25',3),(26,'26',3),(27,'28',3),(28,'29',3),(29,'30',3),(30,'31',3),(31,'32',3),(32,'33',3),(33,'34',3),(34,'35',3),(35,'36',3),(36,'37',3),(37,'38',3),(38,'39',3),(39,'40',3),(40,'41',3),(41,'42',3),(42,'43',3),(43,'44',3),(44,'45',3),(45,'27',3),(46,'50',3),(47,'46',3),(48,'47',3),(49,'48',3),(50,'49',3),(51,'51',3),(52,'52',3),(53,'53',3),(54,'54',3),(55,'55',3),(56,'56',3),(57,'57',3),(58,'58',3),(59,'59',3),(60,'60',3),(61,'61',3),(62,'62',3),(63,'63',3),(64,'64',3),(65,'65',3),(66,'66',3),(67,'67',3),(68,'68',3),(69,'69',3),(70,'70',3),(71,'71',3),(72,'72',3),(73,'73',3),(74,'74',3),(75,'75',3),(76,'76',3),(77,'77',3),(78,'78',3),(79,'79',3),(80,'80',3),(81,'81',3),(82,'82',3),(83,'83',3),(84,'84',3),(85,'85',3),(86,'86',3),(87,'87',3),(88,'88',3),(89,'89',3),(90,'90',3),(91,'91',3),(92,'92',3),(93,'93',3),(94,'94',3),(95,'95',3),(96,'96',3),(97,'97',3),(98,'98',3),(99,'99',3),(100,'100',3),(101,'101',3),(102,'102',3),(103,'103',3),(104,'104',3),(105,'105',3),(106,'106',3),(107,'107',3),(108,'108',3),(109,'109',3),(110,'110',3),(111,'111',3),(112,'112',3),(113,'113',3),(114,'114',3),(115,'115',3),(116,'116',3),(117,'117',3),(118,'118',3),(119,'119',3),(120,'120',3),(121,'121',3),(122,'122',3),(123,'123',3),(124,'124',3),(125,'125',3),(126,'126',3),(127,'127',3),(128,'128',3),(129,'129',3),(130,'130',3),(131,'131',3),(132,'132',3),(133,'133',3),(134,'134',3),(135,'135',3),(136,'136',3),(137,'137',3),(138,'138',3),(139,'139',3),(140,'140',3),(141,'141',3),(142,'142',3),(143,'143',3),(144,'144',3),(145,'145',3),(146,'146',3),(147,'147',3),(148,'148',3),(149,'149',3),(150,'150',3),(151,'151',3),(152,'152',3),(153,'153',3),(154,'154',3),(155,'155',3),(156,'156',3),(157,'157',3),(158,'158',3),(159,'159',3),(160,'160',3),(161,'161',3),(162,'162',3),(163,'163',3),(164,'164',3),(165,'165',3),(166,'166',3),(167,'167',3),(168,'168',3),(169,'169',3),(170,'170',3),(171,'171',3),(172,'172',3),(173,'173',3),(175,'1',4),(176,'2',4),(177,'3',4),(178,'4',4),(179,'5',4),(180,'6',4),(181,'7',4),(182,'8',4),(183,'9',4),(184,'10',4),(185,'11',4),(186,'12',4),(187,'13',4),(188,'14',4),(189,'15',4),(190,'16',4),(191,'17',4),(192,'18',4),(193,'19',4),(194,'20',4),(195,'21',4),(196,'22',4),(197,'23',4),(198,'24',4),(199,'25',4),(200,'26',4),(201,'28',4),(202,'29',4),(203,'30',4),(204,'31',4),(205,'32',4),(206,'33',4),(207,'34',4),(208,'35',4),(209,'36',4),(210,'37',4),(211,'38',4),(212,'39',4),(213,'40',4),(214,'41',4),(215,'42',4),(216,'43',4),(217,'44',4),(218,'45',4),(219,'46',4),(220,'47',4),(221,'48',4),(222,'49',4),(223,'50',4),(224,'51',4),(225,'52',4),(226,'53',4),(227,'54',4),(228,'55',4),(229,'56',4),(230,'57',4),(231,'58',4),(232,'59',4),(233,'60',4),(234,'61',4),(235,'62',4),(236,'63',4),(237,'64',4),(238,'65',4),(239,'66',4),(240,'67',4),(241,'68',4),(242,'69',4),(243,'70',4),(244,'71',4),(245,'72',4),(246,'73',4),(247,'74',4),(248,'75',4),(249,'76',4),(250,'77',4),(251,'78',4),(252,'79',4),(253,'80',4),(254,'81',4),(255,'82',4),(256,'83',4),(257,'84',4),(258,'85',4),(259,'86',4),(260,'87',4),(261,'88',4),(262,'89',4),(263,'90',4),(264,'91',4),(265,'92',4),(266,'93',4),(267,'94',4),(268,'95',4),(269,'96',4),(270,'97',4),(271,'98',4),(272,'99',4),(273,'100',4),(274,'101',4),(275,'102',4),(276,'103',4),(277,'104',4),(278,'105',4),(279,'106',4),(280,'107',4),(281,'108',4),(282,'109',4),(283,'110',4),(284,'111',4),(285,'112',4),(286,'113',4),(287,'114',4),(288,'115',4),(289,'116',4),(290,'117',4),(291,'118',4),(292,'119',4),(293,'120',4),(294,'121',4),(295,'122',4),(296,'123',4),(297,'124',4),(298,'125',4),(299,'126',4),(300,'127',4),(301,'128',4),(302,'129',4),(303,'130',4),(304,'131',4),(305,'132',4),(306,'133',4),(307,'134',4),(308,'135',4),(309,'136',4),(310,'137',4),(311,'138',4),(312,'139',4),(313,'140',4),(314,'141',4),(315,'142',4),(316,'143',4),(317,'144',4),(318,'145',4),(319,'146',4),(320,'147',4),(321,'148',4),(322,'149',4),(323,'150',4),(324,'151',4),(325,'152',4),(326,'153',4),(327,'154',4),(328,'155',4),(329,'156',4),(330,'157',4),(331,'158',4),(332,'159',4),(333,'160',4),(334,'161',4),(335,'162',4),(336,'163',4),(337,'164',4),(338,'165',4),(339,'166',4),(340,'167',4),(341,'168',4),(342,'169',4),(343,'170',4),(344,'171',4),(345,'172',4),(346,'173',4),(347,'1',10),(348,'2',10),(349,'3',10),(350,'4',10),(351,'5',10),(352,'6',10),(353,'7',10),(354,'8',10),(355,'9',10),(356,'10',10),(357,'11',10),(358,'12',10),(359,'13',10),(360,'14',10),(361,'15',10),(362,'16',10),(363,'17',10),(364,'18',10),(365,'19',10),(366,'20',10),(367,'21',10),(368,'22',10),(369,'23',10),(370,'24',10),(371,'25',10),(372,'26',10),(373,'28',10),(374,'29',10),(375,'30',10),(376,'31',10),(377,'32',10),(378,'33',10),(379,'34',10),(380,'35',10),(381,'36',10),(382,'37',10),(383,'38',10),(384,'39',10),(385,'40',10),(386,'41',10),(387,'42',10),(388,'43',10),(389,'44',10),(390,'45',10),(391,'1',8),(392,'2',8),(393,'3',8),(394,'4',8),(395,'5',8),(396,'6',8),(397,'7',8),(398,'8',8),(399,'9',8),(400,'10',8),(401,'11',8),(402,'12',8),(403,'13',8),(404,'14',8),(405,'15',8),(406,'16',8),(407,'17',8),(408,'18',8),(409,'19',8),(410,'20',8),(411,'21',8),(412,'22',8),(413,'23',8),(414,'24',8),(415,'25',8),(416,'26',8),(417,'28',8),(418,'29',8),(419,'30',8),(420,'31',8),(421,'32',8),(422,'33',8),(423,'34',8),(424,'35',8),(425,'36',8),(426,'37',8),(427,'38',8),(428,'39',8),(429,'40',8),(430,'41',8),(431,'42',8),(432,'43',8),(433,'44',8),(434,'45',8),(1227,'917',9),(1228,'994',9),(1229,'1119',9),(1230,'1151',9),(1231,'1155',9),(1232,'1163',9),(1233,'1371',9),(1234,'1377',9),(1235,'2023',9),(1236,'2030',9),(1237,'2033',9),(1238,'2040',9),(1239,'2063',9),(1240,'2066',9),(1241,'2069',9),(1242,'2092',9),(1243,'2094',9),(1244,'2114',9),(1245,'2127',9),(1246,'2134',9),(1247,'2135',9),(1248,'2159',9),(1249,'2160',9),(1250,'2166',9),(1251,'2193',9),(1252,'2195',9),(1253,'2200',9),(1254,'2221',9),(1255,'2224',9),(1256,'2227',9),(1257,'2235',9),(1258,'2243',9),(1259,'2255',9),(1260,'2258',9),(1261,'2277',9),(1262,'2303',9),(1263,'2341',9),(1264,'2347',9),(1265,'2357',9),(1266,'2358',9),(1267,'2361',9),(1268,'2372',9),(1269,'2381',9),(1270,'2385',9),(1271,'2388',9),(1272,'2412',9),(1273,'2413',9),(1274,'2425',9),(1275,'2429',9),(1276,'2431',9),(1277,'2439',9),(1278,'2440',9),(1279,'2441',9),(1280,'2444',9),(1281,'2447',9),(1282,'2454',9),(1283,'2460',9),(1284,'2462',9),(1285,'2478',9),(1286,'2491',9),(1287,'2492',9),(1288,'2509',9),(1289,'2510',9),(1290,'2511',9),(1291,'2515',9),(1292,'2516',9),(1293,'2539',9),(1294,'2541',9),(1295,'2547',9),(1296,'2559',9),(1297,'2571',9),(1298,'2576',9),(1299,'2594',9),(1300,'2604',9),(1301,'2605',9),(1302,'2607',9),(1303,'2611',9),(1304,'2614',9),(1305,'2618',9),(1306,'2620',9),(1307,'2629',9),(1308,'2642',9),(1309,'2650',9),(1310,'2652',9),(1311,'2658',9),(1312,'2668',9),(1313,'2674',9),(1314,'2676',9),(1315,'2679',9),(1316,'2681',9),(1317,'2684',9),(1318,'2687',9),(1319,'2691',9),(1320,'2693',9),(1321,'2694',9),(1322,'2696',9),(1323,'2699',9),(1324,'2700',9),(1325,'2701',9),(1326,'2708',9),(1327,'2709',9),(1328,'2715',9),(1329,'2716',9),(1330,'2725',9),(1331,'2730',9),(1332,'2743',9),(1333,'2744',9),(1334,'2748',9),(1335,'2751',9),(1336,'2755',9),(1337,'2758',9),(1338,'2762',9),(1339,'2766',9),(1340,'2771',9),(1341,'2773',9),(1342,'2774',9),(1343,'2780',9),(1344,'2782',9),(1345,'2784',9),(1346,'2786',9),(1347,'2791',9),(1348,'2800',9),(1349,'2802',9),(1350,'2803',9),(1351,'2805',9),(1352,'2809',9),(1353,'2815',9),(1354,'2823',9),(1355,'2827',9),(1356,'2831',9),(1357,'2833',9),(1358,'2835',9),(1359,'2836',9),(1360,'2845',9),(1361,'2847',9),(1362,'2850',9),(1363,'2855',9),(1364,'2857',9),(1365,'2865',9),(1366,'2866',9),(1367,'2875',9),(1368,'2877',9),(1369,'2882',9),(1370,'2892',9),(1371,'2893',9),(1372,'2900',9),(1373,'2901',9),(1374,'2902',9),(1375,'2910',9),(1376,'2916',9),(1377,'2921',9),(1378,'2922',9),(1379,'2933',9),(1380,'2942',9),(1381,'2946',9),(1382,'2948',9),(1383,'2953',9),(1384,'2955',9),(1385,'2956',9),(1386,'2957',9),(1387,'2964',9),(1388,'2965',9),(1389,'2967',9),(1390,'2968',9),(1391,'2971',9),(1392,'2974',9),(1393,'2976',9),(1394,'2978',9),(1395,'2980',9),(1396,'2981',9),(1397,'2987',9),(1398,'2991',9),(1399,'2993',9),(1400,'2998',9),(1401,'3001',9),(1402,'3003',9),(1403,'3005',9),(1404,'3009',9),(1405,'3010',9),(1406,'3011',9),(1407,'3018',9),(1408,'3020',9),(1409,'3025',9),(1410,'3027',9),(1411,'3032',9),(1412,'3034',9),(1413,'3038',9),(1414,'3040',9),(1415,'3041',9),(1416,'3042',9),(1417,'3043',9),(1418,'3047',9),(1419,'3049',9),(1420,'3050',9),(1421,'3052',9),(1422,'3055',9),(1423,'3057',9),(1424,'3061',9),(1425,'3062',9),(1426,'3063',9),(1427,'3066',9),(1428,'3068',9),(1429,'3069',9),(1430,'3071',9),(1431,'3077',9),(1432,'3079',9),(1433,'3081',9),(1434,'3083',9),(1435,'3092',9),(1436,'3093',9),(1437,'3095',9),(1438,'3101',9),(1439,'3121',9),(1440,'3125',9),(1441,'3126',9),(1442,'3136',9),(1443,'3140',9),(1444,'3148',9),(1445,'3149',9),(1446,'3150',9),(1447,'3152',9),(1448,'3157',9),(1449,'3158',9),(1450,'3161',9),(1451,'3166',9),(1452,'3167',9),(1453,'3171',9),(1454,'3172',9),(1455,'3174',9),(1456,'3177',9),(1457,'3181',9),(1458,'3183',9),(1459,'3184',9),(1460,'3185',9),(1461,'3188',9),(1462,'3195',9),(1463,'3196',9),(1464,'3199',9),(1465,'3201',9),(1466,'3208',9),(1467,'3212',9),(1468,'3221',9),(1469,'3230',9),(1470,'3232',9),(1471,'3234',9),(1472,'3237',9),(1473,'3242',9),(1474,'3245',9),(1475,'3247',9),(1476,'3249',9),(1477,'3250',9),(1478,'3253',9),(1479,'3257',9),(1480,'3258',9),(1481,'3259',9),(1482,'3269',9),(1483,'3270',9),(1484,'3272',9),(1485,'3276',9),(1486,'3280',9),(1487,'3284',9),(1488,'3285',9),(1489,'3297',9),(1490,'3299',9),(1491,'3301',9),(1492,'3307',9),(1493,'3311',9),(1494,'3313',9),(1495,'3314',9),(1496,'3321',9),(1497,'3322',9),(1498,'3325',9),(1499,'3329',9),(1500,'3333',9),(1501,'3337',9),(1502,'3338',9),(1503,'3339',9),(1504,'3340',9),(1505,'3341',9),(1506,'3343',9),(1507,'3344',9),(1508,'3347',9),(1509,'3348',9),(1510,'3350',9),(1511,'3351',9),(1512,'3358',9),(1513,'3360',9),(1514,'3361',9),(1515,'3364',9),(1516,'3365',9),(1517,'3366',9),(1518,'3367',9),(1519,'3368',9),(1520,'3369',9),(1521,'3372',9),(1522,'3373',9),(1523,'3374',9),(1524,'3375',9),(1525,'3377',9),(1526,'3379',9),(1527,'3380',9),(1528,'3381',9),(1529,'3382',9),(1530,'3383',9),(1531,'3384',9),(1532,'3385',9),(1533,'3386',9),(1534,'3387',9),(1535,'3388',9),(1536,'3392',9),(1537,'3393',9),(1538,'3397',9),(1539,'3398',9),(1540,'3400',9),(1541,'3401',9),(1542,'3403',9),(1543,'3408',9),(1544,'3413',9),(1545,'3417',9),(1546,'3419',9),(1547,'3420',9),(1548,'3421',9),(1549,'3425',9),(1550,'3427',9),(1551,'3428',9),(1552,'3430',9),(1553,'3435',9),(1554,'3438',9),(1555,'3443',9),(1556,'3444',9),(1557,'3445',9),(1558,'3448',9),(1559,'3449',9),(1560,'3450',9),(1561,'3452',9),(1562,'3455',9),(1563,'3458',9),(1564,'3460',9),(1565,'3461',9),(1566,'3463',9),(1567,'3466',9),(1568,'3467',9),(1569,'3468',9),(1570,'3472',9),(1571,'3474',9),(1572,'3476',9),(1573,'3477',9),(1574,'3479',9),(1575,'3483',9),(1576,'3484',9),(1577,'3490',9),(1578,'3493',9),(1579,'3494',9),(1580,'3495',9),(1581,'3497',9),(1582,'3498',9),(1583,'3500',9),(1584,'3501',9),(1585,'3502',9),(1586,'3505',9),(1587,'3508',9),(1588,'3510',9),(1589,'3511',9),(1590,'3512',9),(1591,'3514',9),(1592,'3516',9),(1593,'3517',9),(1594,'3519',9),(1595,'3520',9),(1596,'3521',9),(1597,'3522',9),(1598,'3525',9),(1599,'3527',9),(1600,'3528',9),(1601,'3529',9),(1602,'3530',9),(1603,'3537',9),(1604,'3538',9),(1605,'3539',9),(1606,'3542',9),(1607,'3544',9),(1608,'3545',9),(1609,'3548',9),(1610,'3549',9),(1611,'3550',9),(1612,'3551',9),(1613,'3554',9),(1614,'3555',9),(1615,'3556',9),(1616,'3559',9),(1617,'3589',9),(1618,'3649',9),(1619,'A2439',9),(1620,'a2441',9),(1621,'A2446',9),(1622,'A2450',9),(1623,'1385',9),(1624,'2589',9),(1625,'2598',9),(1626,'2644',9),(1627,'2697',9),(1628,'2745',9),(1629,'2843',9),(1630,'2844',9),(1631,'2867',9),(1632,'3036',9),(1633,'3048',9),(1634,'3096',9),(1635,'3118',9),(1636,'3176',9),(1637,'3235',9),(1638,'3264',9),(1639,'3277',9),(1640,'3315',9),(1641,'3352',9),(1642,'3434',9),(1643,'3524',9),(1644,'3526',9),(1645,'2006',9),(1646,'2890',9),(1647,'3160',9),(1648,'1',9),(1649,'2',9),(1650,'3',9),(1651,'4',9),(1652,'5',9),(1653,'6',9),(1654,'7',9),(1655,'8',9),(1656,'9',9),(1657,'10',9);
/*!40000 ALTER TABLE `cattle` ENABLE KEYS */;
UNLOCK TABLES;

--
-- Table structure for table `dairies`
--

DROP TABLE IF EXISTS `dairies`;
/*!40101 SET @saved_cs_client     = @@character_set_client */;
/*!40101 SET character_set_client = utf8 */;
CREATE TABLE `dairies` (
  `id` int(11) NOT NULL AUTO_INCREMENT,
  `name` varchar(250) DEFAULT NULL,
  `email` varchar(250) DEFAULT NULL,
  `phone` varchar(250) DEFAULT NULL,
  `owner_id` int(11) DEFAULT NULL,
  `veterinary_id` int(11) DEFAULT NULL,
  `location` tinytext,
  `industry` varchar(250) CHARACTER SET big5 DEFAULT NULL,
  PRIMARY KEY (`id`)
) ENGINE=InnoDB AUTO_INCREMENT=11 DEFAULT CHARSET=utf8;
/*!40101 SET character_set_client = @saved_cs_client */;

--
-- Dumping data for table `dairies`
--

LOCK TABLES `dairies` WRITE;
/*!40000 ALTER TABLE `dairies` DISABLE KEYS */;
INSERT INTO `dairies` VALUES (3,'Tambito','','',4,10,'Sur de la provincia de cordoba, camino rural n° 3','SANCOR'),(4,'Manchita','','',5,2,NULL,NULL),(5,'Loquito','e@cd.exa','454545555',6,3,NULL,NULL),(8,'La espiga central','','45456456',4,2,NULL,NULL),(9,'El Tambero','','',4,9,NULL,NULL),(10,'JOOOOOO','','',4,10,NULL,NULL);
/*!40000 ALTER TABLE `dairies` ENABLE KEYS */;
UNLOCK TABLES;

--
-- Table structure for table `dairy_control`
--

DROP TABLE IF EXISTS `dairy_control`;
/*!40101 SET @saved_cs_client     = @@character_set_client */;
/*!40101 SET character_set_client = utf8 */;
CREATE TABLE `dairy_control` (
  `id` int(11) NOT NULL AUTO_INCREMENT,
  `nop` int(11) DEFAULT NULL COMMENT 'Numero ordinal de parto, 1 o 2 y mas',
  `dl` int(11) DEFAULT NULL COMMENT 'Dia Lactancia, cuanto hace que pario',
  `rcs` int(11) DEFAULT NULL,
  `mc` tinyint(1) DEFAULT NULL,
  `liters_milk` decimal(10,2) DEFAULT NULL,
  `cow_id` int(11) NOT NULL,
  `schema_id` int(11) NOT NULL,
  `date_dl` date DEFAULT NULL,
  `perdida` decimal(10,2) DEFAULT NULL,
  `dml` decimal(10,2) DEFAULT NULL,
  PRIMARY KEY (`id`),
  KEY `fk_dairy_control_cattle1_idx` (`cow_id`),
  KEY `fk_dairy_control_schema1_idx` (`schema_id`),
  CONSTRAINT `fk_dairy_control_cattle1` FOREIGN KEY (`cow_id`) REFERENCES `cattle` (`id`) ON DELETE NO ACTION ON UPDATE NO ACTION,
  CONSTRAINT `fk_dairy_control_schema1` FOREIGN KEY (`schema_id`) REFERENCES `schema_controls` (`id`) ON DELETE CASCADE ON UPDATE NO ACTION
) ENGINE=InnoDB AUTO_INCREMENT=10954 DEFAULT CHARSET=latin1;
/*!40101 SET character_set_client = @saved_cs_client */;

--
-- Dumping data for table `dairy_control`
--

LOCK TABLES `dairy_control` WRITE;
/*!40000 ALTER TABLE `dairy_control` DISABLE KEYS */;
INSERT INTO `dairy_control` VALUES (3599,2,143,2070,0,12.00,1,71,'2014-10-10',0.84,4.73),(3600,1,69,881,1,10.00,2,71,'2014-12-23',NULL,NULL),(3601,2,255,541,1,12.00,5,71,'2014-06-20',NULL,NULL),(3602,2,88,216,1,10.00,6,71,'2014-12-04',NULL,NULL),(3603,2,224,415,1,10.00,8,71,'2014-07-21',NULL,NULL),(3604,1,256,387,0,10.00,10,71,'2014-06-19',0.45,1.78),(3605,2,88,251,1,10.50,3,71,'0000-00-00',NULL,NULL),(3606,2,418,178,0,11.00,4,71,'2014-01-08',1.80,5.73),(3607,2,184,1162,0,11.00,7,71,'2014-08-30',1.02,5.16),(3608,1,110,180,0,11.00,9,71,'2014-11-12',0.34,1.09),(3833,2,143,2070,0,10.66,1,72,'2014-10-18',0.84,4.73),(3834,1,69,881,0,10.66,2,72,'2014-12-31',0.38,1.82),(3835,2,88,251,0,10.66,3,72,'2014-12-12',0.76,2.68),(3836,2,418,178,0,10.66,4,72,'2014-01-16',1.80,5.73),(3837,2,255,541,0,10.66,5,72,'2014-06-28',1.40,6.01),(3838,2,88,216,0,10.66,6,72,'2014-12-12',0.76,2.57),(3839,2,184,1162,0,10.66,7,72,'2014-09-07',1.02,5.16),(3840,2,224,415,0,10.66,8,72,'2014-07-29',1.19,4.79),(3841,1,110,180,0,10.66,9,72,'2014-11-20',0.34,1.09),(3842,1,256,387,0,10.66,10,72,'2014-06-27',0.45,1.78),(3843,2,48,382,0,10.66,11,72,'2015-01-21',0.78,3.08),(3844,2,148,136,0,10.66,12,72,'2014-10-13',0.84,2.45),(3845,2,260,940,0,10.66,13,72,'2014-06-23',1.52,7.37),(3846,2,129,491,0,10.66,14,72,'2014-11-01',0.81,3.40),(3847,2,181,659,0,10.66,15,72,'2014-09-10',1.02,4.58),(3848,2,221,325,0,10.66,16,72,'2014-08-01',1.19,4.50),(3849,2,238,568,0,10.66,17,72,'2014-07-15',1.29,5.60),(3850,1,114,177,0,10.66,18,72,'2014-11-16',0.34,1.08),(3851,1,223,93,0,10.66,19,72,'2014-07-30',0.38,0.96),(3852,2,279,2027,0,10.66,20,72,'2014-06-04',1.66,9.32),(3853,1,222,505,0,10.66,21,72,'2014-07-31',0.38,1.61),(3854,2,67,638,0,10.66,22,72,'2015-01-02',0.76,3.39),(3855,1,226,724,0,10.66,23,72,'2014-07-27',0.40,1.83),(3856,1,117,167,0,10.66,24,72,'2014-11-13',0.34,1.06),(3857,1,0,198,0,10.66,25,72,'2015-03-10',0.49,1.61),(3858,1,248,144,0,10.66,26,72,'2014-07-05',0.42,1.25),(3859,1,47,366,0,10.66,27,72,'2015-01-22',0.40,1.56),(3860,2,229,478,0,10.66,28,72,'2014-07-24',1.29,5.38),(3861,2,112,107,0,10.66,29,72,'2014-11-18',0.78,2.08),(3862,2,120,306,0,10.66,30,72,'2014-11-10',0.78,2.90),(3863,1,101,165,0,10.66,31,72,'2014-11-29',0.35,1.09),(3864,1,323,1295,0,10.66,32,72,'2014-04-21',0.52,2.69),(3865,1,260,175,0,10.66,33,72,'2014-06-23',0.45,1.42),(3866,2,151,807,0,10.66,34,72,'2014-10-10',0.89,4.18),(3867,2,204,421,0,10.66,35,72,'2014-08-18',1.10,4.45),(3868,2,501,490,0,10.66,36,72,'2013-10-25',1.80,7.55),(3869,1,121,257,0,10.66,37,72,'2014-11-09',0.34,1.21),(3870,2,238,170,0,10.66,38,72,'2014-07-15',1.29,4.05),(3871,2,293,857,0,10.66,39,72,'2014-05-21',1.80,8.56),(3872,2,165,730,0,10.66,40,72,'2014-09-26',0.89,4.09),(3873,2,544,484,0,10.66,41,72,'2013-09-12',1.80,7.53),(3874,1,301,1443,0,10.66,42,72,'2014-05-13',0.52,2.74),(3875,2,557,896,0,10.66,43,72,'2013-08-30',1.80,8.64),(3876,2,205,481,0,10.66,44,72,'2014-08-17',1.10,4.59),(3921,2,143,100,0,13.00,1,70,'2014-10-26',0.84,2.19),(3922,1,69,200,0,10.66,2,70,'2015-01-08',0.38,1.25),(3923,2,88,155,0,10.66,3,70,'2014-12-20',0.76,2.31),(3924,2,418,224,0,10.66,4,70,'2014-01-24',1.80,6.14),(3925,2,255,215,0,25.00,5,70,'2014-07-06',1.40,4.72),(3926,2,88,216,0,10.66,6,70,'2014-12-20',0.76,2.57),(3927,2,184,162,0,10.66,7,70,'2014-09-15',1.02,3.15),(3928,2,224,225,0,10.66,8,70,'2014-08-06',1.19,4.07),(3929,1,110,222,0,21.00,9,70,'2014-11-28',0.34,1.16),(3930,1,256,95,0,10.66,10,70,'2014-07-05',0.45,1.15),(3931,2,48,32,0,10.66,11,70,'2015-01-29',0.78,1.14),(3932,2,148,400,0,10.66,12,70,'2014-10-21',0.84,3.35),(3933,2,260,500,0,10.66,13,70,'2014-07-01',1.52,6.41),(3934,2,129,220,0,10.66,14,70,'2014-11-09',0.81,2.75),(3935,2,181,659,0,12.00,15,70,'2014-09-18',1.02,4.58),(3936,2,221,325,0,10.66,16,70,'2014-08-09',1.19,4.50),(3937,2,238,568,0,10.66,17,70,'2014-07-23',1.29,5.60),(3938,1,114,177,0,10.66,18,70,'2014-11-24',0.34,1.08),(3939,1,223,193,0,10.66,19,70,'2014-08-07',0.38,1.24),(3940,2,279,2027,0,22.00,20,70,'2014-06-12',1.66,9.32),(3941,1,222,505,0,10.66,21,70,'2014-08-08',0.38,1.61),(3942,2,67,638,0,10.66,22,70,'2015-01-10',0.76,3.39),(3943,1,226,724,0,10.66,23,70,'2014-08-04',0.40,1.83),(3944,1,117,245,0,10.66,24,70,'2014-11-21',0.34,1.19),(3945,1,0,198,0,10.66,25,70,'2015-03-18',0.49,1.61),(3946,1,248,144,0,10.66,26,70,'2014-07-13',0.42,1.25),(3947,1,47,366,0,36.00,27,70,'2015-01-30',0.40,1.56),(3948,2,229,28,0,10.66,28,70,'2014-08-01',1.29,1.72),(3949,2,112,107,0,10.66,29,70,'2014-11-26',0.78,2.08),(3950,2,120,306,0,10.66,30,70,'2014-11-18',0.78,2.90),(3951,1,101,165,0,10.66,31,70,'2014-12-07',0.35,1.09),(3952,1,323,1295,0,5.00,32,70,'2014-04-29',0.52,2.69),(3953,1,260,175,0,10.66,65,70,'2014-07-01',0.45,1.42),(3954,2,151,400,0,10.66,66,70,'2014-10-18',0.89,3.55),(3955,2,204,421,0,10.66,67,70,'2014-08-26',1.10,4.45),(3956,2,501,490,0,2.00,68,70,'2013-11-02',1.80,7.55),(3957,1,121,150,0,10.66,69,70,'2014-11-17',0.34,1.02),(3958,2,238,170,0,10.66,70,70,'2014-07-23',1.29,4.05),(3959,2,293,857,0,10.66,39,70,'2014-05-29',1.80,8.56),(3960,2,165,730,0,10.66,40,70,'2014-10-04',0.89,4.09),(3961,2,544,484,0,8.00,41,70,'2013-09-20',1.80,7.53),(3962,1,301,1443,0,10.66,42,70,'2014-05-21',0.52,2.74),(3963,2,557,38,0,10.66,43,70,'2013-09-07',1.80,2.95),(3964,2,205,481,0,13.30,44,70,'2014-08-25',1.10,4.59),(9818,2,2066,1004,1,24.60,1227,77,'2009-09-01',1.80,8.84),(9819,2,2411,188,1,17.00,1228,77,'2008-09-21',1.80,5.83),(9820,2,2209,3415,1,19.00,1229,77,'2009-04-11',1.80,11.04),(9821,2,2528,312,1,15.80,1230,77,'2008-05-27',1.80,6.74),(9822,2,1857,0,0,14.00,1231,77,'2010-03-29',NULL,NULL),(9823,2,2023,71,1,29.20,1232,77,'2009-10-14',1.80,4.07),(9824,2,2077,15,1,28.00,1233,77,'2009-08-21',1.80,1.27),(9825,2,2187,60,1,15.20,1234,77,'2009-05-03',1.80,3.77),(9826,2,1901,115,1,14.00,1235,77,'2010-02-13',1.80,4.94),(9827,2,2478,2245,1,11.20,1236,77,'2008-07-16',1.80,10.29),(9828,2,2222,84,1,31.60,1237,77,'2009-03-29',1.80,4.38),(9829,2,2295,533,1,9.40,1238,77,'2009-01-15',1.80,7.70),(9830,2,2001,403,1,24.60,1239,77,'2009-11-05',1.80,7.20),(9831,2,2250,100,1,15.40,1240,77,'2009-03-01',1.80,4.69),(9832,2,2183,0,0,19.80,1241,77,'2009-05-07',NULL,NULL),(9833,2,2471,419,1,17.40,1242,77,'2008-07-23',1.80,7.27),(9834,2,2202,671,1,24.00,1243,77,'2009-04-18',1.80,8.12),(9835,2,2252,546,1,23.40,1244,77,'2009-02-27',1.80,7.74),(9836,2,2199,175,1,24.60,1245,77,'2009-04-21',1.80,5.70),(9837,2,2173,216,1,22.40,1246,77,'2009-05-17',1.80,6.08),(9838,2,2182,1526,1,17.20,1247,77,'2009-05-08',1.80,9.59),(9839,2,2338,139,1,8.60,1248,77,'2008-12-03',1.80,5.28),(9840,2,1987,3145,1,25.00,1249,77,'2009-11-19',1.80,10.90),(9841,2,2154,73,1,19.60,1250,77,'2009-06-05',1.80,4.12),(9842,2,2460,228,1,25.60,1251,77,'2008-08-03',1.80,6.17),(9843,2,2190,1441,1,24.40,1252,77,'2009-04-30',1.80,9.49),(9844,2,1964,251,1,18.20,1253,77,'2009-12-12',1.80,6.35),(9845,2,2177,259,1,23.20,1254,77,'2009-05-13',1.80,6.40),(9846,2,2211,168,1,29.20,1256,77,'2009-04-09',1.80,5.62),(9847,2,2326,608,1,20.40,1257,77,'2008-12-15',1.80,7.94),(9848,2,2191,133,1,27.00,1258,77,'2009-04-29',1.80,5.20),(9849,2,2579,228,1,20.20,1259,77,'2008-04-06',1.80,6.17),(9850,2,1884,2305,1,27.20,1260,77,'2010-03-02',1.80,10.34),(9851,2,1870,741,1,14.60,1261,77,'2010-03-16',1.80,8.29),(9852,2,2570,600,1,14.20,1262,77,'2008-04-15',1.80,7.91),(9853,2,2210,238,1,23.80,1263,77,'2009-04-10',1.80,6.25),(9854,2,2470,260,1,21.60,1264,77,'2008-07-24',1.80,6.41),(9855,2,2124,1755,1,15.20,1265,77,'2009-07-05',1.80,9.85),(9856,2,1987,1287,1,25.00,1266,77,'2009-11-19',1.80,9.29),(9857,2,2554,453,1,15.00,1267,77,'2008-05-01',1.80,7.41),(9858,2,2197,93,1,30.20,1268,77,'2009-04-23',1.80,4.56),(9859,2,2159,68,1,18.80,1269,77,'2009-05-31',1.80,4.00),(9860,2,1893,3645,1,14.20,1270,77,'2010-02-21',1.80,11.16),(9861,2,2389,1190,1,22.20,1271,77,'2008-10-13',1.80,9.15),(9862,2,2239,127,1,19.40,1272,77,'2009-03-12',1.80,5.12),(9863,2,2328,1264,1,17.40,1273,77,'2008-12-13',1.80,9.26),(9864,2,1989,426,1,31.60,1274,77,'2009-11-17',1.80,7.30),(9865,2,2187,1476,1,29.40,1275,77,'2009-05-03',1.80,9.53),(9866,2,2040,86,1,36.20,1276,77,'2009-09-27',1.80,4.42),(9867,2,2622,529,1,11.60,1277,77,'2008-02-23',1.80,7.69),(9868,2,2242,335,1,24.00,1278,77,'2009-03-09',1.80,6.87),(9869,2,2217,133,1,17.00,1279,77,'2009-04-03',1.80,5.20),(9870,2,2624,324,1,26.40,1280,77,'2008-02-21',1.80,6.81),(9871,2,2138,2883,1,29.40,1281,77,'2009-06-21',1.80,10.74),(9872,2,2179,42,1,26.60,1282,77,'2009-05-11',1.80,3.13),(9873,2,2233,70,1,22.80,1283,77,'2009-03-18',1.80,4.05),(9874,2,2439,224,1,17.80,1284,77,'2008-08-24',1.80,6.14),(9875,2,2328,187,1,23.00,1285,77,'2008-12-13',1.80,5.82),(9876,2,2037,1049,1,14.00,1286,77,'2009-09-30',1.80,8.92),(9877,2,2140,150,1,29.60,1287,77,'2009-06-19',1.80,5.42),(9878,2,2449,643,1,26.60,1288,77,'2008-08-14',1.80,8.04),(9879,2,2187,167,1,25.20,1289,77,'2009-05-03',1.80,5.61),(9880,2,2204,4,1,33.40,1290,77,'2009-04-16',1.80,-1.10),(9881,2,2217,8,1,24.60,1291,77,'2009-04-03',1.80,0.14),(9882,2,2482,68,1,24.60,1292,77,'2008-07-12',1.80,4.00),(9883,2,2533,473,1,27.40,1293,77,'2008-05-22',1.80,7.49),(9884,2,2120,521,1,31.80,1294,77,'2009-07-09',1.80,7.66),(9885,2,2182,590,1,30.00,1295,77,'2009-05-08',1.80,7.88),(9886,2,1857,488,1,21.00,1296,77,'2010-03-29',1.80,7.54),(9887,2,1899,259,1,17.00,1297,77,'2010-02-15',1.80,6.40),(9888,2,1935,206,1,30.20,1299,77,'2010-01-10',1.80,5.99),(9889,2,2211,432,1,17.00,1300,77,'2009-04-09',1.80,7.32),(9890,2,2252,2563,1,26.20,1301,77,'2009-02-27',1.80,10.53),(9891,2,1862,113,1,20.20,1302,77,'2010-03-24',1.80,4.91),(9892,2,1982,150,1,37.20,1303,77,'2009-11-24',1.80,5.42),(9893,2,2179,1209,1,25.60,1304,77,'2009-05-11',1.80,9.18),(9894,2,2019,8,1,25.00,1305,77,'2009-10-18',1.80,0.14),(9895,2,2172,381,1,25.80,1306,77,'2009-05-18',1.80,7.10),(9896,2,2245,2410,1,24.00,1307,77,'2009-03-06',1.80,10.42),(9897,2,2138,101,1,33.20,1308,77,'2009-06-21',1.80,4.71),(9898,2,2491,538,1,24.80,1309,77,'2008-07-03',1.80,7.72),(9899,2,2589,1589,1,4.80,1310,77,'2008-03-27',1.80,9.67),(9900,2,2173,13,1,29.80,1311,77,'2009-05-17',1.80,1.02),(9901,2,2249,230,1,25.20,1312,77,'2009-03-02',1.80,6.19),(9902,2,2038,286,1,19.20,1313,77,'2009-09-29',1.80,6.58),(9903,2,2480,379,1,22.00,1314,77,'2008-07-14',1.80,7.09),(9904,2,2089,297,1,30.00,1315,77,'2009-08-09',1.80,6.65),(9905,2,2261,155,1,22.80,1316,77,'2009-02-18',1.80,5.48),(9906,2,2250,725,1,16.20,1317,77,'2009-03-01',1.80,8.26),(9907,2,1865,10,1,34.20,1318,77,'2010-03-21',1.80,0.54),(9908,2,2267,138,1,29.00,1319,77,'2009-02-12',1.80,5.27),(9909,2,2077,190,1,38.80,1320,77,'2009-08-21',1.80,5.84),(9910,2,2125,344,1,33.20,1321,77,'2009-07-04',1.80,6.91),(9911,2,2081,1992,1,26.00,1322,77,'2009-08-17',1.80,10.07),(9912,2,2226,77,1,30.20,1324,77,'2009-03-25',1.80,4.22),(9913,2,2486,3054,1,18.40,1325,77,'2008-07-08',1.80,10.84),(9914,2,1960,1240,1,33.00,1326,77,'2009-12-16',1.80,9.22),(9915,2,2583,169,1,15.60,1327,77,'2008-04-02',1.80,5.63),(9916,2,2183,181,1,24.00,1328,77,'2009-05-07',1.80,5.76),(9917,2,2127,121,1,43.60,1329,77,'2009-07-02',1.80,5.03),(9918,2,2031,4,1,42.80,1330,77,'2009-10-06',1.80,-1.10),(9919,2,2652,409,1,17.00,1331,77,'2008-01-24',1.80,7.22),(9920,2,2136,170,1,31.60,1332,77,'2009-06-23',1.80,5.64),(9921,2,1934,410,1,17.60,1333,77,'2010-01-11',1.80,7.23),(9922,2,2170,241,1,30.60,1334,77,'2009-05-20',1.80,6.27),(9923,2,2453,346,1,19.40,1335,77,'2008-08-10',1.80,6.92),(9924,2,2629,0,0,16.20,1336,77,'2008-02-16',NULL,NULL),(9925,2,2153,857,1,31.00,1337,77,'2009-06-06',1.80,8.56),(9926,2,2089,11,1,33.60,1339,77,'2009-08-09',1.80,0.72),(9927,2,1915,2278,1,19.00,1340,77,'2010-01-30',1.80,10.32),(9928,2,2341,444,1,25.80,1341,77,'2008-11-30',1.80,7.37),(9929,2,1891,681,1,21.40,1342,77,'2010-02-23',1.80,8.14),(9930,2,1959,267,1,14.20,1343,77,'2009-12-17',1.80,6.46),(9931,2,2079,12,1,38.40,1344,77,'2009-08-19',1.80,0.87),(9932,2,2094,13,1,37.20,1345,77,'2009-08-04',1.80,1.02),(9933,2,1889,237,1,16.20,1346,77,'2010-02-25',1.80,6.24),(9934,2,2036,2,1,22.80,1347,77,'2009-10-01',1.80,-2.35),(9935,2,2388,1008,1,22.40,1348,77,'2008-10-14',1.80,8.85),(9936,2,2097,614,1,34.60,1349,77,'2009-08-01',1.80,7.96),(9937,2,2100,0,0,20.40,1350,77,'2009-07-29',NULL,NULL),(9938,2,2147,1366,1,26.00,1351,77,'2009-06-12',1.80,9.40),(9939,2,2266,192,1,29.20,1352,77,'2009-02-13',1.80,5.86),(9940,2,2226,1022,1,17.40,1353,77,'2009-03-25',1.80,8.87),(9941,2,2249,15,1,22.60,1354,77,'2009-03-02',1.80,1.27),(9942,2,2166,226,1,29.00,1355,77,'2009-05-24',1.80,6.16),(9943,2,1988,446,1,33.40,1356,77,'2009-11-18',1.80,7.38),(9944,2,2228,153,1,19.40,1357,77,'2009-03-23',1.80,5.45),(9945,2,2212,271,1,20.20,1358,77,'2009-04-08',1.80,6.48),(9946,2,2248,12,1,21.20,1359,77,'2009-03-03',1.80,0.87),(9947,2,2222,1168,1,23.00,1360,77,'2009-03-29',1.80,9.11),(9948,2,2032,131,1,41.60,1361,77,'2009-10-05',1.80,5.18),(9949,2,2047,110,1,23.60,1362,77,'2009-09-20',1.80,4.86),(9950,2,2331,171,1,25.20,1363,77,'2008-12-10',1.80,5.65),(9951,2,2252,67,1,27.40,1364,77,'2009-02-27',1.80,3.97),(9952,2,2112,14,1,28.40,1365,77,'2009-07-17',1.80,1.15),(9953,2,2628,365,1,13.00,1366,77,'2008-02-17',1.80,7.02),(9954,2,2076,351,1,32.80,1367,77,'2009-08-22',1.80,6.95),(9955,2,2025,28,1,44.80,1368,77,'2009-10-12',1.80,2.40),(9956,2,2465,387,1,19.60,1369,77,'2008-07-29',1.80,7.13),(9957,2,2156,337,1,33.20,1370,77,'2009-06-03',1.80,6.88),(9958,2,1872,343,1,21.00,1371,77,'2010-03-14',1.80,6.91),(9959,2,2067,95,1,41.40,1372,77,'2009-08-31',1.80,4.60),(9960,2,1865,152,1,20.40,1373,77,'2010-03-21',1.80,5.44),(9961,2,2281,23,1,22.80,1374,77,'2009-01-29',1.80,2.04),(9962,2,2477,216,1,23.60,1375,77,'2008-07-17',1.80,6.08),(9963,2,2239,608,1,16.00,1376,77,'2009-03-12',1.80,7.94),(9964,2,1866,109,1,18.60,1377,77,'2010-03-20',1.80,4.84),(9965,2,2198,13,1,43.00,1378,77,'2009-04-22',1.80,1.02),(9966,2,1970,1161,1,7.60,1379,77,'2009-12-06',1.80,9.10),(9967,2,2182,6,1,23.00,1380,77,'2009-05-08',1.80,-0.37),(9968,2,2565,71,1,19.20,1381,77,'2008-04-20',1.80,4.07),(9969,2,2107,3,1,29.40,1382,77,'2009-07-22',1.80,-1.62),(9970,2,1971,226,1,20.80,1383,77,'2009-12-05',1.80,6.16),(9971,2,1970,48,1,33.60,1384,77,'2009-12-06',1.80,3.37),(9972,2,2215,61,1,28.80,1385,77,'2009-04-05',1.80,3.80),(9973,2,2140,116,1,17.60,1386,77,'2009-06-19',1.80,4.96),(9974,2,2199,64,1,19.40,1387,77,'2009-04-21',1.80,3.89),(9975,2,2028,1287,1,35.80,1388,77,'2009-10-09',1.80,9.29),(9976,2,1995,103,1,48.00,1389,77,'2009-11-11',1.80,4.74),(9977,2,2105,897,1,33.40,1390,77,'2009-07-24',1.80,8.64),(9978,2,2161,1101,1,19.60,1391,77,'2009-05-29',1.80,9.01),(9979,2,2161,289,1,25.80,1392,77,'2009-05-29',1.80,6.60),(9980,2,2005,385,1,41.40,1393,77,'2009-11-01',1.80,7.12),(9981,2,2010,863,1,31.80,1394,77,'2009-10-27',1.80,8.57),(9982,2,2183,107,1,21.40,1395,77,'2009-05-07',1.80,4.81),(9983,2,2036,467,1,24.40,1396,77,'2009-10-01',1.80,7.46),(9984,2,2030,81,1,37.40,1397,77,'2009-10-07',1.80,4.31),(9985,2,2216,8,1,31.40,1398,77,'2009-04-04',1.80,0.14),(9986,2,1860,157,1,21.20,1399,77,'2010-03-26',1.80,5.50),(9987,2,2187,172,1,33.60,1400,77,'2009-05-03',1.80,5.67),(9988,2,2204,1394,1,22.80,1401,77,'2009-04-16',1.80,9.43),(9989,2,2222,176,1,20.60,1402,77,'2009-03-29',1.80,5.71),(9990,2,2052,2427,1,33.60,1403,77,'2009-09-15',1.80,10.43),(9991,2,2169,148,1,34.80,1404,77,'2009-05-21',1.80,5.39),(9992,2,2018,197,1,31.80,1405,77,'2009-10-19',1.80,5.91),(9993,2,2112,173,1,26.60,1406,77,'2009-07-17',1.80,5.68),(9994,2,2131,58,1,23.20,1407,77,'2009-06-28',1.80,3.71),(9995,2,2129,2,1,35.20,1408,77,'2009-06-30',1.80,-2.35),(9996,2,2206,330,1,27.00,1409,77,'2009-04-14',1.80,6.84),(9997,2,2135,1527,1,31.00,1410,77,'2009-06-24',1.80,9.60),(9998,2,2166,1726,1,38.00,1411,77,'2009-05-24',1.80,9.82),(9999,2,1870,70,1,15.40,1412,77,'2010-03-16',1.80,4.05),(10000,2,2056,53,1,31.80,1413,77,'2009-09-11',1.80,3.55),(10001,2,1865,2311,1,23.20,1414,77,'2010-03-21',1.80,10.34),(10002,2,2135,193,1,22.00,1415,77,'2009-06-24',1.80,5.87),(10003,2,2436,66,1,27.00,1416,77,'2008-08-27',1.80,3.94),(10004,1,2584,288,1,9.60,1417,77,'2008-04-01',0.52,1.90),(10005,2,2039,7,1,40.00,1418,77,'2009-09-28',1.80,-0.10),(10006,2,1896,190,1,21.80,1419,77,'2010-02-18',1.80,5.84),(10007,2,1883,513,1,18.60,1420,77,'2010-03-03',1.80,7.63),(10008,2,2072,7,1,34.00,1421,77,'2009-08-26',1.80,-0.10),(10009,2,2257,200,1,20.20,1422,77,'2009-02-22',1.80,5.94),(10010,2,2447,363,1,19.00,1423,77,'2008-08-16',1.80,7.01),(10011,2,2182,98,1,31.40,1424,77,'2009-05-08',1.80,4.65),(10012,2,2178,215,1,15.00,1425,77,'2009-05-12',1.80,6.07),(10013,2,2473,470,1,24.20,1426,77,'2008-07-21',1.80,7.47),(10014,2,1857,126,1,22.80,1427,77,'2010-03-29',1.80,5.11),(10015,2,2154,57,1,22.60,1428,77,'2009-06-05',1.80,3.68),(10016,2,2143,147,1,32.40,1429,77,'2009-06-16',1.80,5.38),(10017,2,1907,12,1,15.60,1430,77,'2010-02-07',1.80,0.87),(10018,2,2106,26,1,27.40,1431,77,'2009-07-23',1.80,2.26),(10019,2,2204,4,1,29.40,1432,77,'2009-04-16',1.80,-1.10),(10020,2,2042,3163,1,39.80,1433,77,'2009-09-25',1.80,10.91),(10021,2,2497,90,1,19.80,1434,77,'2008-06-27',1.80,4.50),(10022,2,2422,114,1,21.40,1435,77,'2008-09-10',1.80,4.93),(10023,2,2478,183,1,23.60,1436,77,'2008-07-16',1.80,5.78),(10024,2,2154,131,1,32.40,1437,77,'2009-06-05',1.80,5.18),(10025,2,2135,81,1,31.40,1438,77,'2009-06-24',1.80,4.31),(10026,2,2079,5,1,31.00,1439,77,'2009-08-19',1.80,-0.70),(10027,2,2214,5,1,34.80,1440,77,'2009-04-06',1.80,-0.70),(10028,2,1986,6,1,37.80,1441,77,'2009-11-20',1.80,-0.37),(10029,2,2077,5,1,36.40,1442,77,'2009-08-21',1.80,-0.70),(10030,2,2483,344,1,10.20,1443,77,'2008-07-11',1.80,6.91),(10031,2,2018,5,1,39.20,1444,77,'2009-10-19',1.80,-0.70),(10032,2,2024,60,1,38.40,1445,77,'2009-10-13',1.80,3.77),(10033,2,2131,45,1,29.60,1446,77,'2009-06-28',1.80,3.25),(10034,2,1871,1624,1,19.40,1447,77,'2010-03-15',1.80,9.71),(10035,2,2084,48,1,31.60,1448,77,'2009-08-14',1.80,3.37),(10036,2,2017,13,1,38.20,1449,77,'2009-10-20',1.80,1.02),(10037,2,2014,51,1,41.00,1450,77,'2009-10-23',1.80,3.48),(10038,1,2573,152,1,11.00,1451,77,'2008-04-12',0.52,1.57),(10039,2,2181,95,1,32.80,1452,77,'2009-05-09',1.80,4.60),(10040,2,2182,6,1,21.80,1453,77,'2009-05-08',1.80,-0.37),(10041,2,2153,236,1,34.80,1454,77,'2009-06-06',1.80,6.23),(10042,2,1873,210,1,9.20,1455,77,'2010-03-13',1.80,6.02),(10043,2,2037,51,1,45.40,1456,77,'2009-09-30',1.80,3.48),(10044,2,1908,31,1,17.20,1457,77,'2010-02-06',1.80,2.58),(10045,2,2046,330,1,41.00,1458,77,'2009-09-21',1.80,6.84),(10046,2,2130,295,1,22.60,1459,77,'2009-06-29',1.80,6.64),(10047,2,1856,1916,1,26.20,1460,77,'2010-03-30',1.80,10.00),(10048,2,2124,259,1,28.60,1461,77,'2009-07-05',1.80,6.40),(10049,1,2187,86,1,35.60,1462,77,'2009-05-03',0.52,1.28),(10050,2,2132,62,1,23.00,1463,77,'2009-06-27',1.80,3.83),(10051,2,2038,204,1,42.00,1464,77,'2009-09-29',1.80,5.97),(10052,2,2166,95,1,17.80,1465,77,'2009-05-24',1.80,4.60),(10053,2,2197,200,1,27.40,1466,77,'2009-04-23',1.80,5.94),(10054,2,2025,107,1,36.60,1467,77,'2009-10-12',1.80,4.81),(10055,2,2184,61,1,34.60,1468,77,'2009-05-06',1.80,3.80),(10056,2,1935,1773,1,13.40,1469,77,'2010-01-10',1.80,9.86),(10057,2,2179,53,1,21.40,1470,77,'2009-05-11',1.80,3.55),(10058,2,2139,56,1,30.00,1471,77,'2009-06-20',1.80,3.65),(10059,1,2489,222,1,14.60,1472,77,'2008-07-05',0.52,1.77),(10060,2,2475,4,1,20.80,1473,77,'2008-07-19',1.80,-1.10),(10061,2,1904,188,1,12.60,1474,77,'2010-02-10',1.80,5.83),(10062,2,2183,71,1,24.00,1475,77,'2009-05-07',1.80,4.07),(10063,2,2170,91,1,28.20,1476,77,'2009-05-20',1.80,4.52),(10064,2,2133,132,1,24.40,1478,77,'2009-06-26',1.80,5.19),(10065,2,2181,192,1,25.20,1479,77,'2009-05-09',1.80,5.86),(10066,1,2582,118,1,22.60,1480,77,'2008-04-03',0.52,1.44),(10067,1,2556,90,1,13.00,1481,77,'2008-04-29',0.52,1.30),(10068,2,2036,431,1,31.40,1482,77,'2009-10-01',1.80,7.32),(10069,2,2062,15,1,19.40,1483,77,'2009-09-05',1.80,1.27),(10070,2,1995,67,1,12.60,1484,77,'2009-11-11',1.80,3.97),(10071,2,1869,210,1,32.60,1485,77,'2010-03-17',1.80,6.02),(10072,2,2201,12,1,30.40,1486,77,'2009-04-19',1.80,0.87),(10073,2,2051,78,1,33.20,1487,77,'2009-09-16',1.80,4.24),(10074,1,2331,1205,1,20.40,1488,77,'2008-12-10',0.52,2.65),(10075,2,2089,14,1,25.80,1489,77,'2009-08-09',1.80,1.15),(10076,2,1976,412,1,37.20,1490,77,'2009-11-30',1.80,7.24),(10077,1,2409,62,1,10.00,1491,77,'2008-09-23',0.52,1.11),(10078,2,1985,527,1,29.00,1492,77,'2009-11-21',1.80,7.68),(10079,1,2048,3350,1,32.80,1493,77,'2009-09-19',0.52,3.18),(10080,1,2194,128,1,25.60,1494,77,'2009-04-26',0.52,1.48),(10081,1,2311,56,1,25.00,1495,77,'2008-12-30',0.52,1.05),(10082,2,2065,128,1,36.00,1496,77,'2009-09-02',1.80,5.13),(10083,2,1962,462,1,36.20,1498,77,'2009-12-14',1.80,7.44),(10084,2,2020,514,1,36.80,1499,77,'2009-10-17',1.80,7.64),(10085,2,2062,7,1,33.00,1500,77,'2009-09-05',1.80,-0.10),(10086,1,2409,56,1,20.60,1501,77,'2008-09-23',0.52,1.05),(10087,2,1850,1623,1,16.20,1502,77,'2010-04-05',1.80,9.71),(10088,1,2338,941,1,21.60,1503,77,'2008-12-03',0.52,2.52),(10089,2,1958,4,1,28.00,1504,77,'2009-12-18',1.80,-1.10),(10090,2,1971,121,1,23.60,1505,77,'2009-12-05',1.80,5.03),(10091,1,2407,298,1,21.40,1506,77,'2008-09-25',0.52,1.92),(10092,1,2385,133,1,18.40,1507,77,'2008-10-17',0.52,1.50),(10093,1,2404,2,1,24.40,1508,77,'2008-09-28',0.52,-0.68),(10094,1,2339,14,1,19.60,1509,77,'2008-12-02',0.52,0.33),(10095,2,1897,212,1,9.40,1510,77,'2010-02-17',1.80,6.04),(10096,1,2417,123,1,15.00,1511,77,'2008-09-15',0.52,1.46),(10097,2,2035,4,1,32.00,1512,77,'2009-10-02',1.80,-1.10),(10098,2,1993,0,0,24.00,1513,77,'2009-11-13',NULL,NULL),(10099,1,2110,116,1,27.20,1514,77,'2009-07-19',0.52,1.43),(10100,1,2411,223,1,23.80,1515,77,'2008-09-21',0.52,1.77),(10101,1,2429,135,1,24.20,1516,77,'2008-09-03',0.52,1.51),(10102,1,1986,10,1,20.20,1517,77,'2009-11-20',0.52,0.16),(10103,2,1964,164,1,25.60,1518,77,'2009-12-12',1.80,5.58),(10104,1,2404,185,1,26.20,1519,77,'2008-09-28',0.52,1.67),(10105,1,2224,10,1,23.60,1520,77,'2009-03-27',0.52,0.16),(10106,2,1980,61,1,32.80,1521,77,'2009-11-26',1.80,3.80),(10107,1,2200,102,1,24.00,1522,77,'2009-04-20',0.52,1.36),(10108,1,2184,126,1,17.00,1523,77,'2009-05-06',0.52,1.47),(10109,2,2009,11,1,17.80,1524,77,'2009-10-28',1.80,0.72),(10110,2,1865,154,1,20.80,1525,77,'2010-03-21',1.80,5.47),(10111,1,2363,92,1,33.60,1526,77,'2008-11-08',0.52,1.31),(10112,1,2224,6,1,23.20,1527,77,'2009-03-27',0.52,-0.11),(10113,2,1992,3,1,29.40,1528,77,'2009-11-14',1.80,-1.62),(10114,1,2224,89,1,15.60,1529,77,'2009-03-27',0.52,1.29),(10115,1,2235,12,1,15.00,1530,77,'2009-03-16',0.52,0.25),(10116,2,1908,723,1,23.00,1531,77,'2010-02-06',1.80,8.25),(10117,1,2228,9,1,20.60,1532,77,'2009-03-23',0.52,0.10),(10118,1,2355,485,1,11.20,1533,77,'2008-11-16',0.52,2.18),(10119,1,1967,607,1,10.40,1534,77,'2009-12-09',0.52,2.29),(10120,2,1868,457,1,15.40,1535,77,'2010-03-18',1.80,7.42),(10121,1,2225,600,1,22.60,1536,77,'2009-03-26',0.52,2.29),(10122,1,2240,110,1,29.60,1537,77,'2009-03-11',0.52,1.40),(10123,1,2182,5,1,25.20,1538,77,'2009-05-08',0.52,-0.20),(10124,1,2127,73,1,32.40,1539,77,'2009-07-02',0.52,1.19),(10125,1,2220,54,1,23.40,1540,77,'2009-03-31',0.52,1.03),(10126,1,2237,312,1,18.20,1541,77,'2009-03-14',0.52,1.95),(10127,1,2238,6,1,29.80,1542,77,'2009-03-13',0.52,-0.11),(10128,1,2235,2,1,23.00,1543,77,'2009-03-16',0.52,-0.68),(10129,2,1855,4,1,21.40,1544,77,'2010-03-31',1.80,-1.10),(10130,1,2224,128,1,25.40,1545,77,'2009-03-27',0.52,1.48),(10131,1,2233,4,1,22.00,1546,77,'2009-03-18',0.52,-0.32),(10132,2,1850,52,1,25.60,1547,77,'2010-04-05',1.80,3.51),(10133,1,2229,285,1,29.40,1548,77,'2009-03-22',0.52,1.90),(10134,1,2385,3,1,23.20,1549,77,'2008-10-17',0.52,-0.47),(10135,1,2224,52,1,22.20,1550,77,'2009-03-27',0.52,1.01),(10136,2,1865,157,1,24.80,1551,77,'2010-03-21',1.80,5.50),(10137,1,2222,182,1,26.00,1552,77,'2009-03-29',0.52,1.67),(10138,1,2217,1155,1,18.40,1553,77,'2009-04-03',0.52,2.63),(10139,1,2213,11,1,23.80,1554,77,'2009-04-07',0.52,0.21),(10140,1,2229,292,1,30.80,1555,77,'2009-03-22',0.52,1.91),(10141,1,2208,51,1,26.40,1556,77,'2009-04-12',0.52,1.00),(10142,1,2230,8,1,23.80,1557,77,'2009-03-21',0.52,0.04),(10143,1,2161,9,1,20.00,1558,77,'2009-05-29',0.52,0.10),(10144,1,2071,281,1,36.00,1559,77,'2009-08-27',0.52,1.89),(10145,1,2211,83,1,27.80,1560,77,'2009-04-09',0.52,1.26),(10146,1,2072,417,1,32.60,1561,77,'2009-08-26',0.52,2.10),(10147,1,2232,1,1,19.80,1562,77,'2009-03-19',0.52,-1.04),(10148,1,2212,102,1,23.00,1563,77,'2009-04-08',0.52,1.36),(10149,1,2218,375,1,24.20,1564,77,'2009-04-02',0.52,2.04),(10150,1,2206,1927,1,17.40,1565,77,'2009-04-14',0.52,2.89),(10151,2,1870,246,1,18.00,1566,77,'2010-03-16',1.80,6.31),(10152,2,1852,4,1,29.20,1567,77,'2010-04-03',1.80,-1.10),(10153,1,2119,8,1,24.00,1568,77,'2009-07-10',0.52,0.04),(10154,1,2166,78,1,30.00,1569,77,'2009-05-24',0.52,1.23),(10155,1,2048,191,1,21.20,1570,77,'2009-09-19',0.52,1.69),(10156,1,2020,8,1,26.00,1571,77,'2009-10-17',0.52,0.04),(10157,1,2108,89,1,25.20,1572,77,'2009-07-21',0.52,1.29),(10158,1,2235,25,1,22.00,1573,77,'2009-03-16',0.52,0.63),(10159,1,2224,102,1,10.60,1574,77,'2009-03-27',0.52,1.36),(10160,1,2090,178,1,24.40,1575,77,'2009-08-08',0.52,1.65),(10161,1,2190,49,1,24.80,1576,77,'2009-04-30',0.52,0.98),(10162,2,1856,53,1,25.60,1577,77,'2010-03-30',1.80,3.55),(10163,1,2204,58,1,23.60,1578,77,'2009-04-16',0.52,1.07),(10164,1,2023,99,1,30.60,1579,77,'2009-10-14',0.52,1.35),(10165,1,2218,6,1,21.20,1580,77,'2009-04-02',0.52,-0.11),(10166,1,2034,3,1,30.40,1581,77,'2009-10-03',0.52,-0.47),(10167,1,2228,6,1,18.60,1582,77,'2009-03-23',0.52,-0.11),(10168,1,2234,7,1,35.40,1583,77,'2009-03-17',0.52,-0.03),(10169,1,2043,570,1,30.00,1584,77,'2009-09-24',0.52,2.26),(10170,1,2216,0,0,26.00,1585,77,'2009-04-04',NULL,NULL),(10171,1,2127,55,1,24.80,1586,77,'2009-07-02',0.52,1.04),(10172,1,2224,3,1,29.40,1587,77,'2009-03-27',0.52,-0.47),(10173,2,1900,531,1,20.80,1588,77,'2010-02-14',1.80,7.69),(10174,1,2108,225,1,24.60,1589,77,'2009-07-21',0.52,1.78),(10175,1,2222,49,1,25.20,1590,77,'2009-03-29',0.52,0.98),(10176,2,1866,3,1,22.80,1591,77,'2010-03-20',1.80,-1.62),(10177,1,2211,9,1,26.20,1592,77,'2009-04-09',0.52,0.10),(10178,1,2213,3,1,27.40,1593,77,'2009-04-07',0.52,-0.47),(10179,1,2062,166,1,33.80,1594,77,'2009-09-05',0.52,1.62),(10180,1,2136,217,1,29.20,1595,77,'2009-06-23',0.52,1.76),(10181,1,2055,16,1,33.80,1596,77,'2009-09-12',0.52,0.40),(10182,1,2218,6,1,22.00,1597,77,'2009-04-02',0.52,-0.11),(10183,1,2109,83,1,26.80,1598,77,'2009-07-20',0.52,1.26),(10184,1,2119,63,1,26.40,1599,77,'2009-07-10',0.52,1.11),(10185,1,2117,6,1,21.00,1600,77,'2009-07-12',0.52,-0.11),(10186,1,2111,6,1,20.60,1601,77,'2009-07-18',0.52,-0.11),(10187,1,2039,205,1,17.00,1602,77,'2009-09-28',0.52,1.73),(10188,1,1980,109,1,29.40,1603,77,'2009-11-26',0.52,1.40),(10189,1,2072,121,1,25.60,1604,77,'2009-08-26',0.52,1.45),(10190,1,2214,49,1,26.40,1605,77,'2009-04-06',0.52,0.98),(10191,1,2080,253,1,26.80,1606,77,'2009-08-18',0.52,1.84),(10192,1,2072,76,1,23.20,1607,77,'2009-08-26',0.52,1.21),(10193,1,2072,57,1,22.80,1608,77,'2009-08-26',0.52,1.06),(10194,1,2039,416,1,25.60,1609,77,'2009-09-28',0.52,2.10),(10195,1,2140,55,1,12.60,1610,77,'2009-06-19',0.52,1.04),(10196,1,2097,259,1,19.40,1611,77,'2009-08-01',0.52,1.85),(10197,1,1992,108,1,28.00,1612,77,'2009-11-14',0.52,1.39),(10198,1,2105,559,1,18.00,1613,77,'2009-07-24',0.52,2.25),(10199,1,2063,13,1,24.60,1614,77,'2009-09-04',0.52,0.29),(10200,1,2108,0,0,21.00,1615,77,'2009-07-21',NULL,NULL),(10201,1,2033,475,1,27.60,1617,77,'2009-10-04',0.52,2.16),(10202,2,2042,282,1,31.20,1619,77,'2009-09-25',1.80,6.56),(10203,2,2996,1278,1,16.80,1620,77,'2007-02-14',1.80,9.28),(10204,2,2196,11,1,33.80,1621,77,'2009-04-24',1.80,0.72),(10205,2,1966,10,1,23.20,1622,77,'2009-12-10',1.80,0.54),(10206,2,1957,0,0,20.20,1255,77,'2009-12-19',NULL,NULL),(10207,2,2046,0,0,20.20,1298,77,'2009-09-21',NULL,NULL),(10208,2,1971,0,0,20.20,1323,77,'2009-12-05',NULL,NULL),(10209,2,2208,0,0,20.20,1338,77,'2009-04-12',NULL,NULL),(10210,1,2572,0,0,20.20,1477,77,'2008-04-13',NULL,NULL),(10211,2,1957,0,0,20.20,1497,77,'2009-12-19',NULL,NULL),(10212,1,2081,0,0,20.20,1616,77,'2009-08-17',NULL,NULL),(10213,1,2035,0,0,20.20,1618,77,'2009-10-02',NULL,NULL),(10579,2,2412,1749,1,18.00,1228,78,'2008-09-21',1.80,9.84),(10580,2,2210,35,1,20.20,1229,78,'2009-04-11',1.80,2.80),(10581,2,2529,269,1,14.40,1230,78,'2008-05-27',1.80,6.47),(10582,2,2024,64,1,24.20,1232,78,'2009-10-14',1.80,3.89),(10583,2,2078,13,1,29.00,1233,78,'2009-08-21',1.80,1.02),(10584,2,2188,310,1,15.60,1234,78,'2009-05-03',1.80,6.73),(10585,2,2223,67,1,31.20,1237,78,'2009-03-29',1.80,3.97),(10586,2,2002,404,1,24.00,1239,78,'2009-11-05',1.80,7.20),(10587,2,2251,12,1,15.20,1240,78,'2009-03-01',1.80,0.87),(10588,2,2184,4,1,19.60,1241,78,'2009-05-07',1.80,-1.10),(10589,2,2472,788,1,17.60,1242,78,'2008-07-23',1.80,8.41),(10590,2,2203,10,1,24.40,1243,78,'2009-04-18',1.80,0.54),(10591,2,2253,2325,1,23.60,1244,78,'2009-02-27',1.80,10.35),(10592,2,2200,193,1,25.60,1245,78,'2009-04-21',1.80,5.87),(10593,2,2174,20,1,22.60,1246,78,'2009-05-17',1.80,1.79),(10594,2,2183,222,1,18.00,1247,78,'2009-05-08',1.80,6.12),(10595,2,2339,60,1,13.60,1248,78,'2008-12-03',1.80,3.77),(10596,2,1988,10,1,26.00,1249,78,'2009-11-19',1.80,0.54),(10597,2,2155,190,1,19.40,1250,78,'2009-06-05',1.80,5.84),(10598,2,2461,41,1,25.60,1251,78,'2008-08-03',1.80,3.08),(10599,2,2191,426,1,24.40,1252,78,'2009-04-30',1.80,7.30),(10600,2,1965,343,1,18.20,1253,78,'2009-12-12',1.80,6.91),(10601,2,2178,1452,1,23.20,1254,78,'2009-05-13',1.80,9.51),(10602,2,1958,192,1,30.00,1255,78,'2009-12-19',1.80,5.86),(10603,2,2212,123,1,29.40,1256,78,'2009-04-09',1.80,5.06),(10604,2,2327,14,1,20.40,1257,78,'2008-12-15',1.80,1.15),(10605,2,2192,167,1,27.20,1258,78,'2009-04-29',1.80,5.61),(10606,2,2580,256,1,20.20,1259,78,'2008-04-06',1.80,6.38),(10607,2,2571,1582,1,14.20,1262,78,'2008-04-15',1.80,9.66),(10608,2,2211,0,0,24.20,1263,78,'2009-04-10',NULL,NULL),(10609,2,2471,48,1,21.60,1264,78,'2008-07-24',1.80,3.37),(10610,2,2125,833,1,15.20,1265,78,'2009-07-05',1.80,8.51),(10611,2,1988,113,1,25.20,1266,78,'2009-11-19',1.80,4.91),(10612,2,2555,237,1,15.40,1267,78,'2008-05-01',1.80,6.24),(10613,2,2198,935,1,33.20,1268,78,'2009-04-23',1.80,8.71),(10614,2,2160,1146,1,18.60,1269,78,'2009-05-31',1.80,9.08),(10615,2,2390,144,1,22.20,1271,78,'2008-10-13',1.80,5.35),(10616,2,2240,278,1,19.40,1272,78,'2009-03-12',1.80,6.53),(10617,2,2329,116,1,20.80,1273,78,'2008-12-13',1.80,4.96),(10618,2,2188,96,1,29.20,1275,78,'2009-05-03',1.80,4.62),(10619,2,2041,270,1,34.00,1276,78,'2009-09-27',1.80,6.48),(10620,2,2623,2264,1,23.60,1277,78,'2008-02-23',1.80,10.30),(10621,2,2243,1942,1,23.60,1278,78,'2009-03-09',1.80,10.03),(10622,2,2218,52,1,17.60,1279,78,'2009-04-03',1.80,3.51),(10623,2,2625,218,1,26.20,1280,78,'2008-02-21',1.80,6.09),(10624,2,2139,190,1,29.60,1281,78,'2009-06-21',1.80,5.84),(10625,2,2180,527,1,26.60,1282,78,'2009-05-11',1.80,7.68),(10626,2,2234,39,1,23.20,1283,78,'2009-03-18',1.80,2.99),(10627,2,2440,44,1,18.80,1284,78,'2008-08-24',1.80,3.21),(10628,2,2329,1610,1,24.40,1285,78,'2008-12-13',1.80,9.69),(10629,2,2141,70,1,29.00,1287,78,'2009-06-19',1.80,4.05),(10630,2,2450,14,1,26.60,1288,78,'2008-08-14',1.80,1.15),(10631,2,2188,290,1,25.40,1289,78,'2009-05-03',1.80,6.61),(10632,2,2205,861,1,31.60,1290,78,'2009-04-16',1.80,8.56),(10633,2,2218,937,1,24.80,1291,78,'2009-04-03',1.80,8.72),(10634,2,2483,890,1,24.00,1292,78,'2008-07-12',1.80,8.62),(10635,2,2534,1208,1,27.80,1293,78,'2008-05-22',1.80,9.17),(10636,2,2121,945,1,30.00,1294,78,'2009-07-09',1.80,8.73),(10637,2,2183,265,1,30.00,1295,78,'2009-05-08',1.80,6.44),(10638,2,1941,1551,1,29.00,1624,78,'2010-01-05',1.80,9.62),(10639,2,1936,883,1,30.80,1299,78,'2010-01-10',1.80,8.61),(10640,2,1936,369,1,22.00,1625,78,'2010-01-10',1.80,7.04),(10641,2,2212,1370,1,18.00,1300,78,'2009-04-09',1.80,9.40),(10642,2,2253,917,1,25.80,1301,78,'2009-02-27',1.80,8.68),(10643,2,1983,964,1,33.80,1303,78,'2009-11-24',1.80,8.77),(10644,2,2180,894,1,26.60,1304,78,'2009-05-11',1.80,8.63),(10645,2,2020,109,1,26.20,1305,78,'2009-10-18',1.80,4.84),(10646,2,2173,376,1,25.80,1306,78,'2009-05-18',1.80,7.07),(10647,2,2246,160,1,24.40,1307,78,'2009-03-06',1.80,5.54),(10648,2,2139,256,1,31.80,1308,78,'2009-06-21',1.80,6.38),(10649,2,1938,67,1,27.60,1626,78,'2010-01-08',1.80,3.97),(10650,2,2492,882,1,25.40,1309,78,'2008-07-03',1.80,8.61),(10651,2,2174,925,1,23.20,1311,78,'2009-05-17',1.80,8.69),(10652,2,2250,343,1,26.00,1312,78,'2009-03-02',1.80,6.91),(10653,2,2039,238,1,19.40,1313,78,'2009-09-29',1.80,6.25),(10654,2,2481,299,1,23.40,1314,78,'2008-07-14',1.80,6.66),(10655,2,2090,210,1,27.40,1315,78,'2009-08-09',1.80,6.02),(10656,2,2262,957,1,23.40,1316,78,'2009-02-18',1.80,8.75),(10657,2,2251,863,1,17.60,1317,78,'2009-03-01',1.80,8.57),(10658,2,2268,5164,1,29.00,1319,78,'2009-02-12',1.80,11.79),(10659,2,2078,74,1,38.40,1320,78,'2009-08-21',1.80,4.15),(10660,2,2126,359,1,33.00,1321,78,'2009-07-04',1.80,6.99),(10661,2,2082,352,1,27.20,1322,78,'2009-08-17',1.80,6.95),(10662,2,1927,685,1,26.60,1627,78,'2010-01-19',1.80,8.15),(10663,2,2487,374,1,19.00,1325,78,'2008-07-08',1.80,7.06),(10664,2,1961,883,1,33.20,1326,78,'2009-12-16',1.80,8.61),(10665,2,2584,768,1,15.60,1327,78,'2008-04-02',1.80,8.36),(10666,2,2184,153,1,25.00,1328,78,'2009-05-07',1.80,5.45),(10667,2,2128,186,1,43.20,1329,78,'2009-07-02',1.80,5.81),(10668,2,2032,59,1,41.00,1330,78,'2009-10-06',1.80,3.74),(10669,2,2653,355,1,17.60,1331,78,'2008-01-24',1.80,6.97),(10670,2,2137,348,1,31.20,1332,78,'2009-06-23',1.80,6.93),(10671,2,1935,96,1,19.40,1333,78,'2010-01-11',1.80,4.62),(10672,2,1951,81,1,31.60,1628,78,'2009-12-26',1.80,4.31),(10673,2,2171,963,1,30.80,1334,78,'2009-05-20',1.80,8.77),(10674,2,2454,628,1,19.00,1335,78,'2008-08-10',1.80,8.00),(10675,2,2154,965,1,31.20,1337,78,'2009-06-06',1.80,8.77),(10676,2,2090,320,1,33.60,1339,78,'2009-08-09',1.80,6.78),(10677,2,1960,441,1,14.80,1343,78,'2009-12-17',1.80,7.36),(10678,2,2080,217,1,35.00,1344,78,'2009-08-19',1.80,6.08),(10679,2,2095,128,1,36.40,1345,78,'2009-08-04',1.80,5.13),(10680,2,2037,713,1,21.60,1347,78,'2009-10-01',1.80,8.23),(10681,2,2389,981,1,22.60,1348,78,'2008-10-14',1.80,8.80),(10682,2,2098,919,1,33.60,1349,78,'2009-08-01',1.80,8.68),(10683,2,2101,634,1,26.60,1350,78,'2009-07-29',1.80,8.01),(10684,2,2148,62,1,27.20,1351,78,'2009-06-12',1.80,3.83),(10685,2,2267,385,1,28.20,1352,78,'2009-02-13',1.80,7.12),(10686,2,2227,933,1,17.60,1353,78,'2009-03-25',1.80,8.71),(10687,2,2250,956,1,22.60,1354,78,'2009-03-02',1.80,8.75),(10688,2,2167,402,1,29.20,1355,78,'2009-05-24',1.80,7.19),(10689,2,1989,930,1,33.20,1356,78,'2009-11-18',1.80,8.70),(10690,2,2213,872,1,20.80,1358,78,'2009-04-08',1.80,8.59),(10691,2,2249,985,1,21.20,1359,78,'2009-03-03',1.80,8.81),(10692,2,1957,64,1,30.00,1629,78,'2009-12-20',1.80,3.89),(10693,2,1956,152,1,26.00,1630,78,'2009-12-21',1.80,5.44),(10694,2,2223,928,1,23.60,1360,78,'2009-03-29',1.80,8.70),(10695,2,2033,204,1,39.40,1361,78,'2009-10-05',1.80,5.97),(10696,2,2048,952,1,25.80,1362,78,'2009-09-20',1.80,8.75),(10697,2,2332,908,1,25.80,1363,78,'2008-12-10',1.80,8.66),(10698,2,2253,948,1,27.60,1364,78,'2009-02-27',1.80,8.74),(10699,2,2113,940,1,28.20,1365,78,'2009-07-17',1.80,8.72),(10700,2,2629,874,1,17.20,1366,78,'2008-02-17',1.80,8.59),(10701,2,1949,73,1,27.80,1631,78,'2009-12-28',1.80,4.12),(10702,2,2077,944,1,32.40,1367,78,'2009-08-22',1.80,8.73),(10703,2,2026,1457,1,32.60,1368,78,'2009-10-12',1.80,9.51),(10704,2,2466,929,1,19.60,1369,78,'2008-07-29',1.80,8.70),(10705,2,2157,942,1,31.20,1370,78,'2009-06-03',1.80,8.73),(10706,2,2068,861,1,39.80,1372,78,'2009-08-31',1.80,8.56),(10707,2,1866,1744,1,20.80,1373,78,'2010-03-21',1.80,9.84),(10708,2,2282,927,1,22.60,1374,78,'2009-01-29',1.80,8.70),(10709,2,2478,850,1,26.20,1375,78,'2008-07-17',1.80,8.54),(10710,2,2240,88,1,18.60,1376,78,'2009-03-12',1.80,4.46),(10711,2,2199,475,1,40.20,1378,78,'2009-04-22',1.80,7.49),(10712,2,1971,884,1,15.00,1379,78,'2009-12-06',1.80,8.61),(10713,2,2183,475,1,23.60,1380,78,'2009-05-08',1.80,7.49),(10714,2,2566,440,1,19.00,1381,78,'2008-04-20',1.80,7.36),(10715,2,2108,931,1,23.80,1382,78,'2009-07-22',1.80,8.71),(10716,2,1972,80,1,20.80,1383,78,'2009-12-05',1.80,4.29),(10717,2,1971,496,1,32.00,1384,78,'2009-12-06',1.80,7.57),(10718,2,2141,144,1,17.00,1386,78,'2009-06-19',1.80,5.35),(10719,2,2200,945,1,19.20,1387,78,'2009-04-21',1.80,8.73),(10720,2,2029,970,1,32.80,1388,78,'2009-10-09',1.80,8.78),(10721,2,1996,4200,1,37.60,1389,78,'2009-11-11',1.80,11.42),(10722,2,2106,280,1,38.20,1390,78,'2009-07-24',1.80,6.54),(10723,2,2162,952,1,19.60,1391,78,'2009-05-29',1.80,8.75),(10724,2,2162,102,1,25.80,1392,78,'2009-05-29',1.80,4.72),(10725,2,2006,2779,1,38.60,1393,78,'2009-11-01',1.80,10.67),(10726,2,2011,2001,1,38.40,1394,78,'2009-10-27',1.80,10.08),(10727,2,2184,1655,1,21.20,1395,78,'2009-05-07',1.80,9.74),(10728,2,2037,41,1,23.60,1396,78,'2009-10-01',1.80,3.08),(10729,2,2031,1014,1,30.60,1397,78,'2009-10-07',1.80,8.86),(10730,2,2217,155,1,31.60,1398,78,'2009-04-04',1.80,5.48),(10731,2,2188,937,1,32.00,1400,78,'2009-05-03',1.80,8.72),(10732,2,2205,983,1,21.80,1401,78,'2009-04-16',1.80,8.80),(10733,2,2223,324,1,20.60,1402,78,'2009-03-29',1.80,6.81),(10734,2,2053,912,1,32.00,1403,78,'2009-09-15',1.80,8.67),(10735,2,2170,94,1,34.00,1404,78,'2009-05-21',1.80,4.58),(10736,2,2019,1075,1,32.00,1405,78,'2009-10-19',1.80,8.96),(10737,2,2113,67,1,26.60,1406,78,'2009-07-17',1.80,3.97),(10738,2,2132,913,1,23.60,1407,78,'2009-06-28',1.80,8.67),(10739,2,2130,208,1,33.20,1408,78,'2009-06-30',1.80,6.01),(10740,2,2207,318,1,27.80,1409,78,'2009-04-14',1.80,6.77),(10741,2,2136,136,1,31.40,1410,78,'2009-06-24',1.80,5.24),(10742,2,2167,941,1,35.60,1411,78,'2009-05-24',1.80,8.72),(10743,2,1941,913,1,27.20,1632,78,'2010-01-05',1.80,8.67),(10744,2,2057,869,1,30.40,1413,78,'2009-09-11',1.80,8.58),(10745,2,2136,904,1,22.20,1415,78,'2009-06-24',1.80,8.65),(10746,1,2585,767,1,15.00,1417,78,'2008-04-01',0.52,2.41),(10747,2,2040,340,1,36.80,1418,78,'2009-09-28',1.80,6.89),(10748,2,1938,178,1,26.00,1633,78,'2010-01-08',1.80,5.73),(10749,2,2073,269,1,32.40,1421,78,'2009-08-26',1.80,6.47),(10750,2,2258,68,1,18.40,1422,78,'2009-02-22',1.80,4.00),(10751,2,2179,220,1,15.20,1425,78,'2009-05-12',1.80,6.11),(10752,2,2474,423,1,20.40,1426,78,'2008-07-21',1.80,7.29),(10753,2,2155,38,1,27.80,1428,78,'2009-06-05',1.80,2.95),(10754,2,2144,458,1,32.60,1429,78,'2009-06-16',1.80,7.43),(10755,2,2107,1004,1,27.20,1431,78,'2009-07-23',1.80,8.84),(10756,2,2205,870,1,29.20,1432,78,'2009-04-16',1.80,8.58),(10757,2,2043,677,1,38.60,1433,78,'2009-09-25',1.80,8.13),(10758,2,2498,835,1,19.00,1434,78,'2008-06-27',1.80,8.51),(10759,2,2423,281,1,20.00,1435,78,'2008-09-10',1.80,6.55),(10760,2,2479,801,1,23.40,1436,78,'2008-07-16',1.80,8.43),(10761,2,2155,766,1,32.40,1437,78,'2009-06-05',1.80,8.35),(10762,2,1925,480,1,30.20,1634,78,'2010-01-21',1.80,7.51),(10763,2,2136,339,1,31.60,1438,78,'2009-06-24',1.80,6.89),(10764,2,1945,909,1,21.20,1635,78,'2010-01-01',1.80,8.66),(10765,2,2080,712,1,29.00,1439,78,'2009-08-19',1.80,8.22),(10766,2,2215,5052,1,32.20,1440,78,'2009-04-06',1.80,11.75),(10767,2,1987,95,1,32.60,1441,78,'2009-11-20',1.80,4.60),(10768,2,2078,831,1,34.00,1442,78,'2009-08-21',1.80,8.50),(10769,2,2484,849,1,10.00,1443,78,'2008-07-11',1.80,8.54),(10770,2,2019,908,1,30.00,1444,78,'2009-10-19',1.80,8.66),(10771,2,2025,2858,1,35.20,1445,78,'2009-10-13',1.80,10.72),(10772,2,2132,242,1,27.80,1446,78,'2009-06-28',1.80,6.28),(10773,2,2085,413,1,28.00,1448,78,'2009-08-14',1.80,7.24),(10774,2,2018,956,1,32.40,1449,78,'2009-10-20',1.80,8.75),(10775,2,2015,1019,1,38.00,1450,78,'2009-10-23',1.80,8.87),(10776,1,2574,987,1,12.00,1451,78,'2008-04-12',0.52,2.55),(10777,2,2182,893,1,37.00,1452,78,'2009-05-09',1.80,8.63),(10778,2,2183,992,1,21.00,1453,78,'2009-05-08',1.80,8.82),(10779,2,2154,834,1,31.00,1454,78,'2009-06-06',1.80,8.51),(10780,2,2038,938,1,39.60,1456,78,'2009-09-30',1.80,8.72),(10781,2,2047,556,1,38.00,1458,78,'2009-09-21',1.80,7.78),(10782,2,2131,881,1,22.20,1459,78,'2009-06-29',1.80,8.61),(10783,2,2125,734,1,28.60,1461,78,'2009-07-05',1.80,8.28),(10784,1,2188,1195,1,30.00,1462,78,'2009-05-03',0.52,2.64),(10785,2,2133,744,1,24.00,1463,78,'2009-06-27',1.80,8.30),(10786,2,2039,842,1,34.20,1464,78,'2009-09-29',1.80,8.52),(10787,2,2167,436,1,17.20,1465,78,'2009-05-24',1.80,7.34),(10788,2,2198,956,1,22.40,1466,78,'2009-04-23',1.80,8.75),(10789,2,2026,900,1,36.40,1467,78,'2009-10-12',1.80,8.64),(10790,2,2185,2314,1,34.20,1468,78,'2009-05-06',1.80,10.34),(10791,2,1936,750,1,13.60,1469,78,'2010-01-10',1.80,8.32),(10792,2,2180,548,1,21.00,1470,78,'2009-05-11',1.80,7.75),(10793,2,2140,851,1,30.00,1471,78,'2009-06-20',1.80,8.54),(10794,1,2490,493,1,17.80,1472,78,'2008-07-05',0.52,2.18),(10795,2,2476,750,1,20.40,1473,78,'2008-07-19',1.80,8.32),(10796,2,2184,905,1,21.00,1475,78,'2009-05-07',1.80,8.65),(10797,2,2171,442,1,28.00,1476,78,'2009-05-20',1.80,7.36),(10798,2,2134,97,1,20.80,1478,78,'2009-06-26',1.80,4.63),(10799,2,2182,957,1,25.60,1479,78,'2009-05-09',1.80,8.75),(10800,1,2583,2245,1,22.60,1480,78,'2008-04-03',0.52,2.97),(10801,1,2557,156,1,13.20,1481,78,'2008-04-29',0.52,1.59),(10802,2,2037,871,1,31.00,1482,78,'2009-10-01',1.80,8.59),(10803,2,2063,21,1,19.00,1483,78,'2009-09-05',1.80,1.88),(10804,2,1996,783,1,13.20,1484,78,'2009-11-11',1.80,8.39),(10805,2,1870,107,1,31.40,1485,78,'2010-03-17',1.80,4.81),(10806,2,1949,173,1,29.40,1639,78,'2009-12-28',1.80,5.68),(10807,2,2202,869,1,24.40,1486,78,'2009-04-19',1.80,8.58),(10808,2,2052,288,1,31.80,1487,78,'2009-09-16',1.80,6.59),(10809,1,2332,811,1,20.60,1488,78,'2008-12-10',0.52,2.44),(10810,2,2090,1209,1,25.00,1489,78,'2009-08-09',1.80,9.18),(10811,2,1977,12,1,33.60,1490,78,'2009-11-30',1.80,0.87),(10812,1,2410,47,1,10.00,1491,78,'2008-09-23',0.52,0.96),(10813,2,1986,917,1,27.80,1492,78,'2009-11-21',1.80,8.68),(10814,1,2049,83,1,32.60,1493,78,'2009-09-19',0.52,1.26),(10815,1,2195,861,1,23.60,1494,78,'2009-04-26',0.52,2.47),(10816,1,2312,768,1,23.80,1495,78,'2008-12-30',0.52,2.41),(10817,2,1953,141,1,30.20,1640,78,'2009-12-24',1.80,5.31),(10818,2,2066,6,1,36.20,1496,78,'2009-09-02',1.80,-0.37),(10819,2,1958,179,1,32.40,1497,78,'2009-12-19',1.80,5.74),(10820,2,1963,932,1,32.40,1498,78,'2009-12-14',1.80,8.71),(10821,2,2021,962,1,36.60,1499,78,'2009-10-17',1.80,8.76),(10822,2,2063,2912,1,31.80,1500,78,'2009-09-05',1.80,10.76),(10823,1,2410,865,1,18.80,1501,78,'2008-09-23',0.52,2.48),(10824,2,1851,786,1,16.40,1502,78,'2010-04-05',1.80,8.40),(10825,1,2339,922,1,21.60,1503,78,'2008-12-03',0.52,2.51),(10826,2,1959,839,1,24.40,1504,78,'2009-12-18',1.80,8.52),(10827,2,1972,1692,1,23.60,1505,78,'2009-12-05',1.80,9.78),(10828,1,2408,1499,1,19.80,1506,78,'2008-09-25',0.52,2.76),(10829,1,2386,885,1,18.60,1507,78,'2008-10-17',0.52,2.49),(10830,1,2405,911,1,23.00,1508,78,'2008-09-28',0.52,2.50),(10831,1,2340,37,1,23.20,1509,78,'2008-12-02',0.52,0.84),(10832,1,2418,193,1,14.40,1511,78,'2008-09-15',0.52,1.70),(10833,2,1945,105,1,23.20,1641,78,'2010-01-01',1.80,4.78),(10834,2,2036,811,1,35.40,1512,78,'2009-10-02',1.80,8.46),(10835,2,1994,884,1,22.80,1513,78,'2009-11-13',1.80,8.61),(10836,1,2111,86,1,21.60,1514,78,'2009-07-19',0.52,1.28),(10837,1,2412,1585,1,23.00,1515,78,'2008-09-21',0.52,2.79),(10838,1,2430,854,1,22.40,1516,78,'2008-09-03',0.52,2.47),(10839,1,1987,909,1,19.60,1517,78,'2009-11-20',0.52,2.50),(10840,2,1965,852,1,19.00,1518,78,'2009-12-12',1.80,8.55),(10841,1,2405,131,1,21.20,1519,78,'2008-09-28',0.52,1.50),(10842,1,2225,462,1,23.20,1520,78,'2009-03-27',0.52,2.15),(10843,2,1981,20,1,27.00,1521,78,'2009-11-26',1.80,1.79),(10844,1,2201,453,1,21.80,1522,78,'2009-04-20',0.52,2.14),(10845,1,2185,37,1,21.40,1523,78,'2009-05-06',0.52,0.84),(10846,2,2010,913,1,17.00,1524,78,'2009-10-28',1.80,8.67),(10847,2,1866,927,1,21.40,1525,78,'2010-03-21',1.80,8.70),(10848,1,2364,239,1,33.80,1526,78,'2008-11-08',0.52,1.81),(10849,1,2225,567,1,22.20,1527,78,'2009-03-27',0.52,2.26),(10850,2,1993,902,1,25.60,1528,78,'2009-11-14',1.80,8.65),(10851,1,2225,50,1,15.00,1529,78,'2009-03-27',0.52,0.99),(10852,1,2229,760,1,20.80,1532,78,'2009-03-23',0.52,2.41),(10853,1,1968,884,1,18.20,1534,78,'2009-12-09',0.52,2.49),(10854,1,2226,842,1,19.80,1536,78,'2009-03-26',0.52,2.46),(10855,1,2241,341,1,20.80,1537,78,'2009-03-11',0.52,1.99),(10856,1,2183,1636,1,21.60,1538,78,'2009-05-08',0.52,2.81),(10857,1,2128,753,1,34.60,1539,78,'2009-07-02',0.52,2.40),(10858,1,2221,423,1,22.20,1540,78,'2009-03-31',0.52,2.10),(10859,1,2238,869,1,18.60,1541,78,'2009-03-14',0.52,2.48),(10860,1,2239,850,1,21.60,1542,78,'2009-03-13',0.52,2.47),(10861,1,2236,907,1,21.60,1543,78,'2009-03-16',0.52,2.50),(10862,2,1856,945,1,20.40,1544,78,'2010-03-31',1.80,8.73),(10863,1,2225,854,1,23.60,1545,78,'2009-03-27',0.52,2.47),(10864,1,2234,92,1,20.80,1546,78,'2009-03-18',0.52,1.31),(10865,2,1851,902,1,21.80,1547,78,'2010-04-05',1.80,8.65),(10866,1,2230,266,1,23.20,1548,78,'2009-03-22',0.52,1.86),(10867,1,2386,671,1,20.60,1549,78,'2008-10-17',0.52,2.34),(10868,1,2225,857,1,21.00,1550,78,'2009-03-27',0.52,2.47),(10869,1,1941,142,1,21.80,1642,78,'2010-01-05',0.52,1.54),(10870,1,2218,1410,1,18.60,1553,78,'2009-04-03',0.52,2.73),(10871,1,2214,917,1,23.20,1554,78,'2009-04-07',0.52,2.51),(10872,1,2230,836,1,31.20,1555,78,'2009-03-22',0.52,2.46),(10873,1,2209,229,1,26.40,1556,78,'2009-04-12',0.52,1.79),(10874,1,2231,962,1,21.20,1557,78,'2009-03-21',0.52,2.53),(10875,1,2162,818,1,20.00,1558,78,'2009-05-29',0.52,2.45),(10876,1,2072,42,1,36.60,1559,78,'2009-08-27',0.52,0.90),(10877,1,2212,879,1,27.00,1560,78,'2009-04-09',0.52,2.48),(10878,1,2073,237,1,34.00,1561,78,'2009-08-26',0.52,1.80),(10879,1,2233,305,1,19.80,1562,78,'2009-03-19',0.52,1.93),(10880,1,2213,883,1,21.80,1563,78,'2009-04-08',0.52,2.49),(10881,1,2219,909,1,28.80,1564,78,'2009-04-02',0.52,2.50),(10882,1,2207,885,1,17.20,1565,78,'2009-04-14',0.52,2.49),(10883,2,1853,790,1,23.00,1567,78,'2010-04-03',1.80,8.41),(10884,1,2120,146,1,21.60,1568,78,'2009-07-10',0.52,1.55),(10885,1,2167,862,1,30.00,1569,78,'2009-05-24',0.52,2.47),(10886,1,2049,916,1,22.20,1570,78,'2009-09-19',0.52,2.51),(10887,1,2021,142,1,25.40,1571,78,'2009-10-17',0.52,1.54),(10888,1,2109,193,1,22.40,1572,78,'2009-07-21',0.52,1.70),(10889,1,2225,852,1,16.80,1574,78,'2009-03-27',0.52,2.47),(10890,1,2091,214,1,24.40,1575,78,'2009-08-08',0.52,1.75),(10891,1,2191,169,1,26.80,1576,78,'2009-04-30',0.52,1.63),(10892,2,1857,982,1,26.20,1577,78,'2010-03-30',1.80,8.80),(10893,1,2205,949,1,20.80,1578,78,'2009-04-16',0.52,2.52),(10894,1,2024,841,1,25.20,1579,78,'2009-10-14',0.52,2.46),(10895,1,2035,142,1,30.00,1581,78,'2009-10-03',0.52,1.54),(10896,1,2229,317,1,19.00,1582,78,'2009-03-23',0.52,1.95),(10897,1,2235,856,1,34.00,1583,78,'2009-03-17',0.52,2.47),(10898,1,2044,919,1,31.80,1584,78,'2009-09-24',0.52,2.51),(10899,1,2217,876,1,23.40,1585,78,'2009-04-04',0.52,2.48),(10900,1,2128,106,1,24.40,1586,78,'2009-07-02',0.52,1.38),(10901,1,2225,942,1,25.60,1587,78,'2009-03-27',0.52,2.52),(10902,1,2109,111,1,22.60,1589,78,'2009-07-21',0.52,1.41),(10903,1,2223,848,1,25.80,1590,78,'2009-03-29',0.52,2.47),(10904,1,2212,901,1,23.00,1592,78,'2009-04-09',0.52,2.50),(10905,1,2214,346,1,21.40,1593,78,'2009-04-07',0.52,2.00),(10906,1,2063,417,1,38.80,1594,78,'2009-09-05',0.52,2.10),(10907,1,2137,113,1,23.40,1595,78,'2009-06-23',0.52,1.42),(10908,1,2056,901,1,28.80,1596,78,'2009-09-12',0.52,2.50),(10909,1,2219,77,1,22.40,1597,78,'2009-04-02',0.52,1.22),(10910,1,2110,106,1,22.20,1598,78,'2009-07-20',0.52,1.38),(10911,1,2120,75,1,33.00,1599,78,'2009-07-10',0.52,1.21),(10912,1,2118,897,1,23.20,1600,78,'2009-07-12',0.52,2.50),(10913,1,2112,929,1,26.20,1601,78,'2009-07-18',0.52,2.51),(10914,1,2040,860,1,22.80,1602,78,'2009-09-28',0.52,2.47),(10915,1,1981,944,1,25.60,1603,78,'2009-11-26',0.52,2.52),(10916,1,2073,1354,1,25.00,1604,78,'2009-08-26',0.52,2.71),(10917,1,2215,770,1,23.00,1605,78,'2009-04-06',0.52,2.42),(10918,1,2081,762,1,23.20,1606,78,'2009-08-18',0.52,2.41),(10919,1,2073,885,1,29.40,1607,78,'2009-08-26',0.52,2.49),(10920,1,2073,156,1,20.80,1608,78,'2009-08-26',0.52,1.59),(10921,1,2040,341,1,21.60,1609,78,'2009-09-28',0.52,1.99),(10922,1,2141,1237,1,13.00,1610,78,'2009-06-19',0.52,2.66),(10923,1,2098,2539,1,20.20,1611,78,'2009-08-01',0.52,3.04),(10924,1,1993,41,1,23.20,1612,78,'2009-11-14',0.52,0.89),(10925,1,2106,902,1,19.20,1613,78,'2009-07-24',0.52,2.50),(10926,1,2109,25,1,21.40,1615,78,'2009-07-21',0.52,0.63),(10927,1,2034,717,1,27.20,1617,78,'2009-10-04',0.52,2.38),(10928,2,2997,127,1,19.80,1620,78,'2007-02-14',1.80,5.12),(10929,2,2197,881,1,34.00,1621,78,'2009-04-24',1.80,8.61),(10930,2,1967,158,1,24.20,1622,78,'2009-12-10',1.80,5.51),(10931,2,1933,0,0,24.20,1623,78,'2010-01-13',NULL,NULL),(10932,2,2047,0,0,24.20,1298,78,'2009-09-21',NULL,NULL),(10933,2,1972,0,0,24.20,1323,78,'2009-12-05',NULL,NULL),(10934,2,2209,0,0,24.20,1338,78,'2009-04-12',NULL,NULL),(10935,2,2216,0,0,24.20,1385,78,'2009-04-05',NULL,NULL),(10936,2,1945,0,0,24.20,1636,78,'2010-01-01',NULL,NULL),(10937,2,1945,0,0,24.20,1637,78,'2010-01-01',NULL,NULL),(10938,1,2573,0,0,24.20,1477,78,'2008-04-13',NULL,NULL),(10939,2,1928,0,0,24.20,1638,78,'2010-01-18',NULL,NULL),(10940,1,1945,0,0,24.20,1643,78,'2010-01-01',NULL,NULL),(10941,1,1945,0,0,24.20,1644,78,'2010-01-01',NULL,NULL),(10942,1,2082,0,0,24.20,1616,78,'2009-08-17',NULL,NULL),(10943,1,2036,0,0,24.20,1618,78,'2009-10-02',NULL,NULL),(10944,2,143,2070,0,12.00,1648,79,'2014-12-09',NULL,NULL),(10945,1,69,881,1,10.00,1649,79,'2015-02-21',0.38,1.82),(10946,2,255,541,1,12.00,1652,79,'2014-08-19',1.40,6.01),(10947,2,88,216,1,10.00,1653,79,'2015-02-02',0.76,2.57),(10948,2,224,415,1,10.00,1655,79,'2014-09-19',1.19,4.79),(10949,1,256,387,0,10.00,1657,79,'2014-08-18',NULL,NULL),(10950,2,88,251,1,10.50,1650,79,'2015-02-02',0.76,2.68),(10951,2,418,178,0,11.00,1651,79,'2014-03-09',NULL,NULL),(10952,2,184,1162,0,11.00,1654,79,'2014-10-29',NULL,NULL),(10953,1,110,180,0,11.00,1656,79,'2015-01-11',NULL,NULL);
/*!40000 ALTER TABLE `dairy_control` ENABLE KEYS */;
UNLOCK TABLES;

--
-- Table structure for table `people`
--

DROP TABLE IF EXISTS `people`;
/*!40101 SET @saved_cs_client     = @@character_set_client */;
/*!40101 SET character_set_client = utf8 */;
CREATE TABLE `people` (
  `id` int(11) NOT NULL AUTO_INCREMENT,
  `type` varchar(250) DEFAULT NULL,
  `first_name` varchar(250) DEFAULT NULL,
  `last_name` varchar(250) DEFAULT NULL,
  `email` varchar(250) DEFAULT NULL,
  `phone` varchar(250) DEFAULT NULL,
  `created_by` int(11) DEFAULT NULL,
  PRIMARY KEY (`id`)
) ENGINE=InnoDB AUTO_INCREMENT=11 DEFAULT CHARSET=latin1;
/*!40101 SET character_set_client = @saved_cs_client */;

--
-- Dumping data for table `people`
--

LOCK TABLES `people` WRITE;
/*!40000 ALTER TABLE `people` DISABLE KEYS */;
INSERT INTO `people` VALUES (2,'veterinary','Sergio','Gomez','sgomez@gmail.com','0358-4646553',4),(3,'veterinary','Marcos','Lucero','','',4),(4,'owner','Marco','Florit','','',NULL),(5,'owner','Nicolás','Cellucci','','',NULL),(6,'owner','Ezequiel','Ortiz','','',NULL),(7,'owner','Mariano','Luchini','','',NULL),(8,'owner','Emilio','Molinuevo','','',NULL),(9,'veterinary','Juan Carlos','Zapata','','',4),(10,'veterinary','pedro','ortiz','','',4);
/*!40000 ALTER TABLE `people` ENABLE KEYS */;
UNLOCK TABLES;

--
-- Table structure for table `schema_controls`
--

DROP TABLE IF EXISTS `schema_controls`;
/*!40101 SET @saved_cs_client     = @@character_set_client */;
/*!40101 SET character_set_client = utf8 */;
CREATE TABLE `schema_controls` (
  `id` int(11) NOT NULL AUTO_INCREMENT,
  `maquina_control_precio` decimal(10,2) DEFAULT '0.00',
  `maquina_control_dias` int(11) DEFAULT '0',
  `liters_milk` int(11) DEFAULT NULL,
  `dairy_id` int(11) NOT NULL,
  `date` date NOT NULL,
  `milk_price` decimal(10,2) DEFAULT '0.00',
  `desinf_pre_o_producto` varchar(245) DEFAULT NULL,
  `desinf_pre_o_precio` decimal(10,2) DEFAULT NULL,
  `desinf_pre_o_dias` decimal(6,2) DEFAULT NULL,
  `desinf_post_o_producto` varchar(245) DEFAULT NULL,
  `desinf_post_o_precio` decimal(10,2) DEFAULT NULL,
  `desinf_post_o_dias` decimal(6,2) DEFAULT NULL,
  `tmc_ab_pomo_cantidad` decimal(6,2) DEFAULT NULL,
  `tmc_ab_pomo_precio` decimal(10,2) DEFAULT NULL,
  `tmc_ab_inyect_cantidad` decimal(6,2) DEFAULT NULL,
  `tmc_ab_inyect_precio` decimal(10,2) DEFAULT NULL,
  `tmc_ai_inyect_cantidad` decimal(6,2) DEFAULT NULL,
  `tmc_ai_inyect_precio` varchar(100) DEFAULT NULL,
  `ts_pomo_precio` decimal(10,2) DEFAULT NULL,
  `in_ordenio` int(11) NOT NULL,
  PRIMARY KEY (`id`),
  KEY `fk_schema_dairies1_idx` (`dairy_id`),
  CONSTRAINT `fk_schema_dairies1` FOREIGN KEY (`dairy_id`) REFERENCES `dairies` (`id`) ON DELETE NO ACTION ON UPDATE NO ACTION
) ENGINE=InnoDB AUTO_INCREMENT=80 DEFAULT CHARSET=latin1;
/*!40101 SET character_set_client = @saved_cs_client */;

--
-- Dumping data for table `schema_controls`
--

LOCK TABLES `schema_controls` WRITE;
/*!40000 ALTER TABLE `schema_controls` DISABLE KEYS */;
INSERT INTO `schema_controls` VALUES (55,11.00,12,5110,4,'2015-03-19',0.00,NULL,NULL,NULL,NULL,NULL,NULL,NULL,NULL,NULL,NULL,NULL,NULL,NULL,0),(70,150.00,20,2323,3,'2015-03-18',12.00,'w',0.20,1.00,'j',25.33,1.00,1.00,2.00,1.00,0.50,1.00,'19',12.00,44),(71,150.00,20,2323230,3,'2015-03-02',12.00,'w',0.20,1.00,'j',25.33,1.00,1.00,2.00,1.00,0.50,1.00,'19',12.00,12),(72,150.00,20,800,3,'2015-04-23',1.50,'w',0.20,1.00,'j',25.33,1.00,1.00,2.00,1.00,0.50,1.00,'19',12.00,75),(77,1200.00,120,9696,9,'2014-12-19',3.30,'',0.00,0.00,'XXXX',400.00,3.47,0.00,0.00,0.00,0.00,0.00,'',0.00,396),(78,1200.00,120,8917,9,'2015-01-25',3.30,'',0.00,0.00,'XXXX',400.00,3.47,0.00,0.00,0.00,0.00,0.00,'',0.00,365),(79,1200.00,120,5390,9,'2015-03-11',3.30,'',0.00,0.00,'XXXX',400.00,3.47,0.00,0.00,0.00,0.00,0.00,'',0.00,340);
/*!40000 ALTER TABLE `schema_controls` ENABLE KEYS */;
UNLOCK TABLES;

--
-- Table structure for table `users`
--

DROP TABLE IF EXISTS `users`;
/*!40101 SET @saved_cs_client     = @@character_set_client */;
/*!40101 SET character_set_client = utf8 */;
CREATE TABLE `users` (
  `id` int(11) NOT NULL AUTO_INCREMENT,
  `username` varchar(255) NOT NULL,
  `email` varchar(255) DEFAULT NULL,
  `password` varchar(255) NOT NULL,
  `disable` tinyint(1) DEFAULT '0',
  `role` int(11) DEFAULT '1',
  `person_id` int(11) DEFAULT NULL,
  PRIMARY KEY (`id`),
  UNIQUE KEY `username_UNIQUE` (`username`),
  KEY `fk_users_1_idx` (`person_id`),
  CONSTRAINT `fk_users_1` FOREIGN KEY (`person_id`) REFERENCES `people` (`id`) ON DELETE NO ACTION ON UPDATE NO ACTION
) ENGINE=InnoDB AUTO_INCREMENT=11 DEFAULT CHARSET=latin1;
/*!40101 SET character_set_client = @saved_cs_client */;

--
-- Dumping data for table `users`
--

LOCK TABLES `users` WRITE;
/*!40000 ALTER TABLE `users` DISABLE KEYS */;
INSERT INTO `users` VALUES (5,'mmarozzi',NULL,'2bTHm3i5rgfYo',0,1,NULL),(8,'mflorit','mflorit@gmail.com','2bTHm3i5rgfYo',0,2,4),(9,'ncellucci','nicocelluccio@gmail.com','2b9z3QeiieEa2',0,2,5),(10,'mluchini','','2bukSaQ0AiVB6',0,2,7);
/*!40000 ALTER TABLE `users` ENABLE KEYS */;
UNLOCK TABLES;
/*!40103 SET TIME_ZONE=@OLD_TIME_ZONE */;

/*!40101 SET SQL_MODE=@OLD_SQL_MODE */;
/*!40014 SET FOREIGN_KEY_CHECKS=@OLD_FOREIGN_KEY_CHECKS */;
/*!40014 SET UNIQUE_CHECKS=@OLD_UNIQUE_CHECKS */;
/*!40101 SET CHARACTER_SET_CLIENT=@OLD_CHARACTER_SET_CLIENT */;
/*!40101 SET CHARACTER_SET_RESULTS=@OLD_CHARACTER_SET_RESULTS */;
/*!40101 SET COLLATION_CONNECTION=@OLD_COLLATION_CONNECTION */;
/*!40111 SET SQL_NOTES=@OLD_SQL_NOTES */;

-- Dump completed on 2015-04-30 14:09:35
