-- MySQL dump 10.13  Distrib 5.5.43, for debian-linux-gnu (x86_64)
--
-- Host: localhost    Database: clecherodb
-- ------------------------------------------------------
-- Server version	5.5.43-0ubuntu0.14.04.1

/*!40101 SET @OLD_CHARACTER_SET_CLIENT=@@CHARACTER_SET_CLIENT */;
/*!40101 SET @OLD_CHARACTER_SET_RESULTS=@@CHARACTER_SET_RESULTS */;
/*!40101 SET @OLD_COLLATION_CONNECTION=@@COLLATION_CONNECTION */;
/*!40101 SET NAMES utf8 */;
/*!40103 SET @OLD_TIME_ZONE=@@TIME_ZONE */;
/*!40103 SET TIME_ZONE='+00:00' */;
/*!40014 SET @OLD_UNIQUE_CHECKS=@@UNIQUE_CHECKS, UNIQUE_CHECKS=0 */;
/*!40014 SET @OLD_FOREIGN_KEY_CHECKS=@@FOREIGN_KEY_CHECKS, FOREIGN_KEY_CHECKS=0 */;
/*!40101 SET @OLD_SQL_MODE=@@SQL_MODE, SQL_MODE='NO_AUTO_VALUE_ON_ZERO' */;
/*!40111 SET @OLD_SQL_NOTES=@@SQL_NOTES, SQL_NOTES=0 */;

--
-- Current Database: `clecherodb`
--

CREATE DATABASE /*!32312 IF NOT EXISTS*/ `clecherodb` /*!40100 DEFAULT CHARACTER SET latin1 */;

USE `clecherodb`;

--
-- Table structure for table `analisis_schema`
--

DROP TABLE IF EXISTS `analisis_schema`;
/*!40101 SET @saved_cs_client     = @@character_set_client */;
/*!40101 SET character_set_client = utf8 */;
CREATE TABLE `analisis_schema` (
  `id` int(11) NOT NULL AUTO_INCREMENT,
  `schema_id` int(11) NOT NULL,
  `perdida_msc` decimal(8,2) NOT NULL,
  `perdida_mc` decimal(8,2) NOT NULL,
  `perdida_lts` decimal(8,2) NOT NULL,
  `perdida_costo` decimal(8,2) NOT NULL,
  `costo_desinf_pre_o` decimal(8,2) NOT NULL,
  `costo_desinf_pos_o` decimal(8,2) NOT NULL,
  `costo_tratamiento_mc` decimal(8,2) NOT NULL,
  `costo_tratamiento_secado` decimal(8,2) NOT NULL,
  `costo_mantenimiento_maquina` decimal(8,2) NOT NULL,
  `costo_total` decimal(8,2) NOT NULL,
  `costo_extra_mc` decimal(8,2) DEFAULT '0.00',
  `costo_extra_msc` decimal(8,2) DEFAULT '0.00',
  `costo_extra_sin_mc` decimal(8,2) DEFAULT '0.00',
  `costo_extra_tambo` decimal(8,2) DEFAULT '0.00',
  `costo_extra_vaca` decimal(8,2) DEFAULT NULL,
  PRIMARY KEY (`id`),
  UNIQUE KEY `schema_id_UNIQUE` (`schema_id`)
) ENGINE=InnoDB AUTO_INCREMENT=130 DEFAULT CHARSET=latin1;
/*!40101 SET character_set_client = @saved_cs_client */;

--
-- Dumping data for table `analisis_schema`
--

LOCK TABLES `analisis_schema` WRITE;
/*!40000 ALTER TABLE `analisis_schema` DISABLE KEYS */;
INSERT INTO `analisis_schema` VALUES (118,87,1580.58,339.70,1920.28,6336.92,0.00,0.00,0.00,0.00,0.00,0.00,0.00,0.00,0.00,0.00,NULL),(119,88,1993.49,349.54,2343.03,7029.09,0.00,0.00,0.00,0.00,0.00,0.00,0.00,0.00,0.00,0.00,NULL),(120,89,36.76,790.56,827.32,37229.40,0.00,0.00,0.00,0.00,0.00,0.00,0.00,0.00,0.00,0.00,NULL),(121,91,1068.12,1131.09,2199.21,7257.39,0.00,0.00,0.00,0.00,0.00,0.00,0.00,0.00,0.00,0.00,NULL),(122,92,1993.49,349.54,2343.03,7732.00,0.00,0.00,0.00,0.00,0.00,0.00,0.00,0.00,0.00,0.00,NULL),(129,93,1993.49,349.54,2343.03,7732.00,0.00,0.00,0.00,0.00,0.00,3.82,0.00,0.00,0.00,3.82,0.00);
/*!40000 ALTER TABLE `analisis_schema` ENABLE KEYS */;
UNLOCK TABLES;

--
-- Table structure for table `cattle`
--

DROP TABLE IF EXISTS `cattle`;
/*!40101 SET @saved_cs_client     = @@character_set_client */;
/*!40101 SET character_set_client = utf8 */;
CREATE TABLE `cattle` (
  `id` int(11) NOT NULL AUTO_INCREMENT,
  `caravana` varchar(250) DEFAULT NULL,
  `dairy_id` int(11) NOT NULL,
  PRIMARY KEY (`id`),
  KEY `fk_cattle_dairies_idx` (`dairy_id`),
  CONSTRAINT `fk_cattle_dairies` FOREIGN KEY (`dairy_id`) REFERENCES `dairies` (`id`) ON DELETE NO ACTION ON UPDATE NO ACTION
) ENGINE=InnoDB AUTO_INCREMENT=3857 DEFAULT CHARSET=utf8;
/*!40101 SET character_set_client = @saved_cs_client */;

--
-- Dumping data for table `cattle`
--

LOCK TABLES `cattle` WRITE;
/*!40000 ALTER TABLE `cattle` DISABLE KEYS */;
INSERT INTO `cattle` VALUES (3264,'917',15),(3265,'994',15),(3266,'1119',15),(3267,'1151',15),(3268,'1155',15),(3269,'1163',15),(3270,'1371',15),(3271,'1377',15),(3272,'2023',15),(3273,'2030',15),(3274,'2033',15),(3275,'2040',15),(3276,'2063',15),(3277,'2066',15),(3278,'2069',15),(3279,'2092',15),(3280,'2094',15),(3281,'2114',15),(3282,'2127',15),(3283,'2134',15),(3284,'2135',15),(3285,'2159',15),(3286,'2160',15),(3287,'2166',15),(3288,'2193',15),(3289,'2195',15),(3290,'2200',15),(3291,'2221',15),(3292,'2224',15),(3293,'2227',15),(3294,'2235',15),(3295,'2243',15),(3296,'2255',15),(3297,'2258',15),(3298,'2277',15),(3299,'2303',15),(3300,'2341',15),(3301,'2347',15),(3302,'2357',15),(3303,'2358',15),(3304,'2361',15),(3305,'2372',15),(3306,'2381',15),(3307,'2385',15),(3308,'2388',15),(3309,'2412',15),(3310,'2413',15),(3311,'2425',15),(3312,'2429',15),(3313,'2431',15),(3314,'2439',15),(3315,'2440',15),(3316,'2441',15),(3317,'2444',15),(3318,'2447',15),(3319,'2454',15),(3320,'2460',15),(3321,'2462',15),(3322,'2478',15),(3323,'2491',15),(3324,'2492',15),(3325,'2509',15),(3326,'2510',15),(3327,'2511',15),(3328,'2515',15),(3329,'2516',15),(3330,'2539',15),(3331,'2541',15),(3332,'2547',15),(3333,'2559',15),(3334,'2571',15),(3335,'2576',15),(3336,'2594',15),(3337,'2604',15),(3338,'2605',15),(3339,'2607',15),(3340,'2611',15),(3341,'2614',15),(3342,'2618',15),(3343,'2620',15),(3344,'2629',15),(3345,'2642',15),(3346,'2650',15),(3347,'2652',15),(3348,'2658',15),(3349,'2668',15),(3350,'2674',15),(3351,'2676',15),(3352,'2679',15),(3353,'2681',15),(3354,'2684',15),(3355,'2687',15),(3356,'2691',15),(3357,'2693',15),(3358,'2694',15),(3359,'2696',15),(3360,'2699',15),(3361,'2700',15),(3362,'2701',15),(3363,'2708',15),(3364,'2709',15),(3365,'2715',15),(3366,'2716',15),(3367,'2725',15),(3368,'2730',15),(3369,'2743',15),(3370,'2744',15),(3371,'2748',15),(3372,'2751',15),(3373,'2755',15),(3374,'2758',15),(3375,'2762',15),(3376,'2766',15),(3377,'2771',15),(3378,'2773',15),(3379,'2774',15),(3380,'2780',15),(3381,'2782',15),(3382,'2784',15),(3383,'2786',15),(3384,'2791',15),(3385,'2800',15),(3386,'2802',15),(3387,'2803',15),(3388,'2805',15),(3389,'2809',15),(3390,'2815',15),(3391,'2823',15),(3392,'2827',15),(3393,'2831',15),(3394,'2833',15),(3395,'2835',15),(3396,'2836',15),(3397,'2845',15),(3398,'2847',15),(3399,'2850',15),(3400,'2855',15),(3401,'2857',15),(3402,'2865',15),(3403,'2866',15),(3404,'2875',15),(3405,'2877',15),(3406,'2882',15),(3407,'2892',15),(3408,'2893',15),(3409,'2900',15),(3410,'2901',15),(3411,'2902',15),(3412,'2910',15),(3413,'2916',15),(3414,'2921',15),(3415,'2922',15),(3416,'2933',15),(3417,'2942',15),(3418,'2946',15),(3419,'2948',15),(3420,'2953',15),(3421,'2955',15),(3422,'2956',15),(3423,'2957',15),(3424,'2964',15),(3425,'2965',15),(3426,'2967',15),(3427,'2968',15),(3428,'2971',15),(3429,'2974',15),(3430,'2976',15),(3431,'2978',15),(3432,'2980',15),(3433,'2981',15),(3434,'2987',15),(3435,'2991',15),(3436,'2993',15),(3437,'2998',15),(3438,'3001',15),(3439,'3003',15),(3440,'3005',15),(3441,'3009',15),(3442,'3010',15),(3443,'3011',15),(3444,'3018',15),(3445,'3020',15),(3446,'3025',15),(3447,'3027',15),(3448,'3032',15),(3449,'3034',15),(3450,'3038',15),(3451,'3040',15),(3452,'3041',15),(3453,'3042',15),(3454,'3043',15),(3455,'3047',15),(3456,'3049',15),(3457,'3050',15),(3458,'3052',15),(3459,'3055',15),(3460,'3057',15),(3461,'3061',15),(3462,'3062',15),(3463,'3063',15),(3464,'3066',15),(3465,'3068',15),(3466,'3069',15),(3467,'3071',15),(3468,'3077',15),(3469,'3079',15),(3470,'3081',15),(3471,'3083',15),(3472,'3092',15),(3473,'3093',15),(3474,'3095',15),(3475,'3101',15),(3476,'3121',15),(3477,'3125',15),(3478,'3126',15),(3479,'3136',15),(3480,'3140',15),(3481,'3148',15),(3482,'3149',15),(3483,'3150',15),(3484,'3152',15),(3485,'3157',15),(3486,'3158',15),(3487,'3161',15),(3488,'3166',15),(3489,'3167',15),(3490,'3171',15),(3491,'3172',15),(3492,'3174',15),(3493,'3177',15),(3494,'3181',15),(3495,'3183',15),(3496,'3184',15),(3497,'3185',15),(3498,'3188',15),(3499,'3195',15),(3500,'3196',15),(3501,'3199',15),(3502,'3201',15),(3503,'3208',15),(3504,'3212',15),(3505,'3221',15),(3506,'3230',15),(3507,'3232',15),(3508,'3234',15),(3509,'3237',15),(3510,'3242',15),(3511,'3245',15),(3512,'3247',15),(3513,'3249',15),(3514,'3250',15),(3515,'3253',15),(3516,'3257',15),(3517,'3258',15),(3518,'3259',15),(3519,'3269',15),(3520,'3270',15),(3521,'3272',15),(3522,'3276',15),(3523,'3280',15),(3524,'3284',15),(3525,'3285',15),(3526,'3297',15),(3527,'3299',15),(3528,'3301',15),(3529,'3307',15),(3530,'3311',15),(3531,'3313',15),(3532,'3314',15),(3533,'3321',15),(3534,'3322',15),(3535,'3325',15),(3536,'3329',15),(3537,'3333',15),(3538,'3337',15),(3539,'3338',15),(3540,'3339',15),(3541,'3340',15),(3542,'3341',15),(3543,'3343',15),(3544,'3344',15),(3545,'3347',15),(3546,'3348',15),(3547,'3350',15),(3548,'3351',15),(3549,'3358',15),(3550,'3360',15),(3551,'3361',15),(3552,'3364',15),(3553,'3365',15),(3554,'3366',15),(3555,'3367',15),(3556,'3368',15),(3557,'3369',15),(3558,'3372',15),(3559,'3373',15),(3560,'3374',15),(3561,'3375',15),(3562,'3377',15),(3563,'3379',15),(3564,'3380',15),(3565,'3381',15),(3566,'3382',15),(3567,'3383',15),(3568,'3384',15),(3569,'3385',15),(3570,'3386',15),(3571,'3387',15),(3572,'3388',15),(3573,'3392',15),(3574,'3393',15),(3575,'3397',15),(3576,'3398',15),(3577,'3400',15),(3578,'3401',15),(3579,'3403',15),(3580,'3408',15),(3581,'3413',15),(3582,'3417',15),(3583,'3419',15),(3584,'3420',15),(3585,'3421',15),(3586,'3425',15),(3587,'3427',15),(3588,'3428',15),(3589,'3430',15),(3590,'3435',15),(3591,'3438',15),(3592,'3443',15),(3593,'3444',15),(3594,'3445',15),(3595,'3448',15),(3596,'3449',15),(3597,'3450',15),(3598,'3452',15),(3599,'3455',15),(3600,'3458',15),(3601,'3460',15),(3602,'3461',15),(3603,'3463',15),(3604,'3466',15),(3605,'3467',15),(3606,'3468',15),(3607,'3472',15),(3608,'3474',15),(3609,'3476',15),(3610,'3477',15),(3611,'3479',15),(3612,'3483',15),(3613,'3484',15),(3614,'3490',15),(3615,'3493',15),(3616,'3494',15),(3617,'3495',15),(3618,'3497',15),(3619,'3498',15),(3620,'3500',15),(3621,'3501',15),(3622,'3502',15),(3623,'3505',15),(3624,'3508',15),(3625,'3510',15),(3626,'3511',15),(3627,'3512',15),(3628,'3514',15),(3629,'3516',15),(3630,'3517',15),(3631,'3519',15),(3632,'3520',15),(3633,'3521',15),(3634,'3522',15),(3635,'3525',15),(3636,'3527',15),(3637,'3528',15),(3638,'3529',15),(3639,'3530',15),(3640,'3537',15),(3641,'3538',15),(3642,'3539',15),(3643,'3542',15),(3644,'3544',15),(3645,'3545',15),(3646,'3548',15),(3647,'3549',15),(3648,'3550',15),(3649,'3551',15),(3650,'3554',15),(3651,'3555',15),(3652,'3556',15),(3653,'3559',15),(3654,'3589',15),(3655,'3649',15),(3656,'A2439',15),(3657,'a2441',15),(3658,'A2446',15),(3659,'A2450',15),(3660,'1385',15),(3661,'2589',15),(3662,'2598',15),(3663,'2644',15),(3664,'2697',15),(3665,'2745',15),(3666,'2843',15),(3667,'2844',15),(3668,'2867',15),(3669,'3036',15),(3670,'3048',15),(3671,'3096',15),(3672,'3118',15),(3673,'3176',15),(3674,'3235',15),(3675,'3264',15),(3676,'3277',15),(3677,'3315',15),(3678,'3352',15),(3679,'3434',15),(3680,'3524',15),(3681,'3526',15),(3682,'1',16),(3683,'2',16),(3684,'3',16),(3685,'4',16),(3686,'5',16),(3687,'6',16),(3688,'7',16),(3689,'8',16),(3690,'9',16),(3691,'10',16),(3692,'11',16),(3693,'12',16),(3694,'13',16),(3695,'14',16),(3696,'15',16),(3697,'16',16),(3698,'17',16),(3699,'18',16),(3700,'19',16),(3701,'20',16),(3702,'21',16),(3703,'22',16),(3704,'23',16),(3705,'24',16),(3706,'25',16),(3707,'26',16),(3708,'28',16),(3709,'29',16),(3710,'30',16),(3711,'31',16),(3712,'32',16),(3713,'33',16),(3714,'34',16),(3715,'35',16),(3716,'36',16),(3717,'37',16),(3718,'38',16),(3719,'39',16),(3720,'40',16),(3721,'41',16),(3722,'42',16),(3723,'43',16),(3724,'44',16),(3725,'45',16),(3726,'46',16),(3727,'47',16),(3728,'48',16),(3729,'49',16),(3730,'50',16),(3731,'51',16),(3732,'52',16),(3733,'53',16),(3734,'54',16),(3735,'55',16),(3736,'56',16),(3737,'57',16),(3738,'58',16),(3739,'59',16),(3740,'60',16),(3741,'61',16),(3742,'62',16),(3743,'63',16),(3744,'64',16),(3745,'65',16),(3746,'66',16),(3747,'67',16),(3748,'68',16),(3749,'69',16),(3750,'70',16),(3751,'71',16),(3752,'72',16),(3753,'73',16),(3754,'74',16),(3755,'75',16),(3756,'76',16),(3757,'77',16),(3758,'78',16),(3759,'79',16),(3760,'80',16),(3761,'81',16),(3762,'82',16),(3763,'83',16),(3764,'84',16),(3765,'85',16),(3766,'86',16),(3767,'87',16),(3768,'88',16),(3769,'89',16),(3770,'90',16),(3771,'91',16),(3772,'92',16),(3773,'93',16),(3774,'94',16),(3775,'95',16),(3776,'96',16),(3777,'97',16),(3778,'98',16),(3779,'99',16),(3780,'100',16),(3781,'101',16),(3782,'102',16),(3783,'103',16),(3784,'104',16),(3785,'105',16),(3786,'106',16),(3787,'107',16),(3788,'108',16),(3789,'109',16),(3790,'110',16),(3791,'111',16),(3792,'112',16),(3793,'113',16),(3794,'114',16),(3795,'115',16),(3796,'116',16),(3797,'117',16),(3798,'118',16),(3799,'119',16),(3800,'120',16),(3801,'121',16),(3802,'122',16),(3803,'123',16),(3804,'124',16),(3805,'125',16),(3806,'126',16),(3807,'127',16),(3808,'128',16),(3809,'129',16),(3810,'130',16),(3811,'131',16),(3812,'132',16),(3813,'133',16),(3814,'134',16),(3815,'135',16),(3816,'136',16),(3817,'137',16),(3818,'138',16),(3819,'139',16),(3820,'140',16),(3821,'141',16),(3822,'142',16),(3823,'143',16),(3824,'144',16),(3825,'145',16),(3826,'146',16),(3827,'147',16),(3828,'148',16),(3829,'149',16),(3830,'150',16),(3831,'151',16),(3832,'152',16),(3833,'153',16),(3834,'154',16),(3835,'155',16),(3836,'156',16),(3837,'157',16),(3838,'158',16),(3839,'159',16),(3840,'160',16),(3841,'161',16),(3842,'162',16),(3843,'163',16),(3844,'164',16),(3845,'165',16),(3846,'166',16),(3847,'167',16),(3848,'168',16),(3849,'169',16),(3850,'170',16),(3851,'171',16),(3852,'172',16),(3853,'173',16),(3854,'2006',15),(3855,'2890',15),(3856,'3160',15);
/*!40000 ALTER TABLE `cattle` ENABLE KEYS */;
UNLOCK TABLES;

--
-- Table structure for table `dairies`
--

DROP TABLE IF EXISTS `dairies`;
/*!40101 SET @saved_cs_client     = @@character_set_client */;
/*!40101 SET character_set_client = utf8 */;
CREATE TABLE `dairies` (
  `id` int(11) NOT NULL AUTO_INCREMENT,
  `name` varchar(250) DEFAULT NULL,
  `email` varchar(250) DEFAULT NULL,
  `phone` varchar(250) DEFAULT NULL,
  `owner_id` int(11) DEFAULT NULL,
  `veterinary_id` int(11) DEFAULT NULL,
  `location` tinytext,
  `industry` varchar(250) CHARACTER SET big5 DEFAULT NULL,
  PRIMARY KEY (`id`)
) ENGINE=InnoDB AUTO_INCREMENT=17 DEFAULT CHARSET=utf8;
/*!40101 SET character_set_client = @saved_cs_client */;

--
-- Dumping data for table `dairies`
--

LOCK TABLES `dairies` WRITE;
/*!40000 ALTER TABLE `dairies` DISABLE KEYS */;
INSERT INTO `dairies` VALUES (15,'Tambo 1','','',NULL,12,'',''),(16,'Tambo 2','','',NULL,12,'','');
/*!40000 ALTER TABLE `dairies` ENABLE KEYS */;
UNLOCK TABLES;

--
-- Table structure for table `dairy_control`
--

DROP TABLE IF EXISTS `dairy_control`;
/*!40101 SET @saved_cs_client     = @@character_set_client */;
/*!40101 SET character_set_client = utf8 */;
CREATE TABLE `dairy_control` (
  `id` int(11) NOT NULL AUTO_INCREMENT,
  `nop` int(11) DEFAULT NULL COMMENT 'Numero ordinal de parto, 1 o 2 y mas',
  `dl` int(11) DEFAULT NULL COMMENT 'Dia Lactancia, cuanto hace que pario',
  `rcs` int(11) DEFAULT NULL,
  `mc` tinyint(1) DEFAULT NULL,
  `liters_milk` decimal(10,2) DEFAULT NULL,
  `cow_id` int(11) NOT NULL,
  `schema_id` int(11) NOT NULL,
  `date_dl` date DEFAULT NULL,
  `perdida` decimal(10,2) DEFAULT NULL,
  `dml` decimal(10,2) DEFAULT NULL,
  PRIMARY KEY (`id`),
  KEY `fk_dairy_control_cattle1_idx` (`cow_id`),
  KEY `fk_dairy_control_schema1_idx` (`schema_id`),
  CONSTRAINT `fk_dairy_control_cattle1` FOREIGN KEY (`cow_id`) REFERENCES `cattle` (`id`) ON DELETE NO ACTION ON UPDATE NO ACTION,
  CONSTRAINT `fk_dairy_control_schema1` FOREIGN KEY (`schema_id`) REFERENCES `schema_controls` (`id`) ON DELETE CASCADE ON UPDATE NO ACTION
) ENGINE=InnoDB AUTO_INCREMENT=39466 DEFAULT CHARSET=latin1;
/*!40101 SET character_set_client = @saved_cs_client */;

--
-- Dumping data for table `dairy_control`
--

LOCK TABLES `dairy_control` WRITE;
/*!40000 ALTER TABLE `dairy_control` DISABLE KEYS */;
INSERT INTO `dairy_control` VALUES (37098,2,2093,1004,1,24.60,3264,87,'2009-09-01',1.80,8.84),(37099,2,2438,188,1,17.00,3265,87,'2008-09-21',1.80,5.83),(37100,2,2236,3415,1,19.00,3266,87,'2009-04-11',1.80,11.04),(37101,2,2555,312,1,15.80,3267,87,'2008-05-27',1.80,6.74),(37102,2,1884,NULL,0,14.00,3268,87,'2010-03-29',NULL,NULL),(37103,2,2050,71,1,29.20,3269,87,'2009-10-14',1.80,4.07),(37104,2,2104,15,1,28.00,3270,87,'2009-08-21',1.80,1.27),(37105,2,2214,60,1,15.20,3271,87,'2009-05-03',1.80,3.77),(37106,2,1928,115,1,14.00,3272,87,'2010-02-13',1.80,4.94),(37107,2,2505,2245,1,11.20,3273,87,'2008-07-16',1.80,10.29),(37108,2,2249,84,1,31.60,3274,87,'2009-03-29',1.80,4.38),(37109,2,2322,533,1,9.40,3275,87,'2009-01-15',1.80,7.70),(37110,2,2028,403,1,24.60,3276,87,'2009-11-05',1.80,7.20),(37111,2,2277,100,1,15.40,3277,87,'2009-03-01',1.80,4.69),(37112,2,2210,NULL,0,19.80,3278,87,'2009-05-07',NULL,NULL),(37113,2,2498,419,1,17.40,3279,87,'2008-07-23',1.80,7.27),(37114,2,2229,671,1,24.00,3280,87,'2009-04-18',1.80,8.12),(37115,2,2279,546,1,23.40,3281,87,'2009-02-27',1.80,7.74),(37116,2,2226,175,1,24.60,3282,87,'2009-04-21',1.80,5.70),(37117,2,2200,216,1,22.40,3283,87,'2009-05-17',1.80,6.08),(37118,2,2209,1526,1,17.20,3284,87,'2009-05-08',1.80,9.59),(37119,2,2365,139,1,8.60,3285,87,'2008-12-03',1.80,5.28),(37120,2,2014,3145,1,25.00,3286,87,'2009-11-19',1.80,10.90),(37121,2,2181,73,1,19.60,3287,87,'2009-06-05',1.80,4.12),(37122,2,2487,228,1,25.60,3288,87,'2008-08-03',1.80,6.17),(37123,2,2217,1441,1,24.40,3289,87,'2009-04-30',1.80,9.49),(37124,2,1991,251,1,18.20,3290,87,'2009-12-12',1.80,6.35),(37125,2,2204,259,1,23.20,3291,87,'2009-05-13',1.80,6.40),(37126,2,2238,168,1,29.20,3293,87,'2009-04-09',1.80,5.62),(37127,2,2353,608,1,20.40,3294,87,'2008-12-15',1.80,7.94),(37128,2,2218,133,1,27.00,3295,87,'2009-04-29',1.80,5.20),(37129,2,2606,228,1,20.20,3296,87,'2008-04-06',1.80,6.17),(37130,2,1911,2305,1,27.20,3297,87,'2010-03-02',1.80,10.34),(37131,2,1897,741,1,14.60,3298,87,'2010-03-16',1.80,8.29),(37132,2,0,600,1,14.20,3299,87,'2015-05-26',0.88,3.87),(37133,2,2237,238,1,23.80,3300,87,'2009-04-10',1.80,6.25),(37134,2,2497,260,1,21.60,3301,87,'2008-07-24',1.80,6.41),(37135,2,2151,1755,1,15.20,3302,87,'2009-07-05',1.80,9.85),(37136,2,0,1287,1,25.00,3303,87,'2015-05-26',0.88,4.54),(37137,2,2581,453,1,15.00,3304,87,'2008-05-01',1.80,7.41),(37138,2,2224,93,1,30.20,3305,87,'2009-04-23',1.80,4.56),(37139,2,2186,68,1,18.80,3306,87,'2009-05-31',1.80,4.00),(37140,2,1920,3645,1,14.20,3307,87,'2010-02-21',1.80,11.16),(37141,2,2416,1190,1,22.20,3308,87,'2008-10-13',1.80,9.15),(37142,2,2266,127,1,19.40,3309,87,'2009-03-12',1.80,5.12),(37143,2,2355,1264,1,17.40,3310,87,'2008-12-13',1.80,9.26),(37144,2,0,426,1,31.60,3311,87,'2015-05-26',0.88,3.57),(37145,2,2214,1476,1,29.40,3312,87,'2009-05-03',1.80,9.53),(37146,2,2067,86,1,36.20,3313,87,'2009-09-27',1.80,4.42),(37147,2,2649,529,1,11.60,3314,87,'2008-02-23',1.80,7.69),(37148,2,2269,335,1,24.00,3315,87,'2009-03-09',1.80,6.87),(37149,2,2244,133,1,17.00,3316,87,'2009-04-03',1.80,5.20),(37150,2,2651,324,1,26.40,3317,87,'2008-02-21',1.80,6.81),(37151,2,2165,2883,1,29.40,3318,87,'2009-06-21',1.80,10.74),(37152,2,2206,42,1,26.60,3319,87,'2009-05-11',1.80,3.13),(37153,2,2260,70,1,22.80,3320,87,'2009-03-18',1.80,4.05),(37154,2,2466,224,1,17.80,3321,87,'2008-08-24',1.80,6.14),(37155,2,2355,187,1,23.00,3322,87,'2008-12-13',1.80,5.82),(37156,2,0,1049,1,14.00,3323,87,'2015-05-26',0.88,4.36),(37157,2,2167,150,1,29.60,3324,87,'2009-06-19',1.80,5.42),(37158,2,2476,643,1,26.60,3325,87,'2008-08-14',1.80,8.04),(37159,2,2214,167,1,25.20,3326,87,'2009-05-03',1.80,5.61),(37160,2,2231,4,1,33.40,3327,87,'2009-04-16',1.80,0.00),(37161,2,2244,8,1,24.60,3328,87,'2009-04-03',1.80,0.14),(37162,2,0,68,1,24.60,3329,87,'2015-05-26',0.88,1.95),(37163,2,2560,473,1,27.40,3330,87,'2008-05-22',1.80,7.49),(37164,2,2147,521,1,31.80,3331,87,'2009-07-09',1.80,7.66),(37165,2,2209,590,1,30.00,3332,87,'2009-05-08',1.80,7.88),(37166,2,1884,488,1,21.00,3333,87,'2010-03-29',1.80,7.54),(37167,2,1926,259,1,17.00,3334,87,'2010-02-15',1.80,6.40),(37168,2,1962,206,1,30.20,3336,87,'2010-01-10',1.80,5.99),(37169,2,2238,432,1,17.00,3337,87,'2009-04-09',1.80,7.32),(37170,2,2279,2563,1,26.20,3338,87,'2009-02-27',1.80,10.53),(37171,2,1889,113,1,20.20,3339,87,'2010-03-24',1.80,4.91),(37172,2,2009,150,1,37.20,3340,87,'2009-11-24',1.80,5.42),(37173,2,2206,1209,1,25.60,3341,87,'2009-05-11',1.80,9.18),(37174,2,2046,8,1,25.00,3342,87,'2009-10-18',1.80,0.14),(37175,2,2199,381,1,25.80,3343,87,'2009-05-18',1.80,7.10),(37176,2,2272,2410,1,24.00,3344,87,'2009-03-06',1.80,10.42),(37177,2,2165,101,1,33.20,3345,87,'2009-06-21',1.80,4.71),(37178,2,2518,538,1,24.80,3346,87,'2008-07-03',1.80,7.72),(37179,2,0,1589,1,4.80,3347,87,'2015-05-26',0.88,4.73),(37180,2,2200,13,1,29.80,3348,87,'2009-05-17',1.80,1.02),(37181,2,2276,230,1,25.20,3349,87,'2009-03-02',1.80,6.19),(37182,2,2065,286,1,19.20,3350,87,'2009-09-29',1.80,6.58),(37183,2,2507,379,1,22.00,3351,87,'2008-07-14',1.80,7.09),(37184,2,2116,297,1,30.00,3352,87,'2009-08-09',1.80,6.65),(37185,2,2288,155,1,22.80,3353,87,'2009-02-18',1.80,5.48),(37186,2,2277,725,1,16.20,3354,87,'2009-03-01',1.80,8.26),(37187,2,1892,10,1,34.20,3355,87,'2010-03-21',1.80,0.54),(37188,2,2294,138,1,29.00,3356,87,'2009-02-12',1.80,5.27),(37189,2,2104,190,1,38.80,3357,87,'2009-08-21',1.80,5.84),(37190,2,2152,344,1,33.20,3358,87,'2009-07-04',1.80,6.91),(37191,2,2108,1992,1,26.00,3359,87,'2009-08-17',1.80,10.07),(37192,2,2253,77,1,30.20,3361,87,'2009-03-25',1.80,4.22),(37193,2,2513,3054,1,18.40,3362,87,'2008-07-08',1.80,10.84),(37194,2,1987,1240,1,33.00,3363,87,'2009-12-16',1.80,9.22),(37195,2,2610,169,1,15.60,3364,87,'2008-04-02',1.80,5.63),(37196,2,2210,181,1,24.00,3365,87,'2009-05-07',1.80,5.76),(37197,2,2154,121,1,43.60,3366,87,'2009-07-02',1.80,5.03),(37198,2,2058,4,1,42.80,3367,87,'2009-10-06',1.80,0.00),(37199,2,2679,409,1,17.00,3368,87,'2008-01-24',1.80,7.22),(37200,2,2163,170,1,31.60,3369,87,'2009-06-23',1.80,5.64),(37201,2,1961,410,1,17.60,3370,87,'2010-01-11',1.80,7.23),(37202,2,2197,241,1,30.60,3371,87,'2009-05-20',1.80,6.27),(37203,2,0,346,1,19.40,3372,87,'2015-05-26',0.88,3.38),(37204,2,0,NULL,0,16.20,3373,87,'2015-05-26',NULL,NULL),(37205,2,2180,857,1,31.00,3374,87,'2009-06-06',1.80,8.56),(37206,2,2116,11,1,33.60,3376,87,'2009-08-09',1.80,0.72),(37207,2,1942,2278,1,19.00,3377,87,'2010-01-30',1.80,10.32),(37208,2,0,444,1,25.80,3378,87,'2015-05-26',0.88,3.60),(37209,2,1918,681,1,21.40,3379,87,'2010-02-23',1.80,8.14),(37210,2,1986,267,1,14.20,3380,87,'2009-12-17',1.80,6.46),(37211,2,2106,12,1,38.40,3381,87,'2009-08-19',1.80,0.87),(37212,2,2121,13,1,37.20,3382,87,'2009-08-04',1.80,1.02),(37213,2,1916,237,1,16.20,3383,87,'2010-02-25',1.80,6.24),(37214,2,2063,2,1,22.80,3384,87,'2009-10-01',1.80,0.00),(37215,2,2415,1008,1,22.40,3385,87,'2008-10-14',1.80,8.85),(37216,2,2124,614,1,34.60,3386,87,'2009-08-01',1.80,7.96),(37217,2,2127,NULL,0,20.40,3387,87,'2009-07-29',NULL,NULL),(37218,2,2174,1366,1,26.00,3388,87,'2009-06-12',1.80,9.40),(37219,2,2293,192,1,29.20,3389,87,'2009-02-13',1.80,5.86),(37220,2,2253,1022,1,17.40,3390,87,'2009-03-25',1.80,8.87),(37221,2,2276,15,1,22.60,3391,87,'2009-03-02',1.80,1.27),(37222,2,2193,226,1,29.00,3392,87,'2009-05-24',1.80,6.16),(37223,2,2015,446,1,33.40,3393,87,'2009-11-18',1.80,7.38),(37224,2,0,153,1,19.40,3394,87,'2015-05-26',0.88,2.67),(37225,2,2239,271,1,20.20,3395,87,'2009-04-08',1.80,6.48),(37226,2,2275,12,1,21.20,3396,87,'2009-03-03',1.80,0.87),(37227,2,2249,1168,1,23.00,3397,87,'2009-03-29',1.80,9.11),(37228,2,2059,131,1,41.60,3398,87,'2009-10-05',1.80,5.18),(37229,2,2074,110,1,23.60,3399,87,'2009-09-20',1.80,4.86),(37230,2,2358,171,1,25.20,3400,87,'2008-12-10',1.80,5.65),(37231,2,2279,67,1,27.40,3401,87,'2009-02-27',1.80,3.97),(37232,2,2139,14,1,28.40,3402,87,'2009-07-17',1.80,1.15),(37233,2,2655,365,1,13.00,3403,87,'2008-02-17',1.80,7.02),(37234,2,2103,351,1,32.80,3404,87,'2009-08-22',1.80,6.95),(37235,2,2052,28,1,44.80,3405,87,'2009-10-12',1.80,2.40),(37236,2,2492,387,1,19.60,3406,87,'2008-07-29',1.80,7.13),(37237,2,2183,337,1,33.20,3407,87,'2009-06-03',1.80,6.88),(37238,2,1899,343,1,21.00,3408,87,'2010-03-14',1.80,6.91),(37239,2,2094,95,1,41.40,3409,87,'2009-08-31',1.80,4.60),(37240,2,1892,152,1,20.40,3410,87,'2010-03-21',1.80,5.44),(37241,2,2308,23,1,22.80,3411,87,'2009-01-29',1.80,2.04),(37242,2,2504,216,1,23.60,3412,87,'2008-07-17',1.80,6.08),(37243,2,2266,608,1,16.00,3413,87,'2009-03-12',1.80,7.94),(37244,2,1893,109,1,18.60,3414,87,'2010-03-20',1.80,4.84),(37245,2,2225,13,1,43.00,3415,87,'2009-04-22',1.80,1.02),(37246,2,1997,1161,1,7.60,3416,87,'2009-12-06',1.80,9.10),(37247,2,2209,6,1,23.00,3417,87,'2009-05-08',1.80,0.00),(37248,2,2592,71,1,19.20,3418,87,'2008-04-20',1.80,4.07),(37249,2,2134,3,1,29.40,3419,87,'2009-07-22',1.80,0.00),(37250,2,1998,226,1,20.80,3420,87,'2009-12-05',1.80,6.16),(37251,2,1997,48,1,33.60,3421,87,'2009-12-06',1.80,3.37),(37252,2,0,61,1,28.80,3422,87,'2015-05-26',0.88,1.86),(37253,2,2167,116,1,17.60,3423,87,'2009-06-19',1.80,4.96),(37254,2,2226,64,1,19.40,3424,87,'2009-04-21',1.80,3.89),(37255,2,0,1287,1,35.80,3425,87,'2015-05-26',0.88,4.54),(37256,2,2022,103,1,48.00,3426,87,'2009-11-11',1.80,4.74),(37257,2,2132,897,1,33.40,3427,87,'2009-07-24',1.80,8.64),(37258,2,2188,1101,1,19.60,3428,87,'2009-05-29',1.80,9.01),(37259,2,2188,289,1,25.80,3429,87,'2009-05-29',1.80,6.60),(37260,2,2032,385,1,41.40,3430,87,'2009-11-01',1.80,7.12),(37261,2,0,863,1,31.80,3431,87,'2015-05-26',0.88,4.19),(37262,2,2210,107,1,21.40,3432,87,'2009-05-07',1.80,4.81),(37263,2,2063,467,1,24.40,3433,87,'2009-10-01',1.80,7.46),(37264,2,2057,81,1,37.40,3434,87,'2009-10-07',1.80,4.31),(37265,2,2243,8,1,31.40,3435,87,'2009-04-04',1.80,0.14),(37266,2,1887,157,1,21.20,3436,87,'2010-03-26',1.80,5.50),(37267,2,2214,172,1,33.60,3437,87,'2009-05-03',1.80,5.67),(37268,2,2231,1394,1,22.80,3438,87,'2009-04-16',1.80,9.43),(37269,2,2249,176,1,20.60,3439,87,'2009-03-29',1.80,5.71),(37270,2,2079,2427,1,33.60,3440,87,'2009-09-15',1.80,10.43),(37271,2,2196,148,1,34.80,3441,87,'2009-05-21',1.80,5.39),(37272,2,2045,197,1,31.80,3442,87,'2009-10-19',1.80,5.91),(37273,2,2139,173,1,26.60,3443,87,'2009-07-17',1.80,5.68),(37274,2,2158,58,1,23.20,3444,87,'2009-06-28',1.80,3.71),(37275,2,2156,2,1,35.20,3445,87,'2009-06-30',1.80,0.00),(37276,2,2233,330,1,27.00,3446,87,'2009-04-14',1.80,6.84),(37277,2,2162,1527,1,31.00,3447,87,'2009-06-24',1.80,9.60),(37278,2,2193,1726,1,38.00,3448,87,'2009-05-24',1.80,9.82),(37279,2,1897,70,1,15.40,3449,87,'2010-03-16',1.80,4.05),(37280,2,2083,53,1,31.80,3450,87,'2009-09-11',1.80,3.55),(37281,2,1892,2311,1,23.20,3451,87,'2010-03-21',1.80,10.34),(37282,2,2162,193,1,22.00,3452,87,'2009-06-24',1.80,5.87),(37283,2,2463,66,1,27.00,3453,87,'2008-08-27',1.80,3.94),(37284,1,2611,288,1,9.60,3454,87,'2008-04-01',0.52,1.90),(37285,2,2066,7,1,40.00,3455,87,'2009-09-28',1.80,0.00),(37286,2,1923,190,1,21.80,3456,87,'2010-02-18',1.80,5.84),(37287,2,1910,513,1,18.60,3457,87,'2010-03-03',1.80,7.63),(37288,2,2099,7,1,34.00,3458,87,'2009-08-26',1.80,0.00),(37289,2,2284,200,1,20.20,3459,87,'2009-02-22',1.80,5.94),(37290,2,0,363,1,19.00,3460,87,'2015-05-26',0.88,3.43),(37291,2,0,98,1,31.40,3461,87,'2015-05-26',0.88,2.27),(37292,2,2205,215,1,15.00,3462,87,'2009-05-12',1.80,6.07),(37293,2,2500,470,1,24.20,3463,87,'2008-07-21',1.80,7.47),(37294,2,1884,126,1,22.80,3464,87,'2010-03-29',1.80,5.11),(37295,2,2181,57,1,22.60,3465,87,'2009-06-05',1.80,3.68),(37296,2,2170,147,1,32.40,3466,87,'2009-06-16',1.80,5.38),(37297,2,1934,12,1,15.60,3467,87,'2010-02-07',1.80,0.87),(37298,2,2133,26,1,27.40,3468,87,'2009-07-23',1.80,2.26),(37299,2,2231,4,1,29.40,3469,87,'2009-04-16',1.80,0.00),(37300,2,0,3163,1,39.80,3470,87,'2015-05-26',0.88,5.33),(37301,2,2524,90,1,19.80,3471,87,'2008-06-27',1.80,4.50),(37302,2,2449,114,1,21.40,3472,87,'2008-09-10',1.80,4.93),(37303,2,2505,183,1,23.60,3473,87,'2008-07-16',1.80,5.78),(37304,2,2181,131,1,32.40,3474,87,'2009-06-05',1.80,5.18),(37305,2,2162,81,1,31.40,3475,87,'2009-06-24',1.80,4.31),(37306,2,2106,5,1,31.00,3476,87,'2009-08-19',1.80,0.00),(37307,2,2241,5,1,34.80,3477,87,'2009-04-06',1.80,0.00),(37308,2,2013,6,1,37.80,3478,87,'2009-11-20',1.80,0.00),(37309,2,2104,5,1,36.40,3479,87,'2009-08-21',1.80,0.00),(37310,2,2510,344,1,10.20,3480,87,'2008-07-11',1.80,6.91),(37311,2,2045,5,1,39.20,3481,87,'2009-10-19',1.80,0.00),(37312,2,2051,60,1,38.40,3482,87,'2009-10-13',1.80,3.77),(37313,2,2158,45,1,29.60,3483,87,'2009-06-28',1.80,3.25),(37314,2,1898,1624,1,19.40,3484,87,'2010-03-15',1.80,9.71),(37315,2,2111,48,1,31.60,3485,87,'2009-08-14',1.80,3.37),(37316,2,2044,13,1,38.20,3486,87,'2009-10-20',1.80,1.02),(37317,2,2041,51,1,41.00,3487,87,'2009-10-23',1.80,3.48),(37318,1,2600,152,1,11.00,3488,87,'2008-04-12',0.52,1.57),(37319,2,2208,95,1,32.80,3489,87,'2009-05-09',1.80,4.60),(37320,2,2209,6,1,21.80,3490,87,'2009-05-08',1.80,0.00),(37321,2,2180,236,1,34.80,3491,87,'2009-06-06',1.80,6.23),(37322,2,1900,210,1,9.20,3492,87,'2010-03-13',1.80,6.02),(37323,2,2064,51,1,45.40,3493,87,'2009-09-30',1.80,3.48),(37324,2,1935,31,1,17.20,3494,87,'2010-02-06',1.80,2.58),(37325,2,2073,330,1,41.00,3495,87,'2009-09-21',1.80,6.84),(37326,2,2157,295,1,22.60,3496,87,'2009-06-29',1.80,6.64),(37327,2,1883,1916,1,26.20,3497,87,'2010-03-30',1.80,10.00),(37328,2,2151,259,1,28.60,3498,87,'2009-07-05',1.80,6.40),(37329,1,2214,86,1,35.60,3499,87,'2009-05-03',0.52,1.28),(37330,2,2159,62,1,23.00,3500,87,'2009-06-27',1.80,3.83),(37331,2,2065,204,1,42.00,3501,87,'2009-09-29',1.80,5.97),(37332,2,2193,95,1,17.80,3502,87,'2009-05-24',1.80,4.60),(37333,2,2224,200,1,27.40,3503,87,'2009-04-23',1.80,5.94),(37334,2,2052,107,1,36.60,3504,87,'2009-10-12',1.80,4.81),(37335,2,2211,61,1,34.60,3505,87,'2009-05-06',1.80,3.80),(37336,2,1962,1773,1,13.40,3506,87,'2010-01-10',1.80,9.86),(37337,2,2206,53,1,21.40,3507,87,'2009-05-11',1.80,3.55),(37338,2,2166,56,1,30.00,3508,87,'2009-06-20',1.80,3.65),(37339,1,2516,222,1,14.60,3509,87,'2008-07-05',0.52,1.77),(37340,2,2502,4,1,20.80,3510,87,'2008-07-19',1.80,0.00),(37341,2,1931,188,1,12.60,3511,87,'2010-02-10',1.80,5.83),(37342,2,2210,71,1,24.00,3512,87,'2009-05-07',1.80,4.07),(37343,2,2197,91,1,28.20,3513,87,'2009-05-20',1.80,4.52),(37344,2,2160,132,1,24.40,3515,87,'2009-06-26',1.80,5.19),(37345,2,2208,192,1,25.20,3516,87,'2009-05-09',1.80,5.86),(37346,1,2609,118,1,22.60,3517,87,'2008-04-03',0.52,1.44),(37347,1,2583,90,1,13.00,3518,87,'2008-04-29',0.52,1.30),(37348,2,2063,431,1,31.40,3519,87,'2009-10-01',1.80,7.32),(37349,2,2089,15,1,19.40,3520,87,'2009-09-05',1.80,1.27),(37350,2,2022,67,1,12.60,3521,87,'2009-11-11',1.80,3.97),(37351,2,1896,210,1,32.60,3522,87,'2010-03-17',1.80,6.02),(37352,2,2228,12,1,30.40,3523,87,'2009-04-19',1.80,0.87),(37353,2,2078,78,1,33.20,3524,87,'2009-09-16',1.80,4.24),(37354,1,2358,1205,1,20.40,3525,87,'2008-12-10',0.52,2.65),(37355,2,2116,14,1,25.80,3526,87,'2009-08-09',1.80,1.15),(37356,2,2003,412,1,37.20,3527,87,'2009-11-30',1.80,7.24),(37357,1,2436,62,1,10.00,3528,87,'2008-09-23',0.52,1.11),(37358,2,2012,527,1,29.00,3529,87,'2009-11-21',1.80,7.68),(37359,1,2075,3350,1,32.80,3530,87,'2009-09-19',0.52,3.18),(37360,1,2221,128,1,25.60,3531,87,'2009-04-26',0.52,1.48),(37361,1,2338,56,1,25.00,3532,87,'2008-12-30',0.52,1.05),(37362,2,2092,128,1,36.00,3533,87,'2009-09-02',1.80,5.13),(37363,2,1989,462,1,36.20,3535,87,'2009-12-14',1.80,7.44),(37364,2,2047,514,1,36.80,3536,87,'2009-10-17',1.80,7.64),(37365,2,2089,7,1,33.00,3537,87,'2009-09-05',1.80,0.00),(37366,1,2436,56,1,20.60,3538,87,'2008-09-23',0.52,1.05),(37367,2,1877,1623,1,16.20,3539,87,'2010-04-05',1.80,9.71),(37368,1,2365,941,1,21.60,3540,87,'2008-12-03',0.52,2.52),(37369,2,1985,4,1,28.00,3541,87,'2009-12-18',1.80,0.00),(37370,2,1998,121,1,23.60,3542,87,'2009-12-05',1.80,5.03),(37371,1,2434,298,1,21.40,3543,87,'2008-09-25',0.52,1.92),(37372,1,2412,133,1,18.40,3544,87,'2008-10-17',0.52,1.50),(37373,1,2431,2,1,24.40,3545,87,'2008-09-28',0.52,0.00),(37374,1,2366,14,1,19.60,3546,87,'2008-12-02',0.52,0.33),(37375,2,1924,212,1,9.40,3547,87,'2010-02-17',1.80,6.04),(37376,1,2444,123,1,15.00,3548,87,'2008-09-15',0.52,1.46),(37377,2,2062,4,1,32.00,3549,87,'2009-10-02',1.80,0.00),(37378,2,2020,NULL,0,24.00,3550,87,'2009-11-13',NULL,NULL),(37379,1,2137,116,1,27.20,3551,87,'2009-07-19',0.52,1.43),(37380,1,2438,223,1,23.80,3552,87,'2008-09-21',0.52,1.77),(37381,1,2456,135,1,24.20,3553,87,'2008-09-03',0.52,1.51),(37382,1,2013,10,1,20.20,3554,87,'2009-11-20',0.52,0.16),(37383,2,1991,164,1,25.60,3555,87,'2009-12-12',1.80,5.58),(37384,1,2431,185,1,26.20,3556,87,'2008-09-28',0.52,1.67),(37385,1,2251,10,1,23.60,3557,87,'2009-03-27',0.52,0.16),(37386,2,2007,61,1,32.80,3558,87,'2009-11-26',1.80,3.80),(37387,1,2227,102,1,24.00,3559,87,'2009-04-20',0.52,1.36),(37388,1,2211,126,1,17.00,3560,87,'2009-05-06',0.52,1.47),(37389,2,2036,11,1,17.80,3561,87,'2009-10-28',1.80,0.72),(37390,2,1892,154,1,20.80,3562,87,'2010-03-21',1.80,5.47),(37391,1,2390,92,1,33.60,3563,87,'2008-11-08',0.52,1.31),(37392,1,2251,6,1,23.20,3564,87,'2009-03-27',0.52,0.00),(37393,2,2019,3,1,29.40,3565,87,'2009-11-14',1.80,0.00),(37394,1,2251,89,1,15.60,3566,87,'2009-03-27',0.52,1.29),(37395,1,2262,12,1,15.00,3567,87,'2009-03-16',0.52,0.25),(37396,2,1935,723,1,23.00,3568,87,'2010-02-06',1.80,8.25),(37397,1,2255,9,1,20.60,3569,87,'2009-03-23',0.52,0.10),(37398,1,2382,485,1,11.20,3570,87,'2008-11-16',0.52,2.18),(37399,1,1994,607,1,10.40,3571,87,'2009-12-09',0.52,2.29),(37400,2,1895,457,1,15.40,3572,87,'2010-03-18',1.80,7.42),(37401,1,2252,600,1,22.60,3573,87,'2009-03-26',0.52,2.29),(37402,1,2267,110,1,29.60,3574,87,'2009-03-11',0.52,1.40),(37403,1,2209,5,1,25.20,3575,87,'2009-05-08',0.52,0.00),(37404,1,2154,73,1,32.40,3576,87,'2009-07-02',0.52,1.19),(37405,1,2247,54,1,23.40,3577,87,'2009-03-31',0.52,1.03),(37406,1,2264,312,1,18.20,3578,87,'2009-03-14',0.52,1.95),(37407,1,2265,6,1,29.80,3579,87,'2009-03-13',0.52,0.00),(37408,1,2262,2,1,23.00,3580,87,'2009-03-16',0.52,0.00),(37409,2,1882,4,1,21.40,3581,87,'2010-03-31',1.80,0.00),(37410,1,2251,128,1,25.40,3582,87,'2009-03-27',0.52,1.48),(37411,1,2260,4,1,22.00,3583,87,'2009-03-18',0.52,0.00),(37412,2,1877,52,1,25.60,3584,87,'2010-04-05',1.80,3.51),(37413,1,2256,285,1,29.40,3585,87,'2009-03-22',0.52,1.90),(37414,1,2412,3,1,23.20,3586,87,'2008-10-17',0.52,0.00),(37415,1,2251,52,1,22.20,3587,87,'2009-03-27',0.52,1.01),(37416,2,1892,157,1,24.80,3588,87,'2010-03-21',1.80,5.50),(37417,1,2249,182,1,26.00,3589,87,'2009-03-29',0.52,1.67),(37418,1,2244,1155,1,18.40,3590,87,'2009-04-03',0.52,2.63),(37419,1,2240,11,1,23.80,3591,87,'2009-04-07',0.52,0.21),(37420,1,2256,292,1,30.80,3592,87,'2009-03-22',0.52,1.91),(37421,1,2235,51,1,26.40,3593,87,'2009-04-12',0.52,1.00),(37422,1,2257,8,1,23.80,3594,87,'2009-03-21',0.52,0.04),(37423,1,2188,9,1,20.00,3595,87,'2009-05-29',0.52,0.10),(37424,1,2098,281,1,36.00,3596,87,'2009-08-27',0.52,1.89),(37425,1,2238,83,1,27.80,3597,87,'2009-04-09',0.52,1.26),(37426,1,2099,417,1,32.60,3598,87,'2009-08-26',0.52,2.10),(37427,1,2259,1,1,19.80,3599,87,'2009-03-19',0.52,0.00),(37428,1,2239,102,1,23.00,3600,87,'2009-04-08',0.52,1.36),(37429,1,2245,375,1,24.20,3601,87,'2009-04-02',0.52,2.04),(37430,1,2233,1927,1,17.40,3602,87,'2009-04-14',0.52,2.89),(37431,2,1897,246,1,18.00,3603,87,'2010-03-16',1.80,6.31),(37432,2,1879,4,1,29.20,3604,87,'2010-04-03',1.80,0.00),(37433,1,2146,8,1,24.00,3605,87,'2009-07-10',0.52,0.04),(37434,1,2193,78,1,30.00,3606,87,'2009-05-24',0.52,1.23),(37435,1,2075,191,1,21.20,3607,87,'2009-09-19',0.52,1.69),(37436,1,2047,8,1,26.00,3608,87,'2009-10-17',0.52,0.04),(37437,1,2135,89,1,25.20,3609,87,'2009-07-21',0.52,1.29),(37438,1,2262,25,1,22.00,3610,87,'2009-03-16',0.52,0.63),(37439,1,2251,102,1,10.60,3611,87,'2009-03-27',0.52,1.36),(37440,1,2117,178,1,24.40,3612,87,'2009-08-08',0.52,1.65),(37441,1,2217,49,1,24.80,3613,87,'2009-04-30',0.52,0.98),(37442,2,1883,53,1,25.60,3614,87,'2010-03-30',1.80,3.55),(37443,1,2231,58,1,23.60,3615,87,'2009-04-16',0.52,1.07),(37444,1,2050,99,1,30.60,3616,87,'2009-10-14',0.52,1.35),(37445,1,2245,6,1,21.20,3617,87,'2009-04-02',0.52,0.00),(37446,1,2061,3,1,30.40,3618,87,'2009-10-03',0.52,0.00),(37447,1,2255,6,1,18.60,3619,87,'2009-03-23',0.52,0.00),(37448,1,2261,7,1,35.40,3620,87,'2009-03-17',0.52,0.00),(37449,1,2070,570,1,30.00,3621,87,'2009-09-24',0.52,2.26),(37450,1,2243,NULL,0,26.00,3622,87,'2009-04-04',NULL,NULL),(37451,1,2154,55,1,24.80,3623,87,'2009-07-02',0.52,1.04),(37452,1,2251,3,1,29.40,3624,87,'2009-03-27',0.52,0.00),(37453,2,1927,531,1,20.80,3625,87,'2010-02-14',1.80,7.69),(37454,1,2135,225,1,24.60,3626,87,'2009-07-21',0.52,1.78),(37455,1,2249,49,1,25.20,3627,87,'2009-03-29',0.52,0.98),(37456,2,1893,3,1,22.80,3628,87,'2010-03-20',1.80,0.00),(37457,1,2238,9,1,26.20,3629,87,'2009-04-09',0.52,0.10),(37458,1,2240,3,1,27.40,3630,87,'2009-04-07',0.52,0.00),(37459,1,2089,166,1,33.80,3631,87,'2009-09-05',0.52,1.62),(37460,1,2163,217,1,29.20,3632,87,'2009-06-23',0.52,1.76),(37461,1,2082,16,1,33.80,3633,87,'2009-09-12',0.52,0.40),(37462,1,2245,6,1,22.00,3634,87,'2009-04-02',0.52,0.00),(37463,1,2136,83,1,26.80,3635,87,'2009-07-20',0.52,1.26),(37464,1,2146,63,1,26.40,3636,87,'2009-07-10',0.52,1.11),(37465,1,2144,6,1,21.00,3637,87,'2009-07-12',0.52,0.00),(37466,1,2138,6,1,20.60,3638,87,'2009-07-18',0.52,0.00),(37467,1,2066,205,1,17.00,3639,87,'2009-09-28',0.52,1.73),(37468,1,2007,109,1,29.40,3640,87,'2009-11-26',0.52,1.40),(37469,1,2099,121,1,25.60,3641,87,'2009-08-26',0.52,1.45),(37470,1,2241,49,1,26.40,3642,87,'2009-04-06',0.52,0.98),(37471,1,2107,253,1,26.80,3643,87,'2009-08-18',0.52,1.84),(37472,1,2099,76,1,23.20,3644,87,'2009-08-26',0.52,1.21),(37473,1,2099,57,1,22.80,3645,87,'2009-08-26',0.52,1.06),(37474,1,2066,416,1,25.60,3646,87,'2009-09-28',0.52,2.10),(37475,1,2167,55,1,12.60,3647,87,'2009-06-19',0.52,1.04),(37476,1,2124,259,1,19.40,3648,87,'2009-08-01',0.52,1.85),(37477,1,2019,108,1,28.00,3649,87,'2009-11-14',0.52,1.39),(37478,1,2132,559,1,18.00,3650,87,'2009-07-24',0.52,2.25),(37479,1,0,13,1,24.60,3651,87,'2015-05-26',0.49,0.28),(37480,1,0,NULL,0,21.00,3652,87,'2015-05-26',NULL,NULL),(37481,1,2060,475,1,27.60,3654,87,'2009-10-04',0.52,2.16),(37482,2,0,282,1,31.20,3656,87,'2015-05-26',0.88,3.20),(37483,2,0,1278,1,16.80,3657,87,'2015-05-26',0.88,4.53),(37484,2,2223,11,1,33.80,3658,87,'2009-04-24',1.80,0.72),(37485,2,0,10,1,23.20,3659,87,'2015-05-26',0.88,0.27),(37486,2,1984,NULL,0,25.53,3292,87,'2009-12-19',NULL,NULL),(37487,2,2073,NULL,0,25.53,3335,87,'2009-09-21',NULL,NULL),(37488,2,1998,NULL,0,25.53,3360,87,'2009-12-05',NULL,NULL),(37489,2,2235,NULL,0,25.53,3375,87,'2009-04-12',NULL,NULL),(37490,1,2599,NULL,0,23.55,3514,87,'2008-04-13',NULL,NULL),(37491,2,1984,NULL,0,25.53,3534,87,'2009-12-19',NULL,NULL),(37492,1,2108,NULL,0,23.55,3653,87,'2009-08-17',NULL,NULL),(37493,1,2062,NULL,0,23.55,3655,87,'2009-10-02',NULL,NULL),(37494,2,2424,1749,1,18.00,3265,88,'2008-09-21',1.80,9.84),(37495,2,2222,35,1,20.20,3266,88,'2009-04-11',1.80,2.80),(37496,2,2541,269,1,14.40,3267,88,'2008-05-27',1.80,6.47),(37497,2,2036,64,1,24.20,3269,88,'2009-10-14',1.80,3.89),(37498,2,2090,13,1,29.00,3270,88,'2009-08-21',1.80,1.02),(37499,2,2200,310,1,15.60,3271,88,'2009-05-03',1.80,6.73),(37500,2,2235,67,1,31.20,3274,88,'2009-03-29',1.80,3.97),(37501,2,2014,404,1,24.00,3276,88,'2009-11-05',1.80,7.20),(37502,2,2263,12,1,15.20,3277,88,'2009-03-01',1.80,0.87),(37503,2,2196,4,1,19.60,3278,88,'2009-05-07',1.80,0.00),(37504,2,2484,788,1,17.60,3279,88,'2008-07-23',1.80,8.41),(37505,2,2215,10,1,24.40,3280,88,'2009-04-18',1.80,0.54),(37506,2,2265,2325,1,23.60,3281,88,'2009-02-27',1.80,10.35),(37507,2,2212,193,1,25.60,3282,88,'2009-04-21',1.80,5.87),(37508,2,2186,20,1,22.60,3283,88,'2009-05-17',1.80,1.79),(37509,2,2195,222,1,18.00,3284,88,'2009-05-08',1.80,6.12),(37510,2,2351,60,1,13.60,3285,88,'2008-12-03',1.80,3.77),(37511,2,2000,10,1,26.00,3286,88,'2009-11-19',1.80,0.54),(37512,2,2167,190,1,19.40,3287,88,'2009-06-05',1.80,5.84),(37513,2,2473,41,1,25.60,3288,88,'2008-08-03',1.80,3.08),(37514,2,2203,426,1,24.40,3289,88,'2009-04-30',1.80,7.30),(37515,2,1977,343,1,18.20,3290,88,'2009-12-12',1.80,6.91),(37516,2,2190,1452,1,23.20,3291,88,'2009-05-13',1.80,9.51),(37517,2,1970,192,1,30.00,3292,88,'2009-12-19',1.80,5.86),(37518,2,2224,123,1,29.40,3293,88,'2009-04-09',1.80,5.06),(37519,2,2339,14,1,20.40,3294,88,'2008-12-15',1.80,1.15),(37520,2,2204,167,1,27.20,3295,88,'2009-04-29',1.80,5.61),(37521,2,2592,256,1,20.20,3296,88,'2008-04-06',1.80,6.38),(37522,2,2583,1582,1,14.20,3299,88,'2008-04-15',1.80,9.66),(37523,2,2223,0,0,24.20,3300,88,'2009-04-10',NULL,NULL),(37524,2,2483,48,1,21.60,3301,88,'2008-07-24',1.80,3.37),(37525,2,2137,833,1,15.20,3302,88,'2009-07-05',1.80,8.51),(37526,2,2000,113,1,25.20,3303,88,'2009-11-19',1.80,4.91),(37527,2,2567,237,1,15.40,3304,88,'2008-05-01',1.80,6.24),(37528,2,2210,935,1,33.20,3305,88,'2009-04-23',1.80,8.71),(37529,2,2172,1146,1,18.60,3306,88,'2009-05-31',1.80,9.08),(37530,2,2402,144,1,22.20,3308,88,'2008-10-13',1.80,5.35),(37531,2,2252,278,1,19.40,3309,88,'2009-03-12',1.80,6.53),(37532,2,2341,116,1,20.80,3310,88,'2008-12-13',1.80,4.96),(37533,2,2200,96,1,29.20,3312,88,'2009-05-03',1.80,4.62),(37534,2,2053,270,1,34.00,3313,88,'2009-09-27',1.80,6.48),(37535,2,2635,2264,1,23.60,3314,88,'2008-02-23',1.80,10.30),(37536,2,2255,1942,1,23.60,3315,88,'2009-03-09',1.80,10.03),(37537,2,2230,52,1,17.60,3316,88,'2009-04-03',1.80,3.51),(37538,2,2637,218,1,26.20,3317,88,'2008-02-21',1.80,6.09),(37539,2,2151,190,1,29.60,3318,88,'2009-06-21',1.80,5.84),(37540,2,2192,527,1,26.60,3319,88,'2009-05-11',1.80,7.68),(37541,2,2246,39,1,23.20,3320,88,'2009-03-18',1.80,2.99),(37542,2,2452,44,1,18.80,3321,88,'2008-08-24',1.80,3.21),(37543,2,2341,1610,1,24.40,3322,88,'2008-12-13',1.80,9.69),(37544,2,2153,70,1,29.00,3324,88,'2009-06-19',1.80,4.05),(37545,2,2462,14,1,26.60,3325,88,'2008-08-14',1.80,1.15),(37546,2,2200,290,1,25.40,3326,88,'2009-05-03',1.80,6.61),(37547,2,2217,861,1,31.60,3327,88,'2009-04-16',1.80,8.56),(37548,2,2230,937,1,24.80,3328,88,'2009-04-03',1.80,8.72),(37549,2,2495,890,1,24.00,3329,88,'2008-07-12',1.80,8.62),(37550,2,2546,1208,1,27.80,3330,88,'2008-05-22',1.80,9.17),(37551,2,2133,945,1,30.00,3331,88,'2009-07-09',1.80,8.73),(37552,2,2195,265,1,30.00,3332,88,'2009-05-08',1.80,6.44),(37553,2,1953,1551,1,29.00,3661,88,'2010-01-05',1.80,9.62),(37554,2,1948,883,1,30.80,3336,88,'2010-01-10',1.80,8.61),(37555,2,1948,369,1,22.00,3662,88,'2010-01-10',1.80,7.04),(37556,2,2224,1370,1,18.00,3337,88,'2009-04-09',1.80,9.40),(37557,2,2265,917,1,25.80,3338,88,'2009-02-27',1.80,8.68),(37558,2,1995,964,1,33.80,3340,88,'2009-11-24',1.80,8.77),(37559,2,2192,894,1,26.60,3341,88,'2009-05-11',1.80,8.63),(37560,2,2032,109,1,26.20,3342,88,'2009-10-18',1.80,4.84),(37561,2,2185,376,1,25.80,3343,88,'2009-05-18',1.80,7.07),(37562,2,2258,160,1,24.40,3344,88,'2009-03-06',1.80,5.54),(37563,2,2151,256,1,31.80,3345,88,'2009-06-21',1.80,6.38),(37564,2,1950,67,1,27.60,3663,88,'2010-01-08',1.80,3.97),(37565,2,2504,882,1,25.40,3346,88,'2008-07-03',1.80,8.61),(37566,2,2186,925,1,23.20,3348,88,'2009-05-17',1.80,8.69),(37567,2,2262,343,1,26.00,3349,88,'2009-03-02',1.80,6.91),(37568,2,2051,238,1,19.40,3350,88,'2009-09-29',1.80,6.25),(37569,2,2493,299,1,23.40,3351,88,'2008-07-14',1.80,6.66),(37570,2,2102,210,1,27.40,3352,88,'2009-08-09',1.80,6.02),(37571,2,2274,957,1,23.40,3353,88,'2009-02-18',1.80,8.75),(37572,2,2263,863,1,17.60,3354,88,'2009-03-01',1.80,8.57),(37573,2,2280,5164,1,29.00,3356,88,'2009-02-12',1.80,11.79),(37574,2,2090,74,1,38.40,3357,88,'2009-08-21',1.80,4.15),(37575,2,2138,359,1,33.00,3358,88,'2009-07-04',1.80,6.99),(37576,2,2094,352,1,27.20,3359,88,'2009-08-17',1.80,6.95),(37577,2,1939,685,1,26.60,3664,88,'2010-01-19',1.80,8.15),(37578,2,2499,374,1,19.00,3362,88,'2008-07-08',1.80,7.06),(37579,2,1973,883,1,33.20,3363,88,'2009-12-16',1.80,8.61),(37580,2,2596,768,1,15.60,3364,88,'2008-04-02',1.80,8.36),(37581,2,2196,153,1,25.00,3365,88,'2009-05-07',1.80,5.45),(37582,2,2140,186,1,43.20,3366,88,'2009-07-02',1.80,5.81),(37583,2,2044,59,1,41.00,3367,88,'2009-10-06',1.80,3.74),(37584,2,2665,355,1,17.60,3368,88,'2008-01-24',1.80,6.97),(37585,2,2149,348,1,31.20,3369,88,'2009-06-23',1.80,6.93),(37586,2,1947,96,1,19.40,3370,88,'2010-01-11',1.80,4.62),(37587,2,1963,81,1,31.60,3665,88,'2009-12-26',1.80,4.31),(37588,2,2183,963,1,30.80,3371,88,'2009-05-20',1.80,8.77),(37589,2,2466,628,1,19.00,3372,88,'2008-08-10',1.80,8.00),(37590,2,2166,965,1,31.20,3374,88,'2009-06-06',1.80,8.77),(37591,2,2102,320,1,33.60,3376,88,'2009-08-09',1.80,6.78),(37592,2,1972,441,1,14.80,3380,88,'2009-12-17',1.80,7.36),(37593,2,2092,217,1,35.00,3381,88,'2009-08-19',1.80,6.08),(37594,2,2107,128,1,36.40,3382,88,'2009-08-04',1.80,5.13),(37595,2,2049,713,1,21.60,3384,88,'2009-10-01',1.80,8.23),(37596,2,2401,981,1,22.60,3385,88,'2008-10-14',1.80,8.80),(37597,2,2110,919,1,33.60,3386,88,'2009-08-01',1.80,8.68),(37598,2,2113,634,1,26.60,3387,88,'2009-07-29',1.80,8.01),(37599,2,2160,62,1,27.20,3388,88,'2009-06-12',1.80,3.83),(37600,2,2279,385,1,28.20,3389,88,'2009-02-13',1.80,7.12),(37601,2,2239,933,1,17.60,3390,88,'2009-03-25',1.80,8.71),(37602,2,2262,956,1,22.60,3391,88,'2009-03-02',1.80,8.75),(37603,2,2179,402,1,29.20,3392,88,'2009-05-24',1.80,7.19),(37604,2,2001,930,1,33.20,3393,88,'2009-11-18',1.80,8.70),(37605,2,2225,872,1,20.80,3395,88,'2009-04-08',1.80,8.59),(37606,2,2261,985,1,21.20,3396,88,'2009-03-03',1.80,8.81),(37607,2,1969,64,1,30.00,3666,88,'2009-12-20',1.80,3.89),(37608,2,1968,152,1,26.00,3667,88,'2009-12-21',1.80,5.44),(37609,2,2235,928,1,23.60,3397,88,'2009-03-29',1.80,8.70),(37610,2,2045,204,1,39.40,3398,88,'2009-10-05',1.80,5.97),(37611,2,2060,952,1,25.80,3399,88,'2009-09-20',1.80,8.75),(37612,2,2344,908,1,25.80,3400,88,'2008-12-10',1.80,8.66),(37613,2,2265,948,1,27.60,3401,88,'2009-02-27',1.80,8.74),(37614,2,2125,940,1,28.20,3402,88,'2009-07-17',1.80,8.72),(37615,2,2641,874,1,17.20,3403,88,'2008-02-17',1.80,8.59),(37616,2,1961,73,1,27.80,3668,88,'2009-12-28',1.80,4.12),(37617,2,2089,944,1,32.40,3404,88,'2009-08-22',1.80,8.73),(37618,2,2038,1457,1,32.60,3405,88,'2009-10-12',1.80,9.51),(37619,2,2478,929,1,19.60,3406,88,'2008-07-29',1.80,8.70),(37620,2,2169,942,1,31.20,3407,88,'2009-06-03',1.80,8.73),(37621,2,2080,861,1,39.80,3409,88,'2009-08-31',1.80,8.56),(37622,2,1878,1744,1,20.80,3410,88,'2010-03-21',1.80,9.84),(37623,2,2294,927,1,22.60,3411,88,'2009-01-29',1.80,8.70),(37624,2,2490,850,1,26.20,3412,88,'2008-07-17',1.80,8.54),(37625,2,2252,88,1,18.60,3413,88,'2009-03-12',1.80,4.46),(37626,2,2211,475,1,40.20,3415,88,'2009-04-22',1.80,7.49),(37627,2,1983,884,1,15.00,3416,88,'2009-12-06',1.80,8.61),(37628,2,2195,475,1,23.60,3417,88,'2009-05-08',1.80,7.49),(37629,2,2578,440,1,19.00,3418,88,'2008-04-20',1.80,7.36),(37630,2,2120,931,1,23.80,3419,88,'2009-07-22',1.80,8.71),(37631,2,1984,80,1,20.80,3420,88,'2009-12-05',1.80,4.29),(37632,2,1983,496,1,32.00,3421,88,'2009-12-06',1.80,7.57),(37633,2,2153,144,1,17.00,3423,88,'2009-06-19',1.80,5.35),(37634,2,2212,945,1,19.20,3424,88,'2009-04-21',1.80,8.73),(37635,2,2041,970,1,32.80,3425,88,'2009-10-09',1.80,8.78),(37636,2,2008,4200,1,37.60,3426,88,'2009-11-11',1.80,11.42),(37637,2,2118,280,1,38.20,3427,88,'2009-07-24',1.80,6.54),(37638,2,2174,952,1,19.60,3428,88,'2009-05-29',1.80,8.75),(37639,2,2174,102,1,25.80,3429,88,'2009-05-29',1.80,4.72),(37640,2,2018,2779,1,38.60,3430,88,'2009-11-01',1.80,10.67),(37641,2,2023,2001,1,38.40,3431,88,'2009-10-27',1.80,10.08),(37642,2,2196,1655,1,21.20,3432,88,'2009-05-07',1.80,9.74),(37643,2,2049,41,1,23.60,3433,88,'2009-10-01',1.80,3.08),(37644,2,2043,1014,1,30.60,3434,88,'2009-10-07',1.80,8.86),(37645,2,2229,155,1,31.60,3435,88,'2009-04-04',1.80,5.48),(37646,2,2200,937,1,32.00,3437,88,'2009-05-03',1.80,8.72),(37647,2,2217,983,1,21.80,3438,88,'2009-04-16',1.80,8.80),(37648,2,2235,324,1,20.60,3439,88,'2009-03-29',1.80,6.81),(37649,2,2065,912,1,32.00,3440,88,'2009-09-15',1.80,8.67),(37650,2,2182,94,1,34.00,3441,88,'2009-05-21',1.80,4.58),(37651,2,2031,1075,1,32.00,3442,88,'2009-10-19',1.80,8.96),(37652,2,2125,67,1,26.60,3443,88,'2009-07-17',1.80,3.97),(37653,2,2144,913,1,23.60,3444,88,'2009-06-28',1.80,8.67),(37654,2,2142,208,1,33.20,3445,88,'2009-06-30',1.80,6.01),(37655,2,2219,318,1,27.80,3446,88,'2009-04-14',1.80,6.77),(37656,2,2148,136,1,31.40,3447,88,'2009-06-24',1.80,5.24),(37657,2,2179,941,1,35.60,3448,88,'2009-05-24',1.80,8.72),(37658,2,1953,913,1,27.20,3669,88,'2010-01-05',1.80,8.67),(37659,2,2069,869,1,30.40,3450,88,'2009-09-11',1.80,8.58),(37660,2,2148,904,1,22.20,3452,88,'2009-06-24',1.80,8.65),(37661,1,2597,767,1,15.00,3454,88,'2008-04-01',0.52,2.41),(37662,2,2052,340,1,36.80,3455,88,'2009-09-28',1.80,6.89),(37663,2,1950,178,1,26.00,3670,88,'2010-01-08',1.80,5.73),(37664,2,2085,269,1,32.40,3458,88,'2009-08-26',1.80,6.47),(37665,2,2270,68,1,18.40,3459,88,'2009-02-22',1.80,4.00),(37666,2,2191,220,1,15.20,3462,88,'2009-05-12',1.80,6.11),(37667,2,2486,423,1,20.40,3463,88,'2008-07-21',1.80,7.29),(37668,2,2167,38,1,27.80,3465,88,'2009-06-05',1.80,2.95),(37669,2,2156,458,1,32.60,3466,88,'2009-06-16',1.80,7.43),(37670,2,2119,1004,1,27.20,3468,88,'2009-07-23',1.80,8.84),(37671,2,2217,870,1,29.20,3469,88,'2009-04-16',1.80,8.58),(37672,2,2055,677,1,38.60,3470,88,'2009-09-25',1.80,8.13),(37673,2,2510,835,1,19.00,3471,88,'2008-06-27',1.80,8.51),(37674,2,2435,281,1,20.00,3472,88,'2008-09-10',1.80,6.55),(37675,2,2491,801,1,23.40,3473,88,'2008-07-16',1.80,8.43),(37676,2,2167,766,1,32.40,3474,88,'2009-06-05',1.80,8.35),(37677,2,1937,480,1,30.20,3671,88,'2010-01-21',1.80,7.51),(37678,2,2148,339,1,31.60,3475,88,'2009-06-24',1.80,6.89),(37679,2,1957,909,1,21.20,3672,88,'2010-01-01',1.80,8.66),(37680,2,2092,712,1,29.00,3476,88,'2009-08-19',1.80,8.22),(37681,2,2227,5052,1,32.20,3477,88,'2009-04-06',1.80,11.75),(37682,2,1999,95,1,32.60,3478,88,'2009-11-20',1.80,4.60),(37683,2,2090,831,1,34.00,3479,88,'2009-08-21',1.80,8.50),(37684,2,2496,849,1,10.00,3480,88,'2008-07-11',1.80,8.54),(37685,2,2031,908,1,30.00,3481,88,'2009-10-19',1.80,8.66),(37686,2,2037,2858,1,35.20,3482,88,'2009-10-13',1.80,10.72),(37687,2,2144,242,1,27.80,3483,88,'2009-06-28',1.80,6.28),(37688,2,2097,413,1,28.00,3485,88,'2009-08-14',1.80,7.24),(37689,2,2030,956,1,32.40,3486,88,'2009-10-20',1.80,8.75),(37690,2,2027,1019,1,38.00,3487,88,'2009-10-23',1.80,8.87),(37691,1,2586,987,1,12.00,3488,88,'2008-04-12',0.52,2.55),(37692,2,2194,893,1,37.00,3489,88,'2009-05-09',1.80,8.63),(37693,2,2195,992,1,21.00,3490,88,'2009-05-08',1.80,8.82),(37694,2,2166,834,1,31.00,3491,88,'2009-06-06',1.80,8.51),(37695,2,2050,938,1,39.60,3493,88,'2009-09-30',1.80,8.72),(37696,2,2059,556,1,38.00,3495,88,'2009-09-21',1.80,7.78),(37697,2,2143,881,1,22.20,3496,88,'2009-06-29',1.80,8.61),(37698,2,2137,734,1,28.60,3498,88,'2009-07-05',1.80,8.28),(37699,1,2200,1195,1,30.00,3499,88,'2009-05-03',0.52,2.64),(37700,2,2145,744,1,24.00,3500,88,'2009-06-27',1.80,8.30),(37701,2,2051,842,1,34.20,3501,88,'2009-09-29',1.80,8.52),(37702,2,2179,436,1,17.20,3502,88,'2009-05-24',1.80,7.34),(37703,2,2210,956,1,22.40,3503,88,'2009-04-23',1.80,8.75),(37704,2,2038,900,1,36.40,3504,88,'2009-10-12',1.80,8.64),(37705,2,2197,2314,1,34.20,3505,88,'2009-05-06',1.80,10.34),(37706,2,1948,750,1,13.60,3506,88,'2010-01-10',1.80,8.32),(37707,2,2192,548,1,21.00,3507,88,'2009-05-11',1.80,7.75),(37708,2,2152,851,1,30.00,3508,88,'2009-06-20',1.80,8.54),(37709,1,2502,493,1,17.80,3509,88,'2008-07-05',0.52,2.18),(37710,2,2488,750,1,20.40,3510,88,'2008-07-19',1.80,8.32),(37711,2,2196,905,1,21.00,3512,88,'2009-05-07',1.80,8.65),(37712,2,2183,442,1,28.00,3513,88,'2009-05-20',1.80,7.36),(37713,2,2146,97,1,20.80,3515,88,'2009-06-26',1.80,4.63),(37714,2,2194,957,1,25.60,3516,88,'2009-05-09',1.80,8.75),(37715,1,2595,2245,1,22.60,3517,88,'2008-04-03',0.52,2.97),(37716,1,2569,156,1,13.20,3518,88,'2008-04-29',0.52,1.59),(37717,2,2049,871,1,31.00,3519,88,'2009-10-01',1.80,8.59),(37718,2,2075,21,1,19.00,3520,88,'2009-09-05',1.80,1.88),(37719,2,2008,783,1,13.20,3521,88,'2009-11-11',1.80,8.39),(37720,2,1882,107,1,31.40,3522,88,'2010-03-17',1.80,4.81),(37721,2,1961,173,1,29.40,3676,88,'2009-12-28',1.80,5.68),(37722,2,2214,869,1,24.40,3523,88,'2009-04-19',1.80,8.58),(37723,2,2064,288,1,31.80,3524,88,'2009-09-16',1.80,6.59),(37724,1,2344,811,1,20.60,3525,88,'2008-12-10',0.52,2.44),(37725,2,2102,1209,1,25.00,3526,88,'2009-08-09',1.80,9.18),(37726,2,1989,12,1,33.60,3527,88,'2009-11-30',1.80,0.87),(37727,1,2422,47,1,10.00,3528,88,'2008-09-23',0.52,0.96),(37728,2,1998,917,1,27.80,3529,88,'2009-11-21',1.80,8.68),(37729,1,2061,83,1,32.60,3530,88,'2009-09-19',0.52,1.26),(37730,1,2207,861,1,23.60,3531,88,'2009-04-26',0.52,2.47),(37731,1,2324,768,1,23.80,3532,88,'2008-12-30',0.52,2.41),(37732,2,1965,141,1,30.20,3677,88,'2009-12-24',1.80,5.31),(37733,2,2078,6,1,36.20,3533,88,'2009-09-02',1.80,0.00),(37734,2,1970,179,1,32.40,3534,88,'2009-12-19',1.80,5.74),(37735,2,1975,932,1,32.40,3535,88,'2009-12-14',1.80,8.71),(37736,2,2033,962,1,36.60,3536,88,'2009-10-17',1.80,8.76),(37737,2,2075,2912,1,31.80,3537,88,'2009-09-05',1.80,10.76),(37738,1,2422,865,1,18.80,3538,88,'2008-09-23',0.52,2.48),(37739,2,1863,786,1,16.40,3539,88,'2010-04-05',1.80,8.40),(37740,1,2351,922,1,21.60,3540,88,'2008-12-03',0.52,2.51),(37741,2,1971,839,1,24.40,3541,88,'2009-12-18',1.80,8.52),(37742,2,1984,1692,1,23.60,3542,88,'2009-12-05',1.80,9.78),(37743,1,2420,1499,1,19.80,3543,88,'2008-09-25',0.52,2.76),(37744,1,2398,885,1,18.60,3544,88,'2008-10-17',0.52,2.49),(37745,1,2417,911,1,23.00,3545,88,'2008-09-28',0.52,2.50),(37746,1,2352,37,1,23.20,3546,88,'2008-12-02',0.52,0.84),(37747,1,2430,193,1,14.40,3548,88,'2008-09-15',0.52,1.70),(37748,2,1957,105,1,23.20,3678,88,'2010-01-01',1.80,4.78),(37749,2,2048,811,1,35.40,3549,88,'2009-10-02',1.80,8.46),(37750,2,2006,884,1,22.80,3550,88,'2009-11-13',1.80,8.61),(37751,1,2123,86,1,21.60,3551,88,'2009-07-19',0.52,1.28),(37752,1,2424,1585,1,23.00,3552,88,'2008-09-21',0.52,2.79),(37753,1,2442,854,1,22.40,3553,88,'2008-09-03',0.52,2.47),(37754,1,1999,909,1,19.60,3554,88,'2009-11-20',0.52,2.50),(37755,2,1977,852,1,19.00,3555,88,'2009-12-12',1.80,8.55),(37756,1,2417,131,1,21.20,3556,88,'2008-09-28',0.52,1.50),(37757,1,2237,462,1,23.20,3557,88,'2009-03-27',0.52,2.15),(37758,2,1993,20,1,27.00,3558,88,'2009-11-26',1.80,1.79),(37759,1,2213,453,1,21.80,3559,88,'2009-04-20',0.52,2.14),(37760,1,2197,37,1,21.40,3560,88,'2009-05-06',0.52,0.84),(37761,2,2022,913,1,17.00,3561,88,'2009-10-28',1.80,8.67),(37762,2,1878,927,1,21.40,3562,88,'2010-03-21',1.80,8.70),(37763,1,2376,239,1,33.80,3563,88,'2008-11-08',0.52,1.81),(37764,1,2237,567,1,22.20,3564,88,'2009-03-27',0.52,2.26),(37765,2,2005,902,1,25.60,3565,88,'2009-11-14',1.80,8.65),(37766,1,2237,50,1,15.00,3566,88,'2009-03-27',0.52,0.99),(37767,1,2241,760,1,20.80,3569,88,'2009-03-23',0.52,2.41),(37768,1,1980,884,1,18.20,3571,88,'2009-12-09',0.52,2.49),(37769,1,2238,842,1,19.80,3573,88,'2009-03-26',0.52,2.46),(37770,1,2253,341,1,20.80,3574,88,'2009-03-11',0.52,1.99),(37771,1,2195,1636,1,21.60,3575,88,'2009-05-08',0.52,2.81),(37772,1,2140,753,1,34.60,3576,88,'2009-07-02',0.52,2.40),(37773,1,2233,423,1,22.20,3577,88,'2009-03-31',0.52,2.10),(37774,1,2250,869,1,18.60,3578,88,'2009-03-14',0.52,2.48),(37775,1,2251,850,1,21.60,3579,88,'2009-03-13',0.52,2.47),(37776,1,2248,907,1,21.60,3580,88,'2009-03-16',0.52,2.50),(37777,2,1868,945,1,20.40,3581,88,'2010-03-31',1.80,8.73),(37778,1,2237,854,1,23.60,3582,88,'2009-03-27',0.52,2.47),(37779,1,2246,92,1,20.80,3583,88,'2009-03-18',0.52,1.31),(37780,2,1863,902,1,21.80,3584,88,'2010-04-05',1.80,8.65),(37781,1,2242,266,1,23.20,3585,88,'2009-03-22',0.52,1.86),(37782,1,2398,671,1,20.60,3586,88,'2008-10-17',0.52,2.34),(37783,1,2237,857,1,21.00,3587,88,'2009-03-27',0.52,2.47),(37784,1,1953,142,1,21.80,3679,88,'2010-01-05',0.52,1.54),(37785,1,2230,1410,1,18.60,3590,88,'2009-04-03',0.52,2.73),(37786,1,2226,917,1,23.20,3591,88,'2009-04-07',0.52,2.51),(37787,1,2242,836,1,31.20,3592,88,'2009-03-22',0.52,2.46),(37788,1,2221,229,1,26.40,3593,88,'2009-04-12',0.52,1.79),(37789,1,2243,962,1,21.20,3594,88,'2009-03-21',0.52,2.53),(37790,1,2174,818,1,20.00,3595,88,'2009-05-29',0.52,2.45),(37791,1,2084,42,1,36.60,3596,88,'2009-08-27',0.52,0.90),(37792,1,2224,879,1,27.00,3597,88,'2009-04-09',0.52,2.48),(37793,1,2085,237,1,34.00,3598,88,'2009-08-26',0.52,1.80),(37794,1,2245,305,1,19.80,3599,88,'2009-03-19',0.52,1.93),(37795,1,2225,883,1,21.80,3600,88,'2009-04-08',0.52,2.49),(37796,1,2231,909,1,28.80,3601,88,'2009-04-02',0.52,2.50),(37797,1,2219,885,1,17.20,3602,88,'2009-04-14',0.52,2.49),(37798,2,1865,790,1,23.00,3604,88,'2010-04-03',1.80,8.41),(37799,1,2132,146,1,21.60,3605,88,'2009-07-10',0.52,1.55),(37800,1,2179,862,1,30.00,3606,88,'2009-05-24',0.52,2.47),(37801,1,2061,916,1,22.20,3607,88,'2009-09-19',0.52,2.51),(37802,1,2033,142,1,25.40,3608,88,'2009-10-17',0.52,1.54),(37803,1,2121,193,1,22.40,3609,88,'2009-07-21',0.52,1.70),(37804,1,2237,852,1,16.80,3611,88,'2009-03-27',0.52,2.47),(37805,1,2103,214,1,24.40,3612,88,'2009-08-08',0.52,1.75),(37806,1,2203,169,1,26.80,3613,88,'2009-04-30',0.52,1.63),(37807,2,1869,982,1,26.20,3614,88,'2010-03-30',1.80,8.80),(37808,1,2217,949,1,20.80,3615,88,'2009-04-16',0.52,2.52),(37809,1,2036,841,1,25.20,3616,88,'2009-10-14',0.52,2.46),(37810,1,2047,142,1,30.00,3618,88,'2009-10-03',0.52,1.54),(37811,1,2241,317,1,19.00,3619,88,'2009-03-23',0.52,1.95),(37812,1,2247,856,1,34.00,3620,88,'2009-03-17',0.52,2.47),(37813,1,2056,919,1,31.80,3621,88,'2009-09-24',0.52,2.51),(37814,1,2229,876,1,23.40,3622,88,'2009-04-04',0.52,2.48),(37815,1,2140,106,1,24.40,3623,88,'2009-07-02',0.52,1.38),(37816,1,2237,942,1,25.60,3624,88,'2009-03-27',0.52,2.52),(37817,1,2121,111,1,22.60,3626,88,'2009-07-21',0.52,1.41),(37818,1,2235,848,1,25.80,3627,88,'2009-03-29',0.52,2.47),(37819,1,2224,901,1,23.00,3629,88,'2009-04-09',0.52,2.50),(37820,1,2226,346,1,21.40,3630,88,'2009-04-07',0.52,2.00),(37821,1,2075,417,1,38.80,3631,88,'2009-09-05',0.52,2.10),(37822,1,2149,113,1,23.40,3632,88,'2009-06-23',0.52,1.42),(37823,1,2068,901,1,28.80,3633,88,'2009-09-12',0.52,2.50),(37824,1,2231,77,1,22.40,3634,88,'2009-04-02',0.52,1.22),(37825,1,2122,106,1,22.20,3635,88,'2009-07-20',0.52,1.38),(37826,1,2132,75,1,33.00,3636,88,'2009-07-10',0.52,1.21),(37827,1,2130,897,1,23.20,3637,88,'2009-07-12',0.52,2.50),(37828,1,2124,929,1,26.20,3638,88,'2009-07-18',0.52,2.51),(37829,1,2052,860,1,22.80,3639,88,'2009-09-28',0.52,2.47),(37830,1,1993,944,1,25.60,3640,88,'2009-11-26',0.52,2.52),(37831,1,2085,1354,1,25.00,3641,88,'2009-08-26',0.52,2.71),(37832,1,2227,770,1,23.00,3642,88,'2009-04-06',0.52,2.42),(37833,1,2093,762,1,23.20,3643,88,'2009-08-18',0.52,2.41),(37834,1,2085,885,1,29.40,3644,88,'2009-08-26',0.52,2.49),(37835,1,2085,156,1,20.80,3645,88,'2009-08-26',0.52,1.59),(37836,1,2052,341,1,21.60,3646,88,'2009-09-28',0.52,1.99),(37837,1,2153,1237,1,13.00,3647,88,'2009-06-19',0.52,2.66),(37838,1,2110,2539,1,20.20,3648,88,'2009-08-01',0.52,3.04),(37839,1,2005,41,1,23.20,3649,88,'2009-11-14',0.52,0.89),(37840,1,2118,902,1,19.20,3650,88,'2009-07-24',0.52,2.50),(37841,1,2121,25,1,21.40,3652,88,'2009-07-21',0.52,0.63),(37842,1,2046,717,1,27.20,3654,88,'2009-10-04',0.52,2.38),(37843,2,3009,127,1,19.80,3657,88,'2007-02-14',1.80,5.12),(37844,2,2209,881,1,34.00,3658,88,'2009-04-24',1.80,8.61),(37845,2,1979,158,1,24.20,3659,88,'2009-12-10',1.80,5.51),(37846,2,1945,0,0,26.23,3660,88,'2010-01-13',NULL,NULL),(37847,2,2059,0,0,26.23,3335,88,'2009-09-21',NULL,NULL),(37848,2,1984,0,0,26.23,3360,88,'2009-12-05',NULL,NULL),(37849,2,2221,0,0,26.23,3375,88,'2009-04-12',NULL,NULL),(37850,2,2228,0,0,26.23,3422,88,'2009-04-05',NULL,NULL),(37851,2,1957,0,0,26.23,3673,88,'2010-01-01',NULL,NULL),(37852,2,1957,0,0,26.23,3674,88,'2010-01-01',NULL,NULL),(37853,1,2585,0,0,23.10,3514,88,'2008-04-13',NULL,NULL),(37854,2,1940,0,0,26.23,3675,88,'2010-01-18',NULL,NULL),(37855,1,1957,0,0,23.10,3680,88,'2010-01-01',NULL,NULL),(37856,1,1957,0,0,23.10,3681,88,'2010-01-01',NULL,NULL),(37857,1,2094,0,0,23.10,3653,88,'2009-08-17',NULL,NULL),(37858,1,2048,0,0,23.10,3655,88,'2009-10-02',NULL,NULL),(37859,2,143,2070,0,4.88,3682,89,'2015-01-05',NULL,NULL),(37860,1,69,881,0,4.88,3683,89,'2015-03-20',NULL,NULL),(37861,2,88,251,0,4.88,3684,89,'2015-03-01',NULL,NULL),(37862,2,418,178,0,4.88,3685,89,'2014-04-05',NULL,NULL),(37863,2,255,541,0,4.88,3686,89,'2014-09-15',NULL,NULL),(37864,2,88,216,0,4.88,3687,89,'2015-03-01',NULL,NULL),(37865,2,184,1162,0,4.88,3688,89,'2014-11-25',NULL,NULL),(37866,2,224,415,0,4.88,3689,89,'2014-10-16',NULL,NULL),(37867,1,110,180,0,4.88,3690,89,'2015-02-07',NULL,NULL),(37868,1,256,387,0,4.88,3691,89,'2014-09-14',NULL,NULL),(37869,2,48,382,0,4.88,3692,89,'2015-04-10',NULL,NULL),(37870,2,148,136,0,4.88,3693,89,'2014-12-31',NULL,NULL),(37871,2,260,940,0,4.88,3694,89,'2014-09-10',NULL,NULL),(37872,2,129,491,0,4.88,3695,89,'2015-01-19',NULL,NULL),(37873,2,181,659,0,4.88,3696,89,'2014-11-28',NULL,NULL),(37874,2,221,325,0,4.88,3697,89,'2014-10-19',NULL,NULL),(37875,2,238,568,0,4.88,3698,89,'2014-10-02',NULL,NULL),(37876,1,114,177,0,4.88,3699,89,'2015-02-03',NULL,NULL),(37877,1,223,93,0,4.88,3700,89,'2014-10-17',NULL,NULL),(37878,2,279,2027,0,4.88,3701,89,'2014-08-22',NULL,NULL),(37879,1,222,505,0,4.88,3702,89,'2014-10-18',NULL,NULL),(37880,2,67,638,0,4.88,3703,89,'2015-03-22',NULL,NULL),(37881,1,226,724,0,4.88,3704,89,'2014-10-14',NULL,NULL),(37882,1,117,167,0,4.88,3705,89,'2015-01-31',NULL,NULL),(37883,1,88,198,0,4.88,3706,89,'2015-03-01',NULL,NULL),(37884,1,248,144,0,4.88,3707,89,'2014-09-22',NULL,NULL),(37885,1,47,366,0,4.88,3708,89,'2015-04-11',NULL,NULL),(37886,2,229,478,0,4.88,3709,89,'2014-10-11',NULL,NULL),(37887,2,112,107,0,4.88,3710,89,'2015-02-05',NULL,NULL),(37888,2,120,306,0,4.88,3711,89,'2015-01-28',NULL,NULL),(37889,1,101,165,0,4.88,3712,89,'2015-02-16',NULL,NULL),(37890,1,323,1295,0,4.88,3713,89,'2014-07-09',NULL,NULL),(37891,1,260,175,0,4.88,3714,89,'2014-09-10',NULL,NULL),(37892,2,151,807,0,4.88,3715,89,'2014-12-28',NULL,NULL),(37893,2,204,421,0,4.88,3716,89,'2014-11-05',NULL,NULL),(37894,2,501,490,0,4.88,3717,89,'2014-01-12',NULL,NULL),(37895,1,121,257,0,4.88,3718,89,'2015-01-27',NULL,NULL),(37896,2,238,170,0,4.88,3719,89,'2014-10-02',NULL,NULL),(37897,2,293,857,0,4.88,3720,89,'2014-08-08',NULL,NULL),(37898,2,165,730,0,4.88,3721,89,'2014-12-14',NULL,NULL),(37899,2,544,484,0,4.88,3722,89,'2013-11-30',NULL,NULL),(37900,1,301,1443,0,4.88,3723,89,'2014-07-31',NULL,NULL),(37901,2,557,896,0,4.88,3724,89,'2013-11-17',NULL,NULL),(37902,2,205,481,0,4.88,3725,89,'2014-11-04',NULL,NULL),(37903,2,268,252,1,4.88,3726,89,'2014-09-02',1.52,5.36),(37904,2,179,577,0,4.88,3727,89,'2014-11-30',NULL,NULL),(37905,2,221,7437,0,4.88,3728,89,'2014-10-19',NULL,NULL),(37906,2,124,632,0,4.88,3729,89,'2015-01-24',NULL,NULL),(37907,2,53,110,0,4.88,3730,89,'2015-04-05',NULL,NULL),(37908,2,76,1556,0,4.88,3731,89,'2015-03-13',NULL,NULL),(37909,2,95,33,0,4.88,3732,89,'2015-02-22',NULL,NULL),(37910,2,71,108,0,4.88,3733,89,'2015-03-18',NULL,NULL),(37911,2,141,7791,0,4.88,3734,89,'2015-01-07',NULL,NULL),(37912,1,63,742,0,4.88,3735,89,'2015-03-26',NULL,NULL),(37913,2,232,345,0,4.88,3736,89,'2014-10-08',NULL,NULL),(37914,2,133,869,0,4.88,3737,89,'2015-01-15',NULL,NULL),(37915,2,95,2823,0,4.88,3738,89,'2015-02-22',NULL,NULL),(37916,2,79,5255,0,4.88,3739,89,'2015-03-10',NULL,NULL),(37917,2,159,4051,0,4.88,3740,89,'2014-12-20',NULL,NULL),(37918,2,115,136,0,4.88,3741,89,'2015-02-02',NULL,NULL),(37919,1,88,38,0,4.88,3742,89,'2015-03-01',NULL,NULL),(37920,2,208,375,0,4.88,3743,89,'2014-11-01',NULL,NULL),(37921,2,198,687,0,4.88,3744,89,'2014-11-11',NULL,NULL),(37922,2,227,1001,0,4.88,3745,89,'2014-10-13',NULL,NULL),(37923,2,204,452,0,4.88,3746,89,'2014-11-05',NULL,NULL),(37924,1,20,25,0,4.88,3747,89,'2015-05-08',NULL,NULL),(37925,2,158,517,0,4.88,3748,89,'2014-12-21',NULL,NULL),(37926,2,97,144,0,4.88,3749,89,'2015-02-20',NULL,NULL),(37927,2,232,3427,0,4.88,3750,89,'2014-10-08',NULL,NULL),(37928,2,11,88,0,4.88,3751,89,'2015-05-17',NULL,NULL),(37929,1,37,19,0,4.88,3752,89,'2015-04-21',NULL,NULL),(37930,2,13,3886,0,4.88,3753,89,'2015-05-15',NULL,NULL),(37931,2,170,529,0,4.88,3754,89,'2014-12-09',NULL,NULL),(37932,2,118,62,0,4.88,3755,89,'2015-01-30',NULL,NULL),(37933,2,61,2920,0,4.88,3756,89,'2015-03-28',NULL,NULL),(37934,2,265,1465,0,4.88,3757,89,'2014-09-05',NULL,NULL),(37935,2,20,252,1,4.88,3758,89,'2015-05-08',0.84,2.96),(37936,2,19,252,0,4.88,3759,89,'2015-05-09',NULL,NULL),(37937,1,13,77,0,4.88,3760,89,'2015-05-15',NULL,NULL),(37938,2,190,679,0,4.88,3761,89,'2014-11-19',NULL,NULL),(37939,2,184,357,0,4.88,3762,89,'2014-11-25',NULL,NULL),(37940,2,96,463,0,4.88,3763,89,'2015-02-21',NULL,NULL),(37941,2,24,896,0,4.88,3764,89,'2015-05-04',NULL,NULL),(37942,2,240,1332,0,4.88,3765,89,'2014-09-30',NULL,NULL),(37943,2,37,220,0,4.88,3766,89,'2015-04-21',NULL,NULL),(37944,2,111,5025,0,4.88,3767,89,'2015-02-06',NULL,NULL),(37945,2,103,139,0,4.88,3768,89,'2015-02-14',NULL,NULL),(37946,1,88,375,1,4.88,3769,89,'2015-03-01',0.36,1.41),(37947,1,188,486,0,4.88,3770,89,'2014-11-21',NULL,NULL),(37948,1,76,63,0,4.88,3771,89,'2015-03-13',NULL,NULL),(37949,1,73,30,0,4.88,3772,89,'2015-03-16',NULL,NULL),(37950,2,272,1190,0,4.88,3773,89,'2014-08-29',NULL,NULL),(37951,2,206,1021,0,4.88,3774,89,'2014-11-03',NULL,NULL),(37952,2,125,912,0,4.88,3775,89,'2015-01-23',NULL,NULL),(37953,1,238,103,0,4.88,3776,89,'2014-10-02',NULL,NULL),(37954,1,314,2997,0,4.88,3777,89,'2014-07-18',NULL,NULL),(37955,2,191,160,0,4.88,3778,89,'2014-11-18',NULL,NULL),(37956,1,150,135,0,4.88,3779,89,'2014-12-29',NULL,NULL),(37957,1,193,75,0,4.88,3780,89,'2014-11-16',NULL,NULL),(37958,1,45,24,0,4.88,3781,89,'2015-04-13',NULL,NULL),(37959,2,33,2008,0,4.88,3782,89,'2015-04-25',NULL,NULL),(37960,2,55,7133,0,4.88,3783,89,'2015-04-03',NULL,NULL),(37961,2,235,530,0,4.88,3784,89,'2014-10-05',NULL,NULL),(37962,2,240,7866,0,4.88,3785,89,'2014-09-30',NULL,NULL),(37963,1,202,1601,0,4.88,3786,89,'2014-11-07',NULL,NULL),(37964,1,88,283,0,4.88,3787,89,'2015-03-01',NULL,NULL),(37965,1,169,204,0,4.88,3788,89,'2014-12-10',NULL,NULL),(37966,1,66,486,0,4.88,3789,89,'2015-03-23',NULL,NULL),(37967,2,57,1242,0,4.88,3790,89,'2015-04-01',NULL,NULL),(37968,1,78,58,0,4.88,3791,89,'2015-03-11',NULL,NULL),(37969,2,69,7296,0,4.88,3792,89,'2015-03-20',NULL,NULL),(37970,1,140,748,0,4.88,3793,89,'2015-01-08',NULL,NULL),(37971,2,114,7755,0,4.88,3794,89,'2015-02-03',NULL,NULL),(37972,2,159,375,1,4.88,3795,89,'2014-12-20',0.89,3.49),(37973,1,88,375,0,4.88,3796,89,'2015-03-01',NULL,NULL),(37974,2,91,693,0,4.88,3797,89,'2015-02-26',NULL,NULL),(37975,2,234,357,0,4.88,3798,89,'2014-10-06',NULL,NULL),(37976,1,88,731,0,4.88,3799,89,'2015-03-01',NULL,NULL),(37977,2,183,375,1,4.88,3800,89,'2014-11-26',1.02,4.01),(37978,2,120,2357,0,4.88,3801,89,'2015-01-28',NULL,NULL),(37979,2,243,298,0,4.88,3802,89,'2014-09-27',NULL,NULL),(37980,2,60,775,0,4.88,3803,89,'2015-03-29',NULL,NULL),(37981,1,75,517,0,4.88,3804,89,'2015-03-14',NULL,NULL),(37982,2,260,4888,0,4.88,3805,89,'2014-09-10',NULL,NULL),(37983,2,269,4888,1,4.88,3806,89,'2014-09-01',1.52,9.87),(37984,2,11,4940,1,4.88,3807,89,'2015-05-17',0.88,5.72),(37985,1,88,4940,0,4.88,3808,89,'2015-03-01',NULL,NULL),(37986,2,290,844,0,4.88,3809,89,'2014-08-11',NULL,NULL),(37987,2,93,1909,0,4.88,3810,89,'2015-02-24',NULL,NULL),(37988,2,100,559,0,4.88,3811,89,'2015-02-17',NULL,NULL),(37989,2,287,720,0,4.88,3812,89,'2014-08-14',NULL,NULL),(37990,2,184,707,0,4.88,3813,89,'2014-11-25',NULL,NULL),(37991,2,123,1664,0,4.88,3814,89,'2015-01-25',NULL,NULL),(37992,1,88,351,0,4.88,3815,89,'2015-03-01',NULL,NULL),(37993,2,106,343,0,4.88,3816,89,'2015-02-11',NULL,NULL),(37994,2,70,444,0,4.88,3817,89,'2015-03-19',NULL,NULL),(37995,2,109,102,0,4.88,3818,89,'2015-02-08',NULL,NULL),(37996,1,88,102,1,4.88,3819,89,'2015-03-01',0.36,0.94),(37997,2,180,1105,0,4.88,3820,89,'2014-11-29',NULL,NULL),(37998,1,88,231,0,4.88,3821,89,'2015-03-01',NULL,NULL),(37999,2,88,213,0,4.88,3822,89,'2015-03-01',NULL,NULL),(38000,2,171,317,0,4.88,3823,89,'2014-12-08',NULL,NULL),(38001,2,277,2060,0,4.88,3824,89,'2014-08-24',NULL,NULL),(38002,2,55,814,0,4.88,3825,89,'2015-04-03',NULL,NULL),(38003,2,19,1383,0,4.88,3826,89,'2015-05-09',NULL,NULL),(38004,2,189,207,0,4.88,3827,89,'2014-11-20',NULL,NULL),(38005,1,68,1348,0,4.88,3828,89,'2015-03-21',NULL,NULL),(38006,2,125,137,0,4.88,3829,89,'2015-01-23',NULL,NULL),(38007,2,196,4762,0,4.88,3830,89,'2014-11-13',NULL,NULL),(38008,1,39,97,0,4.88,3831,89,'2015-04-19',NULL,NULL),(38009,1,187,397,0,4.88,3832,89,'2014-11-22',NULL,NULL),(38010,1,63,60,0,4.88,3833,89,'2015-03-26',NULL,NULL),(38011,2,54,384,0,4.88,3834,89,'2015-04-04',NULL,NULL),(38012,2,26,581,0,4.88,3835,89,'2015-05-02',NULL,NULL),(38013,2,176,641,0,4.88,3836,89,'2014-12-03',NULL,NULL),(38014,2,187,150,0,4.88,3837,89,'2014-11-22',NULL,NULL),(38015,2,169,141,0,4.88,3838,89,'2014-12-10',NULL,NULL),(38016,2,26,3587,0,4.88,3839,89,'2015-05-02',NULL,NULL),(38017,1,100,364,0,4.88,3840,89,'2015-02-17',NULL,NULL),(38018,2,27,198,0,4.88,3841,89,'2015-05-01',NULL,NULL),(38019,1,88,1134,1,4.88,3842,89,'2015-03-01',0.36,1.81),(38020,2,31,1134,0,4.88,3843,89,'2015-04-27',NULL,NULL),(38021,1,243,717,0,4.88,3844,89,'2014-09-27',NULL,NULL),(38022,2,84,128,0,4.88,3845,89,'2015-03-05',NULL,NULL),(38023,2,117,2596,0,4.88,3846,89,'2015-01-31',NULL,NULL),(38024,1,39,167,0,4.88,3847,89,'2015-04-19',NULL,NULL),(38025,2,54,34,1,4.88,3848,89,'2015-04-04',0.78,1.19),(38026,1,58,34,0,4.88,3849,89,'2015-03-31',NULL,NULL),(38027,1,16,1655,0,4.88,3850,89,'2015-05-12',NULL,NULL),(38028,1,63,1774,0,4.88,3851,89,'2015-03-26',NULL,NULL),(38029,1,36,107,0,4.88,3852,89,'2015-04-22',NULL,NULL),(38030,1,30,728,0,4.88,3853,89,'2015-04-28',NULL,NULL),(38396,2,2555,136,1,4.20,3267,91,'2008-05-27',1.80,5.24),(38397,2,1959,90,1,16.60,3660,91,'2010-01-13',1.80,4.50),(38398,2,1917,614,1,19.80,3854,91,'2010-02-24',1.80,7.96),(38399,2,1928,211,1,27.20,3272,91,'2010-02-13',1.80,6.03),(38400,2,2249,72,1,25.00,3274,91,'2009-03-29',1.80,4.10),(38401,2,2028,2104,1,18.00,3276,91,'2009-11-05',1.80,10.17),(38402,2,2210,96,1,14.20,3278,91,'2009-05-07',1.80,4.62),(38403,2,2498,186,1,7.20,3279,91,'2008-07-23',1.80,5.81),(38404,2,2229,1559,1,16.20,3280,91,'2009-04-18',1.80,9.63),(38405,2,2279,1440,1,6.60,3281,91,'2009-02-27',1.80,9.49),(38406,2,2226,174,1,12.40,3282,91,'2009-04-21',1.80,5.69),(38407,2,2209,187,1,11.00,3284,91,'2009-05-08',1.80,5.82),(38408,2,2365,485,1,4.20,3285,91,'2008-12-03',1.80,7.53),(38409,2,2014,225,1,31.60,3286,91,'2009-11-19',1.80,6.15),(38410,2,2181,422,1,18.40,3287,91,'2009-06-05',1.80,7.28),(38411,2,2217,371,1,15.80,3289,91,'2009-04-30',1.80,7.05),(38412,2,1991,199,1,32.00,3290,91,'2009-12-12',1.80,5.93),(38413,2,2204,1352,1,16.40,3291,91,'2009-05-13',1.80,9.38),(38414,2,1984,12,1,33.00,3292,91,'2009-12-19',1.80,0.87),(38415,2,2353,386,1,21.80,3294,91,'2008-12-15',1.80,7.12),(38416,2,2218,65,1,15.80,3295,91,'2009-04-29',1.80,3.91),(38417,2,1911,0,0,11.40,3297,91,'2010-03-02',NULL,NULL),(38418,2,2237,548,1,13.60,3300,91,'2009-04-10',1.80,7.75),(38419,2,2497,250,1,17.60,3301,91,'2008-07-24',1.80,6.34),(38420,2,2151,1392,1,10.60,3302,91,'2009-07-05',1.80,9.43),(38421,2,2186,70,1,19.60,3306,91,'2009-05-31',1.80,4.05),(38422,2,2355,320,1,13.40,3310,91,'2008-12-13',1.80,6.78),(38423,2,2067,178,1,35.40,3313,91,'2009-09-27',1.80,5.73),(38424,2,2649,501,1,6.80,3314,91,'2008-02-23',1.80,7.59),(38425,2,2651,910,1,20.80,3317,91,'2008-02-21',1.80,8.66),(38426,2,2165,42,1,25.80,3318,91,'2009-06-21',1.80,3.13),(38427,2,2206,10,1,17.40,3319,91,'2009-05-11',1.80,0.54),(38428,2,2260,95,1,19.20,3320,91,'2009-03-18',1.80,4.60),(38429,2,2466,402,1,13.00,3321,91,'2008-08-24',1.80,7.19),(38430,2,2355,0,0,2.20,3322,91,'2008-12-13',NULL,NULL),(38431,2,2167,78,1,21.80,3324,91,'2009-06-19',1.80,4.24),(38432,2,2476,0,0,20.20,3325,91,'2008-08-14',NULL,NULL),(38433,2,2214,220,1,9.00,3326,91,'2009-05-03',1.80,6.11),(38434,2,2231,47,1,14.00,3327,91,'2009-04-16',1.80,3.33),(38435,2,2244,76,1,18.40,3328,91,'2009-04-03',1.80,4.20),(38436,2,2560,339,1,6.20,3330,91,'2008-05-22',1.80,6.89),(38437,2,2147,67,1,26.00,3331,91,'2009-07-09',1.80,3.97),(38438,2,1926,53,1,12.20,3334,91,'2010-02-15',1.80,3.55),(38439,2,1962,151,1,12.00,3336,91,'2010-01-10',1.80,5.43),(38440,2,1962,51,1,29.60,3662,91,'2010-01-10',1.80,3.48),(38441,2,2238,703,1,9.80,3337,91,'2009-04-09',1.80,8.20),(38442,2,2279,111,1,15.40,3338,91,'2009-02-27',1.80,4.88),(38443,2,2009,617,1,24.80,3340,91,'2009-11-24',1.80,7.96),(38444,2,2046,8,1,27.40,3342,91,'2009-10-18',1.80,0.14),(38445,2,2199,88,1,22.60,3343,91,'2009-05-18',1.80,4.46),(38446,2,2272,2267,1,14.60,3344,91,'2009-03-06',1.80,10.31),(38447,2,2165,116,1,18.40,3345,91,'2009-06-21',1.80,4.96),(38448,2,2518,483,1,4.80,3346,91,'2008-07-03',1.80,7.52),(38449,2,2276,105,1,16.60,3349,91,'2009-03-02',1.80,4.78),(38450,2,2065,969,1,9.60,3350,91,'2009-09-29',1.80,8.78),(38451,2,2507,141,1,12.60,3351,91,'2008-07-14',1.80,5.31),(38452,2,2116,2458,1,27.80,3352,91,'2009-08-09',1.80,10.45),(38453,2,2277,206,1,21.00,3354,91,'2009-03-01',1.80,5.99),(38454,2,2294,96,1,17.60,3356,91,'2009-02-12',1.80,4.62),(38455,2,2104,112,1,27.60,3357,91,'2009-08-21',1.80,4.89),(38456,2,2152,68,1,24.40,3358,91,'2009-07-04',1.80,4.00),(38457,2,2108,561,1,25.00,3359,91,'2009-08-17',1.80,7.79),(38458,2,1953,162,1,33.20,3664,91,'2010-01-19',1.80,5.56),(38459,2,2513,41,1,7.60,3362,91,'2008-07-08',1.80,3.08),(38460,2,2610,0,0,2.00,3364,91,'2008-04-02',NULL,NULL),(38461,2,2210,8,1,12.20,3365,91,'2009-05-07',1.80,0.14),(38462,2,2679,149,1,10.60,3368,91,'2008-01-24',1.80,5.41),(38463,2,1961,162,1,13.20,3370,91,'2010-01-11',1.80,5.56),(38464,2,1977,99,1,34.00,3665,91,'2009-12-26',1.80,4.67),(38465,2,2197,219,1,24.60,3371,91,'2009-05-20',1.80,6.10),(38466,2,2180,87,1,24.40,3374,91,'2009-06-06',1.80,4.44),(38467,2,2116,37,1,16.40,3376,91,'2009-08-09',1.80,2.90),(38468,2,1942,298,1,30.80,3377,91,'2010-01-30',1.80,6.65),(38469,2,1918,631,1,19.80,3379,91,'2010-02-23',1.80,8.01),(38470,2,1986,135,1,24.40,3380,91,'2009-12-17',1.80,5.23),(38471,2,2106,37,1,32.80,3381,91,'2009-08-19',1.80,2.90),(38472,2,2121,200,1,25.40,3382,91,'2009-08-04',1.80,5.94),(38473,2,2063,119,1,20.60,3384,91,'2009-10-01',1.80,5.00),(38474,2,2415,953,1,10.40,3385,91,'2008-10-14',1.80,8.75),(38475,2,2124,1087,1,25.60,3386,91,'2009-08-01',1.80,8.98),(38476,2,2127,70,1,21.20,3387,91,'2009-07-29',1.80,4.05),(38477,2,2253,0,0,2.80,3390,91,'2009-03-25',NULL,NULL),(38478,2,2276,51,1,19.40,3391,91,'2009-03-02',1.80,3.48),(38479,2,2239,670,1,5.60,3395,91,'2009-04-08',1.80,8.11),(38480,2,1983,113,1,27.00,3666,91,'2009-12-20',1.80,4.91),(38481,2,1982,114,1,32.60,3667,91,'2009-12-21',1.80,4.93),(38482,2,2059,88,1,28.60,3398,91,'2009-10-05',1.80,4.46),(38483,2,2074,13,1,19.20,3399,91,'2009-09-20',1.80,1.02),(38484,2,2139,83,1,27.20,3402,91,'2009-07-17',1.80,4.35),(38485,2,2655,0,0,2.00,3403,91,'2008-02-17',NULL,NULL),(38486,2,2103,446,1,23.00,3404,91,'2009-08-22',1.80,7.38),(38487,2,2052,1494,1,37.80,3405,91,'2009-10-12',1.80,9.56),(38488,2,2492,268,1,9.60,3406,91,'2008-07-29',1.80,6.46),(38489,2,1909,318,1,18.00,3855,91,'2010-03-04',1.80,6.77),(38490,2,2183,85,1,20.60,3407,91,'2009-06-03',1.80,4.40),(38491,2,2094,216,1,30.60,3409,91,'2009-08-31',1.80,6.08),(38492,2,2504,126,1,11.40,3412,91,'2008-07-17',1.80,5.11),(38493,2,2225,73,1,4.00,3415,91,'2009-04-22',1.80,4.12),(38494,2,1997,424,1,26.60,3416,91,'2009-12-06',1.80,7.29),(38495,2,2209,55,1,17.40,3417,91,'2009-05-08',1.80,3.61),(38496,2,2592,47,1,12.20,3418,91,'2008-04-20',1.80,3.33),(38497,2,2134,44,1,26.20,3419,91,'2009-07-22',1.80,3.21),(38498,2,1998,1012,1,16.00,3420,91,'2009-12-05',1.80,8.86),(38499,2,2167,259,1,11.00,3423,91,'2009-06-19',1.80,6.40),(38500,2,2022,15,1,34.20,3426,91,'2009-11-11',1.80,1.27),(38501,2,2132,125,1,21.60,3427,91,'2009-07-24',1.80,5.09),(38502,2,2188,278,1,12.60,3428,91,'2009-05-29',1.80,6.53),(38503,2,2188,128,1,25.00,3429,91,'2009-05-29',1.80,5.13),(38504,2,2032,81,1,31.20,3430,91,'2009-11-01',1.80,4.31),(38505,2,2210,78,1,16.80,3432,91,'2009-05-07',1.80,4.24),(38506,2,2063,33,1,27.80,3433,91,'2009-10-01',1.80,2.69),(38507,2,2057,57,1,27.00,3434,91,'2009-10-07',1.80,3.68),(38508,2,2243,36,1,16.20,3435,91,'2009-04-04',1.80,2.85),(38509,2,2214,362,1,23.80,3437,91,'2009-05-03',1.80,7.00),(38510,2,2231,39,1,16.40,3438,91,'2009-04-16',1.80,2.99),(38511,2,2249,161,1,10.00,3439,91,'2009-03-29',1.80,5.55),(38512,2,2079,372,1,9.60,3440,91,'2009-09-15',1.80,7.05),(38513,2,2196,391,1,18.60,3441,91,'2009-05-21',1.80,7.14),(38514,2,2045,12,1,24.00,3442,91,'2009-10-19',1.80,0.87),(38515,2,2139,12,1,21.60,3443,91,'2009-07-17',1.80,0.87),(38516,2,2158,63,1,12.00,3444,91,'2009-06-28',1.80,3.86),(38517,2,2156,5,1,28.80,3445,91,'2009-06-30',1.80,0.00),(38518,2,2233,987,1,14.40,3446,91,'2009-04-14',1.80,8.81),(38519,2,2162,2,1,16.80,3447,91,'2009-06-24',1.80,0.00),(38520,2,1967,84,1,23.80,3669,91,'2010-01-05',1.80,4.38),(38521,2,2083,43,1,22.20,3450,91,'2009-09-11',1.80,3.17),(38522,2,2162,54,1,17.80,3452,91,'2009-06-24',1.80,3.58),(38523,2,2066,125,1,26.60,3455,91,'2009-09-28',1.80,5.09),(38524,2,1964,1110,1,32.20,3670,91,'2010-01-08',1.80,9.02),(38525,2,1923,111,1,23.80,3456,91,'2010-02-18',1.80,4.88),(38526,2,2099,46,1,22.00,3458,91,'2009-08-26',1.80,3.29),(38527,2,2205,472,1,8.20,3462,91,'2009-05-12',1.80,7.48),(38528,2,2181,4,1,21.00,3465,91,'2009-06-05',1.80,0.00),(38529,2,2170,76,1,27.40,3466,91,'2009-06-16',1.80,4.20),(38530,2,1934,41,1,18.60,3467,91,'2010-02-07',1.80,3.08),(38531,2,2133,3,1,14.00,3468,91,'2009-07-23',1.80,0.00),(38532,2,2231,15,1,24.40,3469,91,'2009-04-16',1.80,1.27),(38533,2,2524,116,1,10.40,3471,91,'2008-06-27',1.80,4.96),(38534,2,2449,75,1,11.00,3472,91,'2008-09-10',1.80,4.17),(38535,2,2505,125,1,15.60,3473,91,'2008-07-16',1.80,5.09),(38536,2,2181,113,1,19.20,3474,91,'2009-06-05',1.80,4.91),(38537,2,1951,8,1,16.80,3671,91,'2010-01-21',1.80,0.14),(38538,2,2162,4,1,21.60,3475,91,'2009-06-24',1.80,0.00),(38539,2,1971,38,1,27.80,3672,91,'2010-01-01',1.80,2.95),(38540,2,2106,1066,1,27.40,3476,91,'2009-08-19',1.80,8.95),(38541,2,2104,45,1,30.20,3479,91,'2009-08-21',1.80,3.25),(38542,2,2510,282,1,8.20,3480,91,'2008-07-11',1.80,6.56),(38543,2,2045,36,1,36.00,3481,91,'2009-10-19',1.80,2.85),(38544,2,2051,10,1,19.60,3482,91,'2009-10-13',1.80,0.54),(38545,2,2158,98,1,18.40,3483,91,'2009-06-28',1.80,4.65),(38546,2,2111,83,1,20.80,3485,91,'2009-08-14',1.80,4.35),(38547,2,2044,48,1,22.40,3486,91,'2009-10-20',1.80,3.37),(38548,2,1936,12,1,19.20,3856,91,'2010-02-05',1.80,0.87),(38549,2,2041,361,1,30.00,3487,91,'2009-10-23',1.80,7.00),(38550,1,2600,142,1,4.20,3488,91,'2008-04-12',0.52,1.54),(38551,2,2208,400,1,17.60,3489,91,'2009-05-09',1.80,7.18),(38552,2,2209,0,0,2.00,3490,91,'2009-05-08',NULL,NULL),(38553,2,2180,1046,1,17.60,3491,91,'2009-06-06',1.80,8.91),(38554,2,1971,258,1,20.60,3673,91,'2010-01-01',1.80,6.40),(38555,2,2064,12,1,30.60,3493,91,'2009-09-30',1.80,0.87),(38556,2,1935,185,1,39.80,3494,91,'2010-02-06',1.80,5.80),(38557,2,2073,101,1,30.40,3495,91,'2009-09-21',1.80,4.71),(38558,2,2157,43,1,19.20,3496,91,'2009-06-29',1.80,3.17),(38559,2,2151,43,1,25.60,3498,91,'2009-07-05',1.80,3.17),(38560,1,2214,4,1,17.00,3499,91,'2009-05-03',0.52,0.00),(38561,2,2065,111,1,21.60,3501,91,'2009-09-29',1.80,4.88),(38562,2,2193,4,1,15.20,3502,91,'2009-05-24',1.80,0.00),(38563,2,2052,74,1,31.80,3504,91,'2009-10-12',1.80,4.15),(38564,2,2211,136,1,27.40,3505,91,'2009-05-06',1.80,5.24),(38565,2,1962,96,1,12.00,3506,91,'2010-01-10',1.80,4.62),(38566,2,2206,142,1,23.60,3507,91,'2009-05-11',1.80,5.32),(38567,2,1971,98,1,23.20,3674,91,'2010-01-01',1.80,4.65),(38568,1,2516,199,1,5.60,3509,91,'2008-07-05',0.52,1.71),(38569,2,2502,103,1,9.80,3510,91,'2008-07-19',1.80,4.74),(38570,2,1931,72,1,16.60,3511,91,'2010-02-10',1.80,4.10),(38571,2,2210,116,1,15.20,3512,91,'2009-05-07',1.80,4.96),(38572,2,2197,111,1,21.60,3513,91,'2009-05-20',1.80,4.88),(38573,2,2208,45,1,20.80,3516,91,'2009-05-09',1.80,3.25),(38574,1,2609,118,1,6.00,3517,91,'2008-04-03',0.52,1.44),(38575,1,2583,116,1,9.60,3518,91,'2008-04-29',0.52,1.43),(38576,2,1954,513,1,31.40,3675,91,'2010-01-18',1.80,7.63),(38577,2,2063,329,1,28.20,3519,91,'2009-10-01',1.80,6.83),(38578,2,2089,451,1,16.40,3520,91,'2009-09-05',1.80,7.40),(38579,2,2022,88,1,30.40,3521,91,'2009-11-11',1.80,4.46),(38580,2,1896,73,1,18.40,3522,91,'2010-03-17',1.80,4.12),(38581,2,1975,4,1,30.00,3676,91,'2009-12-28',1.80,0.00),(38582,2,2228,46,1,17.60,3523,91,'2009-04-19',1.80,3.29),(38583,2,2078,2403,1,21.60,3524,91,'2009-09-16',1.80,10.41),(38584,1,2358,73,1,9.20,3525,91,'2008-12-10',0.52,1.19),(38585,2,2116,73,1,16.20,3526,91,'2009-08-09',1.80,4.12),(38586,2,2003,93,1,31.80,3527,91,'2009-11-30',1.80,4.56),(38587,1,2436,263,1,2.40,3528,91,'2008-09-23',0.52,1.86),(38588,2,2012,100,1,21.40,3529,91,'2009-11-21',1.80,4.69),(38589,1,2075,255,1,12.80,3530,91,'2009-09-19',0.52,1.84),(38590,1,2221,56,1,12.00,3531,91,'2009-04-26',0.52,1.05),(38591,2,1979,36,1,22.60,3677,91,'2009-12-24',1.80,2.85),(38592,2,2092,10,1,27.60,3533,91,'2009-09-02',1.80,0.54),(38593,2,1984,21,1,38.00,3534,91,'2009-12-19',1.80,1.88),(38594,2,1989,45,1,26.80,3535,91,'2009-12-14',1.80,3.25),(38595,2,2089,36,1,25.80,3537,91,'2009-09-05',1.80,2.85),(38596,1,2365,547,1,12.80,3540,91,'2008-12-03',0.52,2.24),(38597,2,1985,74,1,18.60,3541,91,'2009-12-18',1.80,4.15),(38598,2,1998,117,1,31.40,3542,91,'2009-12-05',1.80,4.97),(38599,1,2434,36,1,13.80,3543,91,'2008-09-25',0.52,0.82),(38600,1,2366,64,1,10.60,3546,91,'2008-12-02',0.52,1.12),(38601,2,1924,9,1,32.20,3547,91,'2010-02-17',1.80,0.36),(38602,1,2444,88,1,12.60,3548,91,'2008-09-15',0.52,1.29),(38603,2,1971,2,1,28.20,3678,91,'2010-01-01',1.80,0.00),(38604,2,2020,147,1,22.80,3550,91,'2009-11-13',1.80,5.38),(38605,1,2137,267,1,18.60,3551,91,'2009-07-19',0.52,1.87),(38606,1,2438,240,1,13.20,3552,91,'2008-09-21',0.52,1.81),(38607,1,2456,5,1,15.60,3553,91,'2008-09-03',0.52,0.00),(38608,1,2013,138,1,20.20,3554,91,'2009-11-20',0.52,1.52),(38609,2,1991,124,1,18.80,3555,91,'2009-12-12',1.80,5.08),(38610,1,2431,169,1,20.00,3556,91,'2008-09-28',0.52,1.63),(38611,1,2251,42,1,15.80,3557,91,'2009-03-27',0.52,0.90),(38612,2,2007,156,1,26.20,3558,91,'2009-11-26',1.80,5.49),(38613,1,2227,42,1,18.40,3559,91,'2009-04-20',0.52,0.90),(38614,2,2036,0,0,2.00,3561,91,'2009-10-28',NULL,NULL),(38615,2,1892,51,1,21.60,3562,91,'2010-03-21',1.80,3.48),(38616,1,2390,362,1,16.20,3563,91,'2008-11-08',0.52,2.02),(38617,1,2251,6,1,16.40,3564,91,'2009-03-27',0.52,0.00),(38618,2,2019,188,1,25.20,3565,91,'2009-11-14',1.80,5.83),(38619,2,1935,298,1,23.00,3568,91,'2010-02-06',1.80,6.65),(38620,1,1994,5,1,24.60,3571,91,'2009-12-09',0.52,0.00),(38621,1,2267,58,1,14.80,3574,91,'2009-03-11',0.52,1.07),(38622,1,2154,12,1,25.00,3576,91,'2009-07-02',0.52,0.25),(38623,1,2247,59,1,15.60,3577,91,'2009-03-31',0.52,1.08),(38624,1,2265,7,1,23.20,3579,91,'2009-03-13',0.52,0.00),(38625,1,2260,12,1,17.60,3583,91,'2009-03-18',0.52,0.25),(38626,1,2412,122,1,18.60,3586,91,'2008-10-17',0.52,1.46),(38627,1,2251,990,1,15.40,3587,91,'2009-03-27',0.52,2.55),(38628,1,1967,335,1,11.40,3679,91,'2010-01-05',0.52,1.98),(38629,1,2244,94,1,7.60,3590,91,'2009-04-03',0.52,1.32),(38630,1,2256,94,1,18.80,3592,91,'2009-03-22',0.52,1.32),(38631,1,2257,12,1,18.80,3594,91,'2009-03-21',0.52,0.25),(38632,1,2188,23,1,13.00,3595,91,'2009-05-29',0.52,0.59),(38633,1,2098,193,1,25.60,3596,91,'2009-08-27',0.52,1.70),(38634,1,2238,75,1,10.80,3597,91,'2009-04-09',0.52,1.21),(38635,1,2099,96,1,25.00,3598,91,'2009-08-26',0.52,1.33),(38636,1,2259,46,1,13.60,3599,91,'2009-03-19',0.52,0.95),(38637,1,2245,236,1,17.80,3601,91,'2009-04-02',0.52,1.80),(38638,1,2146,34,1,24.00,3605,91,'2009-07-10',0.52,0.79),(38639,1,2193,1694,1,19.60,3606,91,'2009-05-24',0.52,2.83),(38640,1,2075,8,1,18.40,3607,91,'2009-09-19',0.52,0.04),(38641,1,2047,10,1,24.60,3608,91,'2009-10-17',0.52,0.16),(38642,1,2135,203,1,18.40,3609,91,'2009-07-21',0.52,1.72),(38643,1,2251,593,1,18.00,3611,91,'2009-03-27',0.52,2.28),(38644,1,2117,547,1,19.20,3612,91,'2009-08-08',0.52,2.24),(38645,1,2231,231,1,12.00,3615,91,'2009-04-16',0.52,1.79),(38646,1,2050,0,0,2.00,3616,91,'2009-10-14',NULL,NULL),(38647,1,2061,124,1,23.00,3618,91,'2009-10-03',0.52,1.47),(38648,1,2255,92,1,13.20,3619,91,'2009-03-23',0.52,1.31),(38649,1,2261,42,1,10.80,3620,91,'2009-03-17',0.52,0.90),(38650,1,2243,65,1,15.80,3622,91,'2009-04-04',0.52,1.13),(38651,1,2154,74,1,22.20,3623,91,'2009-07-02',0.52,1.20),(38652,1,2251,76,1,22.00,3624,91,'2009-03-27',0.52,1.21),(38653,2,1927,244,1,21.40,3625,91,'2010-02-14',1.80,6.29),(38654,1,2135,74,1,18.40,3626,91,'2009-07-21',0.52,1.20),(38655,1,2249,45,1,18.20,3627,91,'2009-03-29',0.52,0.94),(38656,1,2238,288,1,22.60,3629,91,'2009-04-09',0.52,1.90),(38657,1,2089,691,1,24.60,3631,91,'2009-09-05',0.52,2.36),(38658,1,2163,68,1,19.60,3632,91,'2009-06-23',0.52,1.15),(38659,1,2082,229,1,28.60,3633,91,'2009-09-12',0.52,1.79),(38660,1,2245,26,1,13.20,3634,91,'2009-04-02',0.52,0.65),(38661,1,1971,310,1,23.60,3680,91,'2010-01-01',0.52,1.94),(38662,1,2136,161,1,15.00,3635,91,'2009-07-20',0.52,1.60),(38663,1,2144,40,1,18.60,3637,91,'2009-07-12',0.52,0.88),(38664,1,2138,36,1,14.40,3638,91,'2009-07-18',0.52,0.82),(38665,1,2066,48,1,18.20,3639,91,'2009-09-28',0.52,0.97),(38666,1,2007,12,1,19.40,3640,91,'2009-11-26',0.52,0.25),(38667,1,2099,125,1,24.20,3641,91,'2009-08-26',0.52,1.47),(38668,1,2241,106,1,15.20,3642,91,'2009-04-06',0.52,1.38),(38669,1,2099,106,1,12.40,3644,91,'2009-08-26',0.52,1.38),(38670,1,2099,653,1,19.60,3645,91,'2009-08-26',0.52,2.33),(38671,1,2066,657,1,20.80,3646,91,'2009-09-28',0.52,2.33),(38672,1,2167,44,1,13.00,3647,91,'2009-06-19',0.52,0.93),(38673,1,2124,335,1,18.60,3648,91,'2009-08-01',0.52,1.98),(38674,1,2019,123,1,19.40,3649,91,'2009-11-14',0.52,1.46),(38675,1,2132,1885,1,23.80,3650,91,'2009-07-24',0.52,2.88),(38676,1,2108,3,1,18.60,3653,91,'2009-08-17',0.52,0.00),(38677,2,3023,64,1,9.20,3657,91,'2007-02-14',1.80,3.89),(38678,2,2223,77,1,13.00,3658,91,'2009-04-24',1.80,4.22),(38679,2,2050,0,0,19.93,3269,91,'2009-10-14',NULL,NULL),(38680,2,2104,0,0,19.93,3270,91,'2009-08-21',NULL,NULL),(38681,2,2277,0,0,19.93,3277,91,'2009-03-01',NULL,NULL),(38682,2,2200,0,0,19.93,3283,91,'2009-05-17',NULL,NULL),(38683,2,2238,0,0,19.93,3293,91,'2009-04-09',NULL,NULL),(38684,2,2606,0,0,19.93,3296,91,'2008-04-06',NULL,NULL),(38685,2,2581,0,0,19.93,3304,91,'2008-05-01',NULL,NULL),(38686,2,2224,0,0,19.93,3305,91,'2009-04-23',NULL,NULL),(38687,2,1920,0,0,19.93,3307,91,'2010-02-21',NULL,NULL),(38688,2,2209,0,0,19.93,3332,91,'2009-05-08',NULL,NULL),(38689,2,2073,0,0,19.93,3335,91,'2009-09-21',NULL,NULL),(38690,2,1967,0,0,19.93,3661,91,'2010-01-05',NULL,NULL),(38691,2,2206,0,0,19.93,3341,91,'2009-05-11',NULL,NULL),(38692,2,1964,0,0,19.93,3663,91,'2010-01-08',NULL,NULL),(38693,2,1998,0,0,19.93,3360,91,'2009-12-05',NULL,NULL),(38694,2,1987,0,0,19.93,3363,91,'2009-12-16',NULL,NULL),(38695,2,2154,0,0,19.93,3366,91,'2009-07-02',NULL,NULL),(38696,2,2058,0,0,19.93,3367,91,'2009-10-06',NULL,NULL),(38697,2,2163,0,0,19.93,3369,91,'2009-06-23',NULL,NULL),(38698,2,2235,0,0,19.93,3375,91,'2009-04-12',NULL,NULL),(38699,2,1916,0,0,19.93,3383,91,'2010-02-25',NULL,NULL),(38700,2,2174,0,0,19.93,3388,91,'2009-06-12',NULL,NULL),(38701,2,2015,0,0,19.93,3393,91,'2009-11-18',NULL,NULL),(38702,2,2255,0,0,19.93,3394,91,'2009-03-23',NULL,NULL),(38703,2,2358,0,0,19.93,3400,91,'2008-12-10',NULL,NULL),(38704,2,2279,0,0,19.93,3401,91,'2009-02-27',NULL,NULL),(38705,2,1975,0,0,19.93,3668,91,'2009-12-28',NULL,NULL),(38706,2,2266,0,0,19.93,3413,91,'2009-03-12',NULL,NULL),(38707,2,1997,0,0,19.93,3421,91,'2009-12-06',NULL,NULL),(38708,2,2055,0,0,19.93,3425,91,'2009-10-09',NULL,NULL),(38709,2,2037,0,0,19.93,3431,91,'2009-10-27',NULL,NULL),(38710,2,2193,0,0,19.93,3448,91,'2009-05-24',NULL,NULL),(38711,1,2611,0,0,16.71,3454,91,'2008-04-01',NULL,NULL),(38712,2,1910,0,0,19.93,3457,91,'2010-03-03',NULL,NULL),(38713,2,2069,0,0,19.93,3470,91,'2009-09-25',NULL,NULL),(38714,2,2013,0,0,19.93,3478,91,'2009-11-20',NULL,NULL),(38715,2,2159,0,0,19.93,3500,91,'2009-06-27',NULL,NULL),(38716,2,2224,0,0,19.93,3503,91,'2009-04-23',NULL,NULL),(38717,2,2166,0,0,19.93,3508,91,'2009-06-20',NULL,NULL),(38718,1,2599,0,0,16.71,3514,91,'2008-04-13',NULL,NULL),(38719,2,2160,0,0,19.93,3515,91,'2009-06-26',NULL,NULL),(38720,2,2047,0,0,19.93,3536,91,'2009-10-17',NULL,NULL),(38721,1,2436,0,0,16.71,3538,91,'2008-09-23',NULL,NULL),(38722,1,2412,0,0,16.71,3544,91,'2008-10-17',NULL,NULL),(38723,2,2062,0,0,19.93,3549,91,'2009-10-02',NULL,NULL),(38724,1,2211,0,0,16.71,3560,91,'2009-05-06',NULL,NULL),(38725,1,2252,0,0,16.71,3573,91,'2009-03-26',NULL,NULL),(38726,1,2264,0,0,16.71,3578,91,'2009-03-14',NULL,NULL),(38727,1,2239,0,0,16.71,3600,91,'2009-04-08',NULL,NULL),(38728,1,2070,0,0,16.71,3621,91,'2009-09-24',NULL,NULL),(38729,1,2240,0,0,16.71,3630,91,'2009-04-07',NULL,NULL),(38730,1,1971,0,0,16.71,3681,91,'2010-01-01',NULL,NULL),(38731,1,2146,0,0,16.71,3636,91,'2009-07-10',NULL,NULL),(38732,1,2107,0,0,16.71,3643,91,'2009-08-18',NULL,NULL),(38733,1,2135,0,0,16.71,3652,91,'2009-07-21',NULL,NULL),(38734,1,2060,0,0,16.71,3654,91,'2009-10-04',NULL,NULL),(38735,1,2062,0,0,16.71,3655,91,'2009-10-02',NULL,NULL),(38736,2,2469,1749,1,18.00,3265,92,'2008-09-21',1.80,9.84),(38737,2,2267,35,1,20.20,3266,92,'2009-04-11',1.80,2.80),(38738,2,2586,269,1,14.40,3267,92,'2008-05-27',1.80,6.47),(38739,2,2081,64,1,24.20,3269,92,'2009-10-14',1.80,3.89),(38740,2,2135,13,1,29.00,3270,92,'2009-08-21',1.80,1.02),(38741,2,2245,310,1,15.60,3271,92,'2009-05-03',1.80,6.73),(38742,2,2280,67,1,31.20,3274,92,'2009-03-29',1.80,3.97),(38743,2,2059,404,1,24.00,3276,92,'2009-11-05',1.80,7.20),(38744,2,2308,12,1,15.20,3277,92,'2009-03-01',1.80,0.87),(38745,2,2241,4,1,19.60,3278,92,'2009-05-07',1.80,0.00),(38746,2,2529,788,1,17.60,3279,92,'2008-07-23',1.80,8.41),(38747,2,2260,10,1,24.40,3280,92,'2009-04-18',1.80,0.54),(38748,2,2310,2325,1,23.60,3281,92,'2009-02-27',1.80,10.35),(38749,2,2257,193,1,25.60,3282,92,'2009-04-21',1.80,5.87),(38750,2,2231,20,1,22.60,3283,92,'2009-05-17',1.80,1.79),(38751,2,2240,222,1,18.00,3284,92,'2009-05-08',1.80,6.12),(38752,2,2396,60,1,13.60,3285,92,'2008-12-03',1.80,3.77),(38753,2,2045,10,1,26.00,3286,92,'2009-11-19',1.80,0.54),(38754,2,2212,190,1,19.40,3287,92,'2009-06-05',1.80,5.84),(38755,2,2518,41,1,25.60,3288,92,'2008-08-03',1.80,3.08),(38756,2,2248,426,1,24.40,3289,92,'2009-04-30',1.80,7.30),(38757,2,2022,343,1,18.20,3290,92,'2009-12-12',1.80,6.91),(38758,2,2235,1452,1,23.20,3291,92,'2009-05-13',1.80,9.51),(38759,2,2015,192,1,30.00,3292,92,'2009-12-19',1.80,5.86),(38760,2,2269,123,1,29.40,3293,92,'2009-04-09',1.80,5.06),(38761,2,2384,14,1,20.40,3294,92,'2008-12-15',1.80,1.15),(38762,2,2249,167,1,27.20,3295,92,'2009-04-29',1.80,5.61),(38763,2,2637,256,1,20.20,3296,92,'2008-04-06',1.80,6.38),(38764,2,2628,1582,1,14.20,3299,92,'2008-04-15',1.80,9.66),(38765,2,2268,0,0,24.20,3300,92,'2009-04-10',NULL,NULL),(38766,2,2528,48,1,21.60,3301,92,'2008-07-24',1.80,3.37),(38767,2,2182,833,1,15.20,3302,92,'2009-07-05',1.80,8.51),(38768,2,2045,113,1,25.20,3303,92,'2009-11-19',1.80,4.91),(38769,2,2612,237,1,15.40,3304,92,'2008-05-01',1.80,6.24),(38770,2,2255,935,1,33.20,3305,92,'2009-04-23',1.80,8.71),(38771,2,2217,1146,1,18.60,3306,92,'2009-05-31',1.80,9.08),(38772,2,2447,144,1,22.20,3308,92,'2008-10-13',1.80,5.35),(38773,2,2297,278,1,19.40,3309,92,'2009-03-12',1.80,6.53),(38774,2,2386,116,1,20.80,3310,92,'2008-12-13',1.80,4.96),(38775,2,2245,96,1,29.20,3312,92,'2009-05-03',1.80,4.62),(38776,2,2098,270,1,34.00,3313,92,'2009-09-27',1.80,6.48),(38777,2,2680,2264,1,23.60,3314,92,'2008-02-23',1.80,10.30),(38778,2,2300,1942,1,23.60,3315,92,'2009-03-09',1.80,10.03),(38779,2,2275,52,1,17.60,3316,92,'2009-04-03',1.80,3.51),(38780,2,2682,218,1,26.20,3317,92,'2008-02-21',1.80,6.09),(38781,2,2196,190,1,29.60,3318,92,'2009-06-21',1.80,5.84),(38782,2,2237,527,1,26.60,3319,92,'2009-05-11',1.80,7.68),(38783,2,2291,39,1,23.20,3320,92,'2009-03-18',1.80,2.99),(38784,2,2497,44,1,18.80,3321,92,'2008-08-24',1.80,3.21),(38785,2,2386,1610,1,24.40,3322,92,'2008-12-13',1.80,9.69),(38786,2,2198,70,1,29.00,3324,92,'2009-06-19',1.80,4.05),(38787,2,2507,14,1,26.60,3325,92,'2008-08-14',1.80,1.15),(38788,2,2245,290,1,25.40,3326,92,'2009-05-03',1.80,6.61),(38789,2,2262,861,1,31.60,3327,92,'2009-04-16',1.80,8.56),(38790,2,2275,937,1,24.80,3328,92,'2009-04-03',1.80,8.72),(38791,2,2540,890,1,24.00,3329,92,'2008-07-12',1.80,8.62),(38792,2,2591,1208,1,27.80,3330,92,'2008-05-22',1.80,9.17),(38793,2,2178,945,1,30.00,3331,92,'2009-07-09',1.80,8.73),(38794,2,2240,265,1,30.00,3332,92,'2009-05-08',1.80,6.44),(38795,2,1998,1551,1,29.00,3661,92,'2010-01-05',1.80,9.62),(38796,2,1993,883,1,30.80,3336,92,'2010-01-10',1.80,8.61),(38797,2,1993,369,1,22.00,3662,92,'2010-01-10',1.80,7.04),(38798,2,2269,1370,1,18.00,3337,92,'2009-04-09',1.80,9.40),(38799,2,2310,917,1,25.80,3338,92,'2009-02-27',1.80,8.68),(38800,2,2040,964,1,33.80,3340,92,'2009-11-24',1.80,8.77),(38801,2,2237,894,1,26.60,3341,92,'2009-05-11',1.80,8.63),(38802,2,2077,109,1,26.20,3342,92,'2009-10-18',1.80,4.84),(38803,2,2230,376,1,25.80,3343,92,'2009-05-18',1.80,7.07),(38804,2,2303,160,1,24.40,3344,92,'2009-03-06',1.80,5.54),(38805,2,2196,256,1,31.80,3345,92,'2009-06-21',1.80,6.38),(38806,2,1995,67,1,27.60,3663,92,'2010-01-08',1.80,3.97),(38807,2,2549,882,1,25.40,3346,92,'2008-07-03',1.80,8.61),(38808,2,2231,925,1,23.20,3348,92,'2009-05-17',1.80,8.69),(38809,2,2307,343,1,26.00,3349,92,'2009-03-02',1.80,6.91),(38810,2,2096,238,1,19.40,3350,92,'2009-09-29',1.80,6.25),(38811,2,2538,299,1,23.40,3351,92,'2008-07-14',1.80,6.66),(38812,2,2147,210,1,27.40,3352,92,'2009-08-09',1.80,6.02),(38813,2,2319,957,1,23.40,3353,92,'2009-02-18',1.80,8.75),(38814,2,2308,863,1,17.60,3354,92,'2009-03-01',1.80,8.57),(38815,2,2325,5164,1,29.00,3356,92,'2009-02-12',1.80,11.79),(38816,2,2135,74,1,38.40,3357,92,'2009-08-21',1.80,4.15),(38817,2,2183,359,1,33.00,3358,92,'2009-07-04',1.80,6.99),(38818,2,2139,352,1,27.20,3359,92,'2009-08-17',1.80,6.95),(38819,2,1984,685,1,26.60,3664,92,'2010-01-19',1.80,8.15),(38820,2,2544,374,1,19.00,3362,92,'2008-07-08',1.80,7.06),(38821,2,2018,883,1,33.20,3363,92,'2009-12-16',1.80,8.61),(38822,2,2641,768,1,15.60,3364,92,'2008-04-02',1.80,8.36),(38823,2,2241,153,1,25.00,3365,92,'2009-05-07',1.80,5.45),(38824,2,2185,186,1,43.20,3366,92,'2009-07-02',1.80,5.81),(38825,2,2089,59,1,41.00,3367,92,'2009-10-06',1.80,3.74),(38826,2,2710,355,1,17.60,3368,92,'2008-01-24',1.80,6.97),(38827,2,2194,348,1,31.20,3369,92,'2009-06-23',1.80,6.93),(38828,2,1992,96,1,19.40,3370,92,'2010-01-11',1.80,4.62),(38829,2,2008,81,1,31.60,3665,92,'2009-12-26',1.80,4.31),(38830,2,2228,963,1,30.80,3371,92,'2009-05-20',1.80,8.77),(38831,2,2511,628,1,19.00,3372,92,'2008-08-10',1.80,8.00),(38832,2,2211,965,1,31.20,3374,92,'2009-06-06',1.80,8.77),(38833,2,2147,320,1,33.60,3376,92,'2009-08-09',1.80,6.78),(38834,2,2017,441,1,14.80,3380,92,'2009-12-17',1.80,7.36),(38835,2,2137,217,1,35.00,3381,92,'2009-08-19',1.80,6.08),(38836,2,2152,128,1,36.40,3382,92,'2009-08-04',1.80,5.13),(38837,2,2094,713,1,21.60,3384,92,'2009-10-01',1.80,8.23),(38838,2,2446,981,1,22.60,3385,92,'2008-10-14',1.80,8.80),(38839,2,2155,919,1,33.60,3386,92,'2009-08-01',1.80,8.68),(38840,2,2158,634,1,26.60,3387,92,'2009-07-29',1.80,8.01),(38841,2,2205,62,1,27.20,3388,92,'2009-06-12',1.80,3.83),(38842,2,2324,385,1,28.20,3389,92,'2009-02-13',1.80,7.12),(38843,2,2284,933,1,17.60,3390,92,'2009-03-25',1.80,8.71),(38844,2,2307,956,1,22.60,3391,92,'2009-03-02',1.80,8.75),(38845,2,2224,402,1,29.20,3392,92,'2009-05-24',1.80,7.19),(38846,2,2046,930,1,33.20,3393,92,'2009-11-18',1.80,8.70),(38847,2,2270,872,1,20.80,3395,92,'2009-04-08',1.80,8.59),(38848,2,2306,985,1,21.20,3396,92,'2009-03-03',1.80,8.81),(38849,2,2014,64,1,30.00,3666,92,'2009-12-20',1.80,3.89),(38850,2,2013,152,1,26.00,3667,92,'2009-12-21',1.80,5.44),(38851,2,2280,928,1,23.60,3397,92,'2009-03-29',1.80,8.70),(38852,2,2090,204,1,39.40,3398,92,'2009-10-05',1.80,5.97),(38853,2,2105,952,1,25.80,3399,92,'2009-09-20',1.80,8.75),(38854,2,2389,908,1,25.80,3400,92,'2008-12-10',1.80,8.66),(38855,2,2310,948,1,27.60,3401,92,'2009-02-27',1.80,8.74),(38856,2,2170,940,1,28.20,3402,92,'2009-07-17',1.80,8.72),(38857,2,2686,874,1,17.20,3403,92,'2008-02-17',1.80,8.59),(38858,2,2006,73,1,27.80,3668,92,'2009-12-28',1.80,4.12),(38859,2,2134,944,1,32.40,3404,92,'2009-08-22',1.80,8.73),(38860,2,2083,1457,1,32.60,3405,92,'2009-10-12',1.80,9.51),(38861,2,2523,929,1,19.60,3406,92,'2008-07-29',1.80,8.70),(38862,2,2214,942,1,31.20,3407,92,'2009-06-03',1.80,8.73),(38863,2,2125,861,1,39.80,3409,92,'2009-08-31',1.80,8.56),(38864,2,1923,1744,1,20.80,3410,92,'2010-03-21',1.80,9.84),(38865,2,2339,927,1,22.60,3411,92,'2009-01-29',1.80,8.70),(38866,2,2535,850,1,26.20,3412,92,'2008-07-17',1.80,8.54),(38867,2,2297,88,1,18.60,3413,92,'2009-03-12',1.80,4.46),(38868,2,2256,475,1,40.20,3415,92,'2009-04-22',1.80,7.49),(38869,2,2028,884,1,15.00,3416,92,'2009-12-06',1.80,8.61),(38870,2,2240,475,1,23.60,3417,92,'2009-05-08',1.80,7.49),(38871,2,2623,440,1,19.00,3418,92,'2008-04-20',1.80,7.36),(38872,2,2165,931,1,23.80,3419,92,'2009-07-22',1.80,8.71),(38873,2,2029,80,1,20.80,3420,92,'2009-12-05',1.80,4.29),(38874,2,2028,496,1,32.00,3421,92,'2009-12-06',1.80,7.57),(38875,2,2198,144,1,17.00,3423,92,'2009-06-19',1.80,5.35),(38876,2,2257,945,1,19.20,3424,92,'2009-04-21',1.80,8.73),(38877,2,2086,970,1,32.80,3425,92,'2009-10-09',1.80,8.78),(38878,2,2053,4200,1,37.60,3426,92,'2009-11-11',1.80,11.42),(38879,2,2163,280,1,38.20,3427,92,'2009-07-24',1.80,6.54),(38880,2,2219,952,1,19.60,3428,92,'2009-05-29',1.80,8.75),(38881,2,2219,102,1,25.80,3429,92,'2009-05-29',1.80,4.72),(38882,2,2063,2779,1,38.60,3430,92,'2009-11-01',1.80,10.67),(38883,2,2068,2001,1,38.40,3431,92,'2009-10-27',1.80,10.08),(38884,2,2241,1655,1,21.20,3432,92,'2009-05-07',1.80,9.74),(38885,2,2094,41,1,23.60,3433,92,'2009-10-01',1.80,3.08),(38886,2,2088,1014,1,30.60,3434,92,'2009-10-07',1.80,8.86),(38887,2,2274,155,1,31.60,3435,92,'2009-04-04',1.80,5.48),(38888,2,2245,937,1,32.00,3437,92,'2009-05-03',1.80,8.72),(38889,2,2262,983,1,21.80,3438,92,'2009-04-16',1.80,8.80),(38890,2,2280,324,1,20.60,3439,92,'2009-03-29',1.80,6.81),(38891,2,2110,912,1,32.00,3440,92,'2009-09-15',1.80,8.67),(38892,2,2227,94,1,34.00,3441,92,'2009-05-21',1.80,4.58),(38893,2,2076,1075,1,32.00,3442,92,'2009-10-19',1.80,8.96),(38894,2,2170,67,1,26.60,3443,92,'2009-07-17',1.80,3.97),(38895,2,2189,913,1,23.60,3444,92,'2009-06-28',1.80,8.67),(38896,2,2187,208,1,33.20,3445,92,'2009-06-30',1.80,6.01),(38897,2,2264,318,1,27.80,3446,92,'2009-04-14',1.80,6.77),(38898,2,2193,136,1,31.40,3447,92,'2009-06-24',1.80,5.24),(38899,2,2224,941,1,35.60,3448,92,'2009-05-24',1.80,8.72),(38900,2,1998,913,1,27.20,3669,92,'2010-01-05',1.80,8.67),(38901,2,2114,869,1,30.40,3450,92,'2009-09-11',1.80,8.58),(38902,2,2193,904,1,22.20,3452,92,'2009-06-24',1.80,8.65),(38903,1,2642,767,1,15.00,3454,92,'2008-04-01',0.52,2.41),(38904,2,2097,340,1,36.80,3455,92,'2009-09-28',1.80,6.89),(38905,2,1995,178,1,26.00,3670,92,'2010-01-08',1.80,5.73),(38906,2,2130,269,1,32.40,3458,92,'2009-08-26',1.80,6.47),(38907,2,2315,68,1,18.40,3459,92,'2009-02-22',1.80,4.00),(38908,2,2236,220,1,15.20,3462,92,'2009-05-12',1.80,6.11),(38909,2,2531,423,1,20.40,3463,92,'2008-07-21',1.80,7.29),(38910,2,2212,38,1,27.80,3465,92,'2009-06-05',1.80,2.95),(38911,2,2201,458,1,32.60,3466,92,'2009-06-16',1.80,7.43),(38912,2,2164,1004,1,27.20,3468,92,'2009-07-23',1.80,8.84),(38913,2,2262,870,1,29.20,3469,92,'2009-04-16',1.80,8.58),(38914,2,2100,677,1,38.60,3470,92,'2009-09-25',1.80,8.13),(38915,2,2555,835,1,19.00,3471,92,'2008-06-27',1.80,8.51),(38916,2,2480,281,1,20.00,3472,92,'2008-09-10',1.80,6.55),(38917,2,2536,801,1,23.40,3473,92,'2008-07-16',1.80,8.43),(38918,2,2212,766,1,32.40,3474,92,'2009-06-05',1.80,8.35),(38919,2,1982,480,1,30.20,3671,92,'2010-01-21',1.80,7.51),(38920,2,2193,339,1,31.60,3475,92,'2009-06-24',1.80,6.89),(38921,2,2002,909,1,21.20,3672,92,'2010-01-01',1.80,8.66),(38922,2,2137,712,1,29.00,3476,92,'2009-08-19',1.80,8.22),(38923,2,2272,5052,1,32.20,3477,92,'2009-04-06',1.80,11.75),(38924,2,2044,95,1,32.60,3478,92,'2009-11-20',1.80,4.60),(38925,2,2135,831,1,34.00,3479,92,'2009-08-21',1.80,8.50),(38926,2,2541,849,1,10.00,3480,92,'2008-07-11',1.80,8.54),(38927,2,2076,908,1,30.00,3481,92,'2009-10-19',1.80,8.66),(38928,2,2082,2858,1,35.20,3482,92,'2009-10-13',1.80,10.72),(38929,2,2189,242,1,27.80,3483,92,'2009-06-28',1.80,6.28),(38930,2,2142,413,1,28.00,3485,92,'2009-08-14',1.80,7.24),(38931,2,2075,956,1,32.40,3486,92,'2009-10-20',1.80,8.75),(38932,2,2072,1019,1,38.00,3487,92,'2009-10-23',1.80,8.87),(38933,1,2631,987,1,12.00,3488,92,'2008-04-12',0.52,2.55),(38934,2,2239,893,1,37.00,3489,92,'2009-05-09',1.80,8.63),(38935,2,2240,992,1,21.00,3490,92,'2009-05-08',1.80,8.82),(38936,2,2211,834,1,31.00,3491,92,'2009-06-06',1.80,8.51),(38937,2,2095,938,1,39.60,3493,92,'2009-09-30',1.80,8.72),(38938,2,2104,556,1,38.00,3495,92,'2009-09-21',1.80,7.78),(38939,2,2188,881,1,22.20,3496,92,'2009-06-29',1.80,8.61),(38940,2,2182,734,1,28.60,3498,92,'2009-07-05',1.80,8.28),(38941,1,2245,1195,1,30.00,3499,92,'2009-05-03',0.52,2.64),(38942,2,2190,744,1,24.00,3500,92,'2009-06-27',1.80,8.30),(38943,2,2096,842,1,34.20,3501,92,'2009-09-29',1.80,8.52),(38944,2,2224,436,1,17.20,3502,92,'2009-05-24',1.80,7.34),(38945,2,2255,956,1,22.40,3503,92,'2009-04-23',1.80,8.75),(38946,2,2083,900,1,36.40,3504,92,'2009-10-12',1.80,8.64),(38947,2,2242,2314,1,34.20,3505,92,'2009-05-06',1.80,10.34),(38948,2,1993,750,1,13.60,3506,92,'2010-01-10',1.80,8.32),(38949,2,2237,548,1,21.00,3507,92,'2009-05-11',1.80,7.75),(38950,2,2197,851,1,30.00,3508,92,'2009-06-20',1.80,8.54),(38951,1,2547,493,1,17.80,3509,92,'2008-07-05',0.52,2.18),(38952,2,2533,750,1,20.40,3510,92,'2008-07-19',1.80,8.32),(38953,2,2241,905,1,21.00,3512,92,'2009-05-07',1.80,8.65),(38954,2,2228,442,1,28.00,3513,92,'2009-05-20',1.80,7.36),(38955,2,2191,97,1,20.80,3515,92,'2009-06-26',1.80,4.63),(38956,2,2239,957,1,25.60,3516,92,'2009-05-09',1.80,8.75),(38957,1,2640,2245,1,22.60,3517,92,'2008-04-03',0.52,2.97),(38958,1,2614,156,1,13.20,3518,92,'2008-04-29',0.52,1.59),(38959,2,2094,871,1,31.00,3519,92,'2009-10-01',1.80,8.59),(38960,2,2120,21,1,19.00,3520,92,'2009-09-05',1.80,1.88),(38961,2,2053,783,1,13.20,3521,92,'2009-11-11',1.80,8.39),(38962,2,1927,107,1,31.40,3522,92,'2010-03-17',1.80,4.81),(38963,2,2006,173,1,29.40,3676,92,'2009-12-28',1.80,5.68),(38964,2,2259,869,1,24.40,3523,92,'2009-04-19',1.80,8.58),(38965,2,2109,288,1,31.80,3524,92,'2009-09-16',1.80,6.59),(38966,1,2389,811,1,20.60,3525,92,'2008-12-10',0.52,2.44),(38967,2,2147,1209,1,25.00,3526,92,'2009-08-09',1.80,9.18),(38968,2,2034,12,1,33.60,3527,92,'2009-11-30',1.80,0.87),(38969,1,2467,47,1,10.00,3528,92,'2008-09-23',0.52,0.96),(38970,2,2043,917,1,27.80,3529,92,'2009-11-21',1.80,8.68),(38971,1,2106,83,1,32.60,3530,92,'2009-09-19',0.52,1.26),(38972,1,2252,861,1,23.60,3531,92,'2009-04-26',0.52,2.47),(38973,1,2369,768,1,23.80,3532,92,'2008-12-30',0.52,2.41),(38974,2,2010,141,1,30.20,3677,92,'2009-12-24',1.80,5.31),(38975,2,2123,6,1,36.20,3533,92,'2009-09-02',1.80,0.00),(38976,2,2015,179,1,32.40,3534,92,'2009-12-19',1.80,5.74),(38977,2,2020,932,1,32.40,3535,92,'2009-12-14',1.80,8.71),(38978,2,2078,962,1,36.60,3536,92,'2009-10-17',1.80,8.76),(38979,2,2120,2912,1,31.80,3537,92,'2009-09-05',1.80,10.76),(38980,1,2467,865,1,18.80,3538,92,'2008-09-23',0.52,2.48),(38981,2,1908,786,1,16.40,3539,92,'2010-04-05',1.80,8.40),(38982,1,2396,922,1,21.60,3540,92,'2008-12-03',0.52,2.51),(38983,2,2016,839,1,24.40,3541,92,'2009-12-18',1.80,8.52),(38984,2,2029,1692,1,23.60,3542,92,'2009-12-05',1.80,9.78),(38985,1,2465,1499,1,19.80,3543,92,'2008-09-25',0.52,2.76),(38986,1,2443,885,1,18.60,3544,92,'2008-10-17',0.52,2.49),(38987,1,2462,911,1,23.00,3545,92,'2008-09-28',0.52,2.50),(38988,1,2397,37,1,23.20,3546,92,'2008-12-02',0.52,0.84),(38989,1,2475,193,1,14.40,3548,92,'2008-09-15',0.52,1.70),(38990,2,2002,105,1,23.20,3678,92,'2010-01-01',1.80,4.78),(38991,2,2093,811,1,35.40,3549,92,'2009-10-02',1.80,8.46),(38992,2,2051,884,1,22.80,3550,92,'2009-11-13',1.80,8.61),(38993,1,2168,86,1,21.60,3551,92,'2009-07-19',0.52,1.28),(38994,1,2469,1585,1,23.00,3552,92,'2008-09-21',0.52,2.79),(38995,1,2487,854,1,22.40,3553,92,'2008-09-03',0.52,2.47),(38996,1,2044,909,1,19.60,3554,92,'2009-11-20',0.52,2.50),(38997,2,2022,852,1,19.00,3555,92,'2009-12-12',1.80,8.55),(38998,1,2462,131,1,21.20,3556,92,'2008-09-28',0.52,1.50),(38999,1,2282,462,1,23.20,3557,92,'2009-03-27',0.52,2.15),(39000,2,2038,20,1,27.00,3558,92,'2009-11-26',1.80,1.79),(39001,1,2258,453,1,21.80,3559,92,'2009-04-20',0.52,2.14),(39002,1,2242,37,1,21.40,3560,92,'2009-05-06',0.52,0.84),(39003,2,2067,913,1,17.00,3561,92,'2009-10-28',1.80,8.67),(39004,2,1923,927,1,21.40,3562,92,'2010-03-21',1.80,8.70),(39005,1,2421,239,1,33.80,3563,92,'2008-11-08',0.52,1.81),(39006,1,2282,567,1,22.20,3564,92,'2009-03-27',0.52,2.26),(39007,2,2050,902,1,25.60,3565,92,'2009-11-14',1.80,8.65),(39008,1,2282,50,1,15.00,3566,92,'2009-03-27',0.52,0.99),(39009,1,2286,760,1,20.80,3569,92,'2009-03-23',0.52,2.41),(39010,1,2025,884,1,18.20,3571,92,'2009-12-09',0.52,2.49),(39011,1,2283,842,1,19.80,3573,92,'2009-03-26',0.52,2.46),(39012,1,2298,341,1,20.80,3574,92,'2009-03-11',0.52,1.99),(39013,1,2240,1636,1,21.60,3575,92,'2009-05-08',0.52,2.81),(39014,1,2185,753,1,34.60,3576,92,'2009-07-02',0.52,2.40),(39015,1,2278,423,1,22.20,3577,92,'2009-03-31',0.52,2.10),(39016,1,2295,869,1,18.60,3578,92,'2009-03-14',0.52,2.48),(39017,1,2296,850,1,21.60,3579,92,'2009-03-13',0.52,2.47),(39018,1,2293,907,1,21.60,3580,92,'2009-03-16',0.52,2.50),(39019,2,1913,945,1,20.40,3581,92,'2010-03-31',1.80,8.73),(39020,1,2282,854,1,23.60,3582,92,'2009-03-27',0.52,2.47),(39021,1,2291,92,1,20.80,3583,92,'2009-03-18',0.52,1.31),(39022,2,1908,902,1,21.80,3584,92,'2010-04-05',1.80,8.65),(39023,1,2287,266,1,23.20,3585,92,'2009-03-22',0.52,1.86),(39024,1,2443,671,1,20.60,3586,92,'2008-10-17',0.52,2.34),(39025,1,2282,857,1,21.00,3587,92,'2009-03-27',0.52,2.47),(39026,1,1998,142,1,21.80,3679,92,'2010-01-05',0.52,1.54),(39027,1,2275,1410,1,18.60,3590,92,'2009-04-03',0.52,2.73),(39028,1,2271,917,1,23.20,3591,92,'2009-04-07',0.52,2.51),(39029,1,2287,836,1,31.20,3592,92,'2009-03-22',0.52,2.46),(39030,1,2266,229,1,26.40,3593,92,'2009-04-12',0.52,1.79),(39031,1,2288,962,1,21.20,3594,92,'2009-03-21',0.52,2.53),(39032,1,2219,818,1,20.00,3595,92,'2009-05-29',0.52,2.45),(39033,1,2129,42,1,36.60,3596,92,'2009-08-27',0.52,0.90),(39034,1,2269,879,1,27.00,3597,92,'2009-04-09',0.52,2.48),(39035,1,2130,237,1,34.00,3598,92,'2009-08-26',0.52,1.80),(39036,1,2290,305,1,19.80,3599,92,'2009-03-19',0.52,1.93),(39037,1,2270,883,1,21.80,3600,92,'2009-04-08',0.52,2.49),(39038,1,2276,909,1,28.80,3601,92,'2009-04-02',0.52,2.50),(39039,1,2264,885,1,17.20,3602,92,'2009-04-14',0.52,2.49),(39040,2,1910,790,1,23.00,3604,92,'2010-04-03',1.80,8.41),(39041,1,2177,146,1,21.60,3605,92,'2009-07-10',0.52,1.55),(39042,1,2224,862,1,30.00,3606,92,'2009-05-24',0.52,2.47),(39043,1,2106,916,1,22.20,3607,92,'2009-09-19',0.52,2.51),(39044,1,2078,142,1,25.40,3608,92,'2009-10-17',0.52,1.54),(39045,1,2166,193,1,22.40,3609,92,'2009-07-21',0.52,1.70),(39046,1,2282,852,1,16.80,3611,92,'2009-03-27',0.52,2.47),(39047,1,2148,214,1,24.40,3612,92,'2009-08-08',0.52,1.75),(39048,1,2248,169,1,26.80,3613,92,'2009-04-30',0.52,1.63),(39049,2,1914,982,1,26.20,3614,92,'2010-03-30',1.80,8.80),(39050,1,2262,949,1,20.80,3615,92,'2009-04-16',0.52,2.52),(39051,1,2081,841,1,25.20,3616,92,'2009-10-14',0.52,2.46),(39052,1,2092,142,1,30.00,3618,92,'2009-10-03',0.52,1.54),(39053,1,2286,317,1,19.00,3619,92,'2009-03-23',0.52,1.95),(39054,1,2292,856,1,34.00,3620,92,'2009-03-17',0.52,2.47),(39055,1,2101,919,1,31.80,3621,92,'2009-09-24',0.52,2.51),(39056,1,2274,876,1,23.40,3622,92,'2009-04-04',0.52,2.48),(39057,1,2185,106,1,24.40,3623,92,'2009-07-02',0.52,1.38),(39058,1,2282,942,1,25.60,3624,92,'2009-03-27',0.52,2.52),(39059,1,2166,111,1,22.60,3626,92,'2009-07-21',0.52,1.41),(39060,1,2280,848,1,25.80,3627,92,'2009-03-29',0.52,2.47),(39061,1,2269,901,1,23.00,3629,92,'2009-04-09',0.52,2.50),(39062,1,2271,346,1,21.40,3630,92,'2009-04-07',0.52,2.00),(39063,1,2120,417,1,38.80,3631,92,'2009-09-05',0.52,2.10),(39064,1,2194,113,1,23.40,3632,92,'2009-06-23',0.52,1.42),(39065,1,2113,901,1,28.80,3633,92,'2009-09-12',0.52,2.50),(39066,1,2276,77,1,22.40,3634,92,'2009-04-02',0.52,1.22),(39067,1,2167,106,1,22.20,3635,92,'2009-07-20',0.52,1.38),(39068,1,2177,75,1,33.00,3636,92,'2009-07-10',0.52,1.21),(39069,1,2175,897,1,23.20,3637,92,'2009-07-12',0.52,2.50),(39070,1,2169,929,1,26.20,3638,92,'2009-07-18',0.52,2.51),(39071,1,2097,860,1,22.80,3639,92,'2009-09-28',0.52,2.47),(39072,1,2038,944,1,25.60,3640,92,'2009-11-26',0.52,2.52),(39073,1,2130,1354,1,25.00,3641,92,'2009-08-26',0.52,2.71),(39074,1,2272,770,1,23.00,3642,92,'2009-04-06',0.52,2.42),(39075,1,2138,762,1,23.20,3643,92,'2009-08-18',0.52,2.41),(39076,1,2130,885,1,29.40,3644,92,'2009-08-26',0.52,2.49),(39077,1,2130,156,1,20.80,3645,92,'2009-08-26',0.52,1.59),(39078,1,2097,341,1,21.60,3646,92,'2009-09-28',0.52,1.99),(39079,1,2198,1237,1,13.00,3647,92,'2009-06-19',0.52,2.66),(39080,1,2155,2539,1,20.20,3648,92,'2009-08-01',0.52,3.04),(39081,1,2050,41,1,23.20,3649,92,'2009-11-14',0.52,0.89),(39082,1,2163,902,1,19.20,3650,92,'2009-07-24',0.52,2.50),(39083,1,2166,25,1,21.40,3652,92,'2009-07-21',0.52,0.63),(39084,1,2091,717,1,27.20,3654,92,'2009-10-04',0.52,2.38),(39085,2,3054,127,1,19.80,3657,92,'2007-02-14',1.80,5.12),(39086,2,2254,881,1,34.00,3658,92,'2009-04-24',1.80,8.61),(39087,2,2024,158,1,24.20,3659,92,'2009-12-10',1.80,5.51),(39088,2,1990,0,0,26.23,3660,92,'2010-01-13',NULL,NULL),(39089,2,2104,0,0,26.23,3335,92,'2009-09-21',NULL,NULL),(39090,2,2029,0,0,26.23,3360,92,'2009-12-05',NULL,NULL),(39091,2,2266,0,0,26.23,3375,92,'2009-04-12',NULL,NULL),(39092,2,2273,0,0,26.23,3422,92,'2009-04-05',NULL,NULL),(39093,2,2002,0,0,26.23,3673,92,'2010-01-01',NULL,NULL),(39094,2,2002,0,0,26.23,3674,92,'2010-01-01',NULL,NULL),(39095,1,2630,0,0,23.10,3514,92,'2008-04-13',NULL,NULL),(39096,2,1985,0,0,26.23,3675,92,'2010-01-18',NULL,NULL),(39097,1,2002,0,0,23.10,3680,92,'2010-01-01',NULL,NULL),(39098,1,2002,0,0,23.10,3681,92,'2010-01-01',NULL,NULL),(39099,1,2139,0,0,23.10,3653,92,'2009-08-17',NULL,NULL),(39100,1,2093,0,0,23.10,3655,92,'2009-10-02',NULL,NULL),(39101,2,2470,1749,1,18.00,3265,93,'2008-09-21',1.80,9.84),(39102,2,2268,35,1,20.20,3266,93,'2009-04-11',1.80,2.80),(39103,2,2587,269,1,14.40,3267,93,'2008-05-27',1.80,6.47),(39104,2,2082,64,1,24.20,3269,93,'2009-10-14',1.80,3.89),(39105,2,2136,13,1,29.00,3270,93,'2009-08-21',1.80,1.02),(39106,2,2246,310,1,15.60,3271,93,'2009-05-03',1.80,6.73),(39107,2,2281,67,1,31.20,3274,93,'2009-03-29',1.80,3.97),(39108,2,2060,404,1,24.00,3276,93,'2009-11-05',1.80,7.20),(39109,2,2309,12,1,15.20,3277,93,'2009-03-01',1.80,0.87),(39110,2,2242,4,1,19.60,3278,93,'2009-05-07',1.80,0.00),(39111,2,2530,788,1,17.60,3279,93,'2008-07-23',1.80,8.41),(39112,2,2261,10,1,24.40,3280,93,'2009-04-18',1.80,0.54),(39113,2,2311,2325,1,23.60,3281,93,'2009-02-27',1.80,10.35),(39114,2,2258,193,1,25.60,3282,93,'2009-04-21',1.80,5.87),(39115,2,2232,20,1,22.60,3283,93,'2009-05-17',1.80,1.79),(39116,2,2241,222,1,18.00,3284,93,'2009-05-08',1.80,6.12),(39117,2,2397,60,1,13.60,3285,93,'2008-12-03',1.80,3.77),(39118,2,2046,10,1,26.00,3286,93,'2009-11-19',1.80,0.54),(39119,2,2213,190,1,19.40,3287,93,'2009-06-05',1.80,5.84),(39120,2,2519,41,1,25.60,3288,93,'2008-08-03',1.80,3.08),(39121,2,2249,426,1,24.40,3289,93,'2009-04-30',1.80,7.30),(39122,2,2023,343,1,18.20,3290,93,'2009-12-12',1.80,6.91),(39123,2,2236,1452,1,23.20,3291,93,'2009-05-13',1.80,9.51),(39124,2,2016,192,1,30.00,3292,93,'2009-12-19',1.80,5.86),(39125,2,2270,123,1,29.40,3293,93,'2009-04-09',1.80,5.06),(39126,2,2385,14,1,20.40,3294,93,'2008-12-15',1.80,1.15),(39127,2,2250,167,1,27.20,3295,93,'2009-04-29',1.80,5.61),(39128,2,2638,256,1,20.20,3296,93,'2008-04-06',1.80,6.38),(39129,2,2629,1582,1,14.20,3299,93,'2008-04-15',1.80,9.66),(39130,2,2269,0,0,24.20,3300,93,'2009-04-10',NULL,NULL),(39131,2,2529,48,1,21.60,3301,93,'2008-07-24',1.80,3.37),(39132,2,2183,833,1,15.20,3302,93,'2009-07-05',1.80,8.51),(39133,2,2046,113,1,25.20,3303,93,'2009-11-19',1.80,4.91),(39134,2,2613,237,1,15.40,3304,93,'2008-05-01',1.80,6.24),(39135,2,2256,935,1,33.20,3305,93,'2009-04-23',1.80,8.71),(39136,2,2218,1146,1,18.60,3306,93,'2009-05-31',1.80,9.08),(39137,2,2448,144,1,22.20,3308,93,'2008-10-13',1.80,5.35),(39138,2,2298,278,1,19.40,3309,93,'2009-03-12',1.80,6.53),(39139,2,2387,116,1,20.80,3310,93,'2008-12-13',1.80,4.96),(39140,2,2246,96,1,29.20,3312,93,'2009-05-03',1.80,4.62),(39141,2,2099,270,1,34.00,3313,93,'2009-09-27',1.80,6.48),(39142,2,2681,2264,1,23.60,3314,93,'2008-02-23',1.80,10.30),(39143,2,2301,1942,1,23.60,3315,93,'2009-03-09',1.80,10.03),(39144,2,2276,52,1,17.60,3316,93,'2009-04-03',1.80,3.51),(39145,2,2683,218,1,26.20,3317,93,'2008-02-21',1.80,6.09),(39146,2,2197,190,1,29.60,3318,93,'2009-06-21',1.80,5.84),(39147,2,2238,527,1,26.60,3319,93,'2009-05-11',1.80,7.68),(39148,2,2292,39,1,23.20,3320,93,'2009-03-18',1.80,2.99),(39149,2,2498,44,1,18.80,3321,93,'2008-08-24',1.80,3.21),(39150,2,2387,1610,1,24.40,3322,93,'2008-12-13',1.80,9.69),(39151,2,2199,70,1,29.00,3324,93,'2009-06-19',1.80,4.05),(39152,2,2508,14,1,26.60,3325,93,'2008-08-14',1.80,1.15),(39153,2,2246,290,1,25.40,3326,93,'2009-05-03',1.80,6.61),(39154,2,2263,861,1,31.60,3327,93,'2009-04-16',1.80,8.56),(39155,2,2276,937,1,24.80,3328,93,'2009-04-03',1.80,8.72),(39156,2,2541,890,1,24.00,3329,93,'2008-07-12',1.80,8.62),(39157,2,2592,1208,1,27.80,3330,93,'2008-05-22',1.80,9.17),(39158,2,2179,945,1,30.00,3331,93,'2009-07-09',1.80,8.73),(39159,2,2241,265,1,30.00,3332,93,'2009-05-08',1.80,6.44),(39160,2,1999,1551,1,29.00,3661,93,'2010-01-05',1.80,9.62),(39161,2,1994,883,1,30.80,3336,93,'2010-01-10',1.80,8.61),(39162,2,1994,369,1,22.00,3662,93,'2010-01-10',1.80,7.04),(39163,2,2270,1370,1,18.00,3337,93,'2009-04-09',1.80,9.40),(39164,2,2311,917,1,25.80,3338,93,'2009-02-27',1.80,8.68),(39165,2,2041,964,1,33.80,3340,93,'2009-11-24',1.80,8.77),(39166,2,2238,894,1,26.60,3341,93,'2009-05-11',1.80,8.63),(39167,2,2078,109,1,26.20,3342,93,'2009-10-18',1.80,4.84),(39168,2,2231,376,1,25.80,3343,93,'2009-05-18',1.80,7.07),(39169,2,2304,160,1,24.40,3344,93,'2009-03-06',1.80,5.54),(39170,2,2197,256,1,31.80,3345,93,'2009-06-21',1.80,6.38),(39171,2,1996,67,1,27.60,3663,93,'2010-01-08',1.80,3.97),(39172,2,2550,882,1,25.40,3346,93,'2008-07-03',1.80,8.61),(39173,2,2232,925,1,23.20,3348,93,'2009-05-17',1.80,8.69),(39174,2,2308,343,1,26.00,3349,93,'2009-03-02',1.80,6.91),(39175,2,2097,238,1,19.40,3350,93,'2009-09-29',1.80,6.25),(39176,2,2539,299,1,23.40,3351,93,'2008-07-14',1.80,6.66),(39177,2,2148,210,1,27.40,3352,93,'2009-08-09',1.80,6.02),(39178,2,2320,957,1,23.40,3353,93,'2009-02-18',1.80,8.75),(39179,2,2309,863,1,17.60,3354,93,'2009-03-01',1.80,8.57),(39180,2,2326,5164,1,29.00,3356,93,'2009-02-12',1.80,11.79),(39181,2,2136,74,1,38.40,3357,93,'2009-08-21',1.80,4.15),(39182,2,2184,359,1,33.00,3358,93,'2009-07-04',1.80,6.99),(39183,2,2140,352,1,27.20,3359,93,'2009-08-17',1.80,6.95),(39184,2,1985,685,1,26.60,3664,93,'2010-01-19',1.80,8.15),(39185,2,2545,374,1,19.00,3362,93,'2008-07-08',1.80,7.06),(39186,2,2019,883,1,33.20,3363,93,'2009-12-16',1.80,8.61),(39187,2,2642,768,1,15.60,3364,93,'2008-04-02',1.80,8.36),(39188,2,2242,153,1,25.00,3365,93,'2009-05-07',1.80,5.45),(39189,2,2186,186,1,43.20,3366,93,'2009-07-02',1.80,5.81),(39190,2,2090,59,1,41.00,3367,93,'2009-10-06',1.80,3.74),(39191,2,2711,355,1,17.60,3368,93,'2008-01-24',1.80,6.97),(39192,2,2195,348,1,31.20,3369,93,'2009-06-23',1.80,6.93),(39193,2,1993,96,1,19.40,3370,93,'2010-01-11',1.80,4.62),(39194,2,2009,81,1,31.60,3665,93,'2009-12-26',1.80,4.31),(39195,2,2229,963,1,30.80,3371,93,'2009-05-20',1.80,8.77),(39196,2,2512,628,1,19.00,3372,93,'2008-08-10',1.80,8.00),(39197,2,2212,965,1,31.20,3374,93,'2009-06-06',1.80,8.77),(39198,2,2148,320,1,33.60,3376,93,'2009-08-09',1.80,6.78),(39199,2,2018,441,1,14.80,3380,93,'2009-12-17',1.80,7.36),(39200,2,2138,217,1,35.00,3381,93,'2009-08-19',1.80,6.08),(39201,2,2153,128,1,36.40,3382,93,'2009-08-04',1.80,5.13),(39202,2,2095,713,1,21.60,3384,93,'2009-10-01',1.80,8.23),(39203,2,2447,981,1,22.60,3385,93,'2008-10-14',1.80,8.80),(39204,2,2156,919,1,33.60,3386,93,'2009-08-01',1.80,8.68),(39205,2,2159,634,1,26.60,3387,93,'2009-07-29',1.80,8.01),(39206,2,2206,62,1,27.20,3388,93,'2009-06-12',1.80,3.83),(39207,2,2325,385,1,28.20,3389,93,'2009-02-13',1.80,7.12),(39208,2,2285,933,1,17.60,3390,93,'2009-03-25',1.80,8.71),(39209,2,2308,956,1,22.60,3391,93,'2009-03-02',1.80,8.75),(39210,2,2225,402,1,29.20,3392,93,'2009-05-24',1.80,7.19),(39211,2,2047,930,1,33.20,3393,93,'2009-11-18',1.80,8.70),(39212,2,2271,872,1,20.80,3395,93,'2009-04-08',1.80,8.59),(39213,2,2307,985,1,21.20,3396,93,'2009-03-03',1.80,8.81),(39214,2,2015,64,1,30.00,3666,93,'2009-12-20',1.80,3.89),(39215,2,2014,152,1,26.00,3667,93,'2009-12-21',1.80,5.44),(39216,2,2281,928,1,23.60,3397,93,'2009-03-29',1.80,8.70),(39217,2,2091,204,1,39.40,3398,93,'2009-10-05',1.80,5.97),(39218,2,2106,952,1,25.80,3399,93,'2009-09-20',1.80,8.75),(39219,2,2390,908,1,25.80,3400,93,'2008-12-10',1.80,8.66),(39220,2,2311,948,1,27.60,3401,93,'2009-02-27',1.80,8.74),(39221,2,2171,940,1,28.20,3402,93,'2009-07-17',1.80,8.72),(39222,2,2687,874,1,17.20,3403,93,'2008-02-17',1.80,8.59),(39223,2,2007,73,1,27.80,3668,93,'2009-12-28',1.80,4.12),(39224,2,2135,944,1,32.40,3404,93,'2009-08-22',1.80,8.73),(39225,2,2084,1457,1,32.60,3405,93,'2009-10-12',1.80,9.51),(39226,2,2524,929,1,19.60,3406,93,'2008-07-29',1.80,8.70),(39227,2,2215,942,1,31.20,3407,93,'2009-06-03',1.80,8.73),(39228,2,2126,861,1,39.80,3409,93,'2009-08-31',1.80,8.56),(39229,2,1924,1744,1,20.80,3410,93,'2010-03-21',1.80,9.84),(39230,2,2340,927,1,22.60,3411,93,'2009-01-29',1.80,8.70),(39231,2,2536,850,1,26.20,3412,93,'2008-07-17',1.80,8.54),(39232,2,2298,88,1,18.60,3413,93,'2009-03-12',1.80,4.46),(39233,2,2257,475,1,40.20,3415,93,'2009-04-22',1.80,7.49),(39234,2,2029,884,1,15.00,3416,93,'2009-12-06',1.80,8.61),(39235,2,2241,475,1,23.60,3417,93,'2009-05-08',1.80,7.49),(39236,2,2624,440,1,19.00,3418,93,'2008-04-20',1.80,7.36),(39237,2,2166,931,1,23.80,3419,93,'2009-07-22',1.80,8.71),(39238,2,2030,80,1,20.80,3420,93,'2009-12-05',1.80,4.29),(39239,2,2029,496,1,32.00,3421,93,'2009-12-06',1.80,7.57),(39240,2,2199,144,1,17.00,3423,93,'2009-06-19',1.80,5.35),(39241,2,2258,945,1,19.20,3424,93,'2009-04-21',1.80,8.73),(39242,2,2087,970,1,32.80,3425,93,'2009-10-09',1.80,8.78),(39243,2,2054,4200,1,37.60,3426,93,'2009-11-11',1.80,11.42),(39244,2,2164,280,1,38.20,3427,93,'2009-07-24',1.80,6.54),(39245,2,2220,952,1,19.60,3428,93,'2009-05-29',1.80,8.75),(39246,2,2220,102,1,25.80,3429,93,'2009-05-29',1.80,4.72),(39247,2,2064,2779,1,38.60,3430,93,'2009-11-01',1.80,10.67),(39248,2,2069,2001,1,38.40,3431,93,'2009-10-27',1.80,10.08),(39249,2,2242,1655,1,21.20,3432,93,'2009-05-07',1.80,9.74),(39250,2,2095,41,1,23.60,3433,93,'2009-10-01',1.80,3.08),(39251,2,2089,1014,1,30.60,3434,93,'2009-10-07',1.80,8.86),(39252,2,2275,155,1,31.60,3435,93,'2009-04-04',1.80,5.48),(39253,2,2246,937,1,32.00,3437,93,'2009-05-03',1.80,8.72),(39254,2,2263,983,1,21.80,3438,93,'2009-04-16',1.80,8.80),(39255,2,2281,324,1,20.60,3439,93,'2009-03-29',1.80,6.81),(39256,2,2111,912,1,32.00,3440,93,'2009-09-15',1.80,8.67),(39257,2,2228,94,1,34.00,3441,93,'2009-05-21',1.80,4.58),(39258,2,2077,1075,1,32.00,3442,93,'2009-10-19',1.80,8.96),(39259,2,2171,67,1,26.60,3443,93,'2009-07-17',1.80,3.97),(39260,2,2190,913,1,23.60,3444,93,'2009-06-28',1.80,8.67),(39261,2,2188,208,1,33.20,3445,93,'2009-06-30',1.80,6.01),(39262,2,2265,318,1,27.80,3446,93,'2009-04-14',1.80,6.77),(39263,2,2194,136,1,31.40,3447,93,'2009-06-24',1.80,5.24),(39264,2,2225,941,1,35.60,3448,93,'2009-05-24',1.80,8.72),(39265,2,1999,913,1,27.20,3669,93,'2010-01-05',1.80,8.67),(39266,2,2115,869,1,30.40,3450,93,'2009-09-11',1.80,8.58),(39267,2,2194,904,1,22.20,3452,93,'2009-06-24',1.80,8.65),(39268,1,2643,767,1,15.00,3454,93,'2008-04-01',0.52,2.41),(39269,2,2098,340,1,36.80,3455,93,'2009-09-28',1.80,6.89),(39270,2,1996,178,1,26.00,3670,93,'2010-01-08',1.80,5.73),(39271,2,2131,269,1,32.40,3458,93,'2009-08-26',1.80,6.47),(39272,2,2316,68,1,18.40,3459,93,'2009-02-22',1.80,4.00),(39273,2,2237,220,1,15.20,3462,93,'2009-05-12',1.80,6.11),(39274,2,2532,423,1,20.40,3463,93,'2008-07-21',1.80,7.29),(39275,2,2213,38,1,27.80,3465,93,'2009-06-05',1.80,2.95),(39276,2,2202,458,1,32.60,3466,93,'2009-06-16',1.80,7.43),(39277,2,2165,1004,1,27.20,3468,93,'2009-07-23',1.80,8.84),(39278,2,2263,870,1,29.20,3469,93,'2009-04-16',1.80,8.58),(39279,2,2101,677,1,38.60,3470,93,'2009-09-25',1.80,8.13),(39280,2,2556,835,1,19.00,3471,93,'2008-06-27',1.80,8.51),(39281,2,2481,281,1,20.00,3472,93,'2008-09-10',1.80,6.55),(39282,2,2537,801,1,23.40,3473,93,'2008-07-16',1.80,8.43),(39283,2,2213,766,1,32.40,3474,93,'2009-06-05',1.80,8.35),(39284,2,1983,480,1,30.20,3671,93,'2010-01-21',1.80,7.51),(39285,2,2194,339,1,31.60,3475,93,'2009-06-24',1.80,6.89),(39286,2,2003,909,1,21.20,3672,93,'2010-01-01',1.80,8.66),(39287,2,2138,712,1,29.00,3476,93,'2009-08-19',1.80,8.22),(39288,2,2273,5052,1,32.20,3477,93,'2009-04-06',1.80,11.75),(39289,2,2045,95,1,32.60,3478,93,'2009-11-20',1.80,4.60),(39290,2,2136,831,1,34.00,3479,93,'2009-08-21',1.80,8.50),(39291,2,2542,849,1,10.00,3480,93,'2008-07-11',1.80,8.54),(39292,2,2077,908,1,30.00,3481,93,'2009-10-19',1.80,8.66),(39293,2,2083,2858,1,35.20,3482,93,'2009-10-13',1.80,10.72),(39294,2,2190,242,1,27.80,3483,93,'2009-06-28',1.80,6.28),(39295,2,2143,413,1,28.00,3485,93,'2009-08-14',1.80,7.24),(39296,2,2076,956,1,32.40,3486,93,'2009-10-20',1.80,8.75),(39297,2,2073,1019,1,38.00,3487,93,'2009-10-23',1.80,8.87),(39298,1,2632,987,1,12.00,3488,93,'2008-04-12',0.52,2.55),(39299,2,2240,893,1,37.00,3489,93,'2009-05-09',1.80,8.63),(39300,2,2241,992,1,21.00,3490,93,'2009-05-08',1.80,8.82),(39301,2,2212,834,1,31.00,3491,93,'2009-06-06',1.80,8.51),(39302,2,2096,938,1,39.60,3493,93,'2009-09-30',1.80,8.72),(39303,2,2105,556,1,38.00,3495,93,'2009-09-21',1.80,7.78),(39304,2,2189,881,1,22.20,3496,93,'2009-06-29',1.80,8.61),(39305,2,2183,734,1,28.60,3498,93,'2009-07-05',1.80,8.28),(39306,1,2246,1195,1,30.00,3499,93,'2009-05-03',0.52,2.64),(39307,2,2191,744,1,24.00,3500,93,'2009-06-27',1.80,8.30),(39308,2,2097,842,1,34.20,3501,93,'2009-09-29',1.80,8.52),(39309,2,2225,436,1,17.20,3502,93,'2009-05-24',1.80,7.34),(39310,2,2256,956,1,22.40,3503,93,'2009-04-23',1.80,8.75),(39311,2,2084,900,1,36.40,3504,93,'2009-10-12',1.80,8.64),(39312,2,2243,2314,1,34.20,3505,93,'2009-05-06',1.80,10.34),(39313,2,1994,750,1,13.60,3506,93,'2010-01-10',1.80,8.32),(39314,2,2238,548,1,21.00,3507,93,'2009-05-11',1.80,7.75),(39315,2,2198,851,1,30.00,3508,93,'2009-06-20',1.80,8.54),(39316,1,2548,493,1,17.80,3509,93,'2008-07-05',0.52,2.18),(39317,2,2534,750,1,20.40,3510,93,'2008-07-19',1.80,8.32),(39318,2,2242,905,1,21.00,3512,93,'2009-05-07',1.80,8.65),(39319,2,2229,442,1,28.00,3513,93,'2009-05-20',1.80,7.36),(39320,2,2192,97,1,20.80,3515,93,'2009-06-26',1.80,4.63),(39321,2,2240,957,1,25.60,3516,93,'2009-05-09',1.80,8.75),(39322,1,2641,2245,1,22.60,3517,93,'2008-04-03',0.52,2.97),(39323,1,2615,156,1,13.20,3518,93,'2008-04-29',0.52,1.59),(39324,2,2095,871,1,31.00,3519,93,'2009-10-01',1.80,8.59),(39325,2,2121,21,1,19.00,3520,93,'2009-09-05',1.80,1.88),(39326,2,2054,783,1,13.20,3521,93,'2009-11-11',1.80,8.39),(39327,2,1928,107,1,31.40,3522,93,'2010-03-17',1.80,4.81),(39328,2,2007,173,1,29.40,3676,93,'2009-12-28',1.80,5.68),(39329,2,2260,869,1,24.40,3523,93,'2009-04-19',1.80,8.58),(39330,2,2110,288,1,31.80,3524,93,'2009-09-16',1.80,6.59),(39331,1,2390,811,1,20.60,3525,93,'2008-12-10',0.52,2.44),(39332,2,2148,1209,1,25.00,3526,93,'2009-08-09',1.80,9.18),(39333,2,2035,12,1,33.60,3527,93,'2009-11-30',1.80,0.87),(39334,1,2468,47,1,10.00,3528,93,'2008-09-23',0.52,0.96),(39335,2,2044,917,1,27.80,3529,93,'2009-11-21',1.80,8.68),(39336,1,2107,83,1,32.60,3530,93,'2009-09-19',0.52,1.26),(39337,1,2253,861,1,23.60,3531,93,'2009-04-26',0.52,2.47),(39338,1,2370,768,1,23.80,3532,93,'2008-12-30',0.52,2.41),(39339,2,2011,141,1,30.20,3677,93,'2009-12-24',1.80,5.31),(39340,2,2124,6,1,36.20,3533,93,'2009-09-02',1.80,0.00),(39341,2,2016,179,1,32.40,3534,93,'2009-12-19',1.80,5.74),(39342,2,2021,932,1,32.40,3535,93,'2009-12-14',1.80,8.71),(39343,2,2079,962,1,36.60,3536,93,'2009-10-17',1.80,8.76),(39344,2,2121,2912,1,31.80,3537,93,'2009-09-05',1.80,10.76),(39345,1,2468,865,1,18.80,3538,93,'2008-09-23',0.52,2.48),(39346,2,1909,786,1,16.40,3539,93,'2010-04-05',1.80,8.40),(39347,1,2397,922,1,21.60,3540,93,'2008-12-03',0.52,2.51),(39348,2,2017,839,1,24.40,3541,93,'2009-12-18',1.80,8.52),(39349,2,2030,1692,1,23.60,3542,93,'2009-12-05',1.80,9.78),(39350,1,2466,1499,1,19.80,3543,93,'2008-09-25',0.52,2.76),(39351,1,2444,885,1,18.60,3544,93,'2008-10-17',0.52,2.49),(39352,1,2463,911,1,23.00,3545,93,'2008-09-28',0.52,2.50),(39353,1,2398,37,1,23.20,3546,93,'2008-12-02',0.52,0.84),(39354,1,2476,193,1,14.40,3548,93,'2008-09-15',0.52,1.70),(39355,2,2003,105,1,23.20,3678,93,'2010-01-01',1.80,4.78),(39356,2,2094,811,1,35.40,3549,93,'2009-10-02',1.80,8.46),(39357,2,2052,884,1,22.80,3550,93,'2009-11-13',1.80,8.61),(39358,1,2169,86,1,21.60,3551,93,'2009-07-19',0.52,1.28),(39359,1,2470,1585,1,23.00,3552,93,'2008-09-21',0.52,2.79),(39360,1,2488,854,1,22.40,3553,93,'2008-09-03',0.52,2.47),(39361,1,2045,909,1,19.60,3554,93,'2009-11-20',0.52,2.50),(39362,2,2023,852,1,19.00,3555,93,'2009-12-12',1.80,8.55),(39363,1,2463,131,1,21.20,3556,93,'2008-09-28',0.52,1.50),(39364,1,2283,462,1,23.20,3557,93,'2009-03-27',0.52,2.15),(39365,2,2039,20,1,27.00,3558,93,'2009-11-26',1.80,1.79),(39366,1,2259,453,1,21.80,3559,93,'2009-04-20',0.52,2.14),(39367,1,2243,37,1,21.40,3560,93,'2009-05-06',0.52,0.84),(39368,2,2068,913,1,17.00,3561,93,'2009-10-28',1.80,8.67),(39369,2,1924,927,1,21.40,3562,93,'2010-03-21',1.80,8.70),(39370,1,2422,239,1,33.80,3563,93,'2008-11-08',0.52,1.81),(39371,1,2283,567,1,22.20,3564,93,'2009-03-27',0.52,2.26),(39372,2,2051,902,1,25.60,3565,93,'2009-11-14',1.80,8.65),(39373,1,2283,50,1,15.00,3566,93,'2009-03-27',0.52,0.99),(39374,1,2287,760,1,20.80,3569,93,'2009-03-23',0.52,2.41),(39375,1,2026,884,1,18.20,3571,93,'2009-12-09',0.52,2.49),(39376,1,2284,842,1,19.80,3573,93,'2009-03-26',0.52,2.46),(39377,1,2299,341,1,20.80,3574,93,'2009-03-11',0.52,1.99),(39378,1,2241,1636,1,21.60,3575,93,'2009-05-08',0.52,2.81),(39379,1,2186,753,1,34.60,3576,93,'2009-07-02',0.52,2.40),(39380,1,2279,423,1,22.20,3577,93,'2009-03-31',0.52,2.10),(39381,1,2296,869,1,18.60,3578,93,'2009-03-14',0.52,2.48),(39382,1,2297,850,1,21.60,3579,93,'2009-03-13',0.52,2.47),(39383,1,2294,907,1,21.60,3580,93,'2009-03-16',0.52,2.50),(39384,2,1914,945,1,20.40,3581,93,'2010-03-31',1.80,8.73),(39385,1,2283,854,1,23.60,3582,93,'2009-03-27',0.52,2.47),(39386,1,2292,92,1,20.80,3583,93,'2009-03-18',0.52,1.31),(39387,2,1909,902,1,21.80,3584,93,'2010-04-05',1.80,8.65),(39388,1,2288,266,1,23.20,3585,93,'2009-03-22',0.52,1.86),(39389,1,2444,671,1,20.60,3586,93,'2008-10-17',0.52,2.34),(39390,1,2283,857,1,21.00,3587,93,'2009-03-27',0.52,2.47),(39391,1,1999,142,1,21.80,3679,93,'2010-01-05',0.52,1.54),(39392,1,2276,1410,1,18.60,3590,93,'2009-04-03',0.52,2.73),(39393,1,2272,917,1,23.20,3591,93,'2009-04-07',0.52,2.51),(39394,1,2288,836,1,31.20,3592,93,'2009-03-22',0.52,2.46),(39395,1,2267,229,1,26.40,3593,93,'2009-04-12',0.52,1.79),(39396,1,2289,962,1,21.20,3594,93,'2009-03-21',0.52,2.53),(39397,1,2220,818,1,20.00,3595,93,'2009-05-29',0.52,2.45),(39398,1,2130,42,1,36.60,3596,93,'2009-08-27',0.52,0.90),(39399,1,2270,879,1,27.00,3597,93,'2009-04-09',0.52,2.48),(39400,1,2131,237,1,34.00,3598,93,'2009-08-26',0.52,1.80),(39401,1,2291,305,1,19.80,3599,93,'2009-03-19',0.52,1.93),(39402,1,2271,883,1,21.80,3600,93,'2009-04-08',0.52,2.49),(39403,1,2277,909,1,28.80,3601,93,'2009-04-02',0.52,2.50),(39404,1,2265,885,1,17.20,3602,93,'2009-04-14',0.52,2.49),(39405,2,1911,790,1,23.00,3604,93,'2010-04-03',1.80,8.41),(39406,1,2178,146,1,21.60,3605,93,'2009-07-10',0.52,1.55),(39407,1,2225,862,1,30.00,3606,93,'2009-05-24',0.52,2.47),(39408,1,2107,916,1,22.20,3607,93,'2009-09-19',0.52,2.51),(39409,1,2079,142,1,25.40,3608,93,'2009-10-17',0.52,1.54),(39410,1,2167,193,1,22.40,3609,93,'2009-07-21',0.52,1.70),(39411,1,2283,852,1,16.80,3611,93,'2009-03-27',0.52,2.47),(39412,1,2149,214,1,24.40,3612,93,'2009-08-08',0.52,1.75),(39413,1,2249,169,1,26.80,3613,93,'2009-04-30',0.52,1.63),(39414,2,1915,982,1,26.20,3614,93,'2010-03-30',1.80,8.80),(39415,1,2263,949,1,20.80,3615,93,'2009-04-16',0.52,2.52),(39416,1,2082,841,1,25.20,3616,93,'2009-10-14',0.52,2.46),(39417,1,2093,142,1,30.00,3618,93,'2009-10-03',0.52,1.54),(39418,1,2287,317,1,19.00,3619,93,'2009-03-23',0.52,1.95),(39419,1,2293,856,1,34.00,3620,93,'2009-03-17',0.52,2.47),(39420,1,2102,919,1,31.80,3621,93,'2009-09-24',0.52,2.51),(39421,1,2275,876,1,23.40,3622,93,'2009-04-04',0.52,2.48),(39422,1,2186,106,1,24.40,3623,93,'2009-07-02',0.52,1.38),(39423,1,2283,942,1,25.60,3624,93,'2009-03-27',0.52,2.52),(39424,1,2167,111,1,22.60,3626,93,'2009-07-21',0.52,1.41),(39425,1,2281,848,1,25.80,3627,93,'2009-03-29',0.52,2.47),(39426,1,2270,901,1,23.00,3629,93,'2009-04-09',0.52,2.50),(39427,1,2272,346,1,21.40,3630,93,'2009-04-07',0.52,2.00),(39428,1,2121,417,1,38.80,3631,93,'2009-09-05',0.52,2.10),(39429,1,2195,113,1,23.40,3632,93,'2009-06-23',0.52,1.42),(39430,1,2114,901,1,28.80,3633,93,'2009-09-12',0.52,2.50),(39431,1,2277,77,1,22.40,3634,93,'2009-04-02',0.52,1.22),(39432,1,2168,106,1,22.20,3635,93,'2009-07-20',0.52,1.38),(39433,1,2178,75,1,33.00,3636,93,'2009-07-10',0.52,1.21),(39434,1,2176,897,1,23.20,3637,93,'2009-07-12',0.52,2.50),(39435,1,2170,929,1,26.20,3638,93,'2009-07-18',0.52,2.51),(39436,1,2098,860,1,22.80,3639,93,'2009-09-28',0.52,2.47),(39437,1,2039,944,1,25.60,3640,93,'2009-11-26',0.52,2.52),(39438,1,2131,1354,1,25.00,3641,93,'2009-08-26',0.52,2.71),(39439,1,2273,770,1,23.00,3642,93,'2009-04-06',0.52,2.42),(39440,1,2139,762,1,23.20,3643,93,'2009-08-18',0.52,2.41),(39441,1,2131,885,1,29.40,3644,93,'2009-08-26',0.52,2.49),(39442,1,2131,156,1,20.80,3645,93,'2009-08-26',0.52,1.59),(39443,1,2098,341,1,21.60,3646,93,'2009-09-28',0.52,1.99),(39444,1,2199,1237,1,13.00,3647,93,'2009-06-19',0.52,2.66),(39445,1,2156,2539,1,20.20,3648,93,'2009-08-01',0.52,3.04),(39446,1,2051,41,1,23.20,3649,93,'2009-11-14',0.52,0.89),(39447,1,2164,902,1,19.20,3650,93,'2009-07-24',0.52,2.50),(39448,1,2167,25,1,21.40,3652,93,'2009-07-21',0.52,0.63),(39449,1,2092,717,1,27.20,3654,93,'2009-10-04',0.52,2.38),(39450,2,3055,127,1,19.80,3657,93,'2007-02-14',1.80,5.12),(39451,2,2255,881,1,34.00,3658,93,'2009-04-24',1.80,8.61),(39452,2,2025,158,1,24.20,3659,93,'2009-12-10',1.80,5.51),(39453,2,1991,0,0,26.23,3660,93,'2010-01-13',NULL,NULL),(39454,2,2105,0,0,26.23,3335,93,'2009-09-21',NULL,NULL),(39455,2,2030,0,0,26.23,3360,93,'2009-12-05',NULL,NULL),(39456,2,2267,0,0,26.23,3375,93,'2009-04-12',NULL,NULL),(39457,2,2274,0,0,26.23,3422,93,'2009-04-05',NULL,NULL),(39458,2,2003,0,0,26.23,3673,93,'2010-01-01',NULL,NULL),(39459,2,2003,0,0,26.23,3674,93,'2010-01-01',NULL,NULL),(39460,1,2631,0,0,23.10,3514,93,'2008-04-13',NULL,NULL),(39461,2,1986,0,0,26.23,3675,93,'2010-01-18',NULL,NULL),(39462,1,2003,0,0,23.10,3680,93,'2010-01-01',NULL,NULL),(39463,1,2003,0,0,23.10,3681,93,'2010-01-01',NULL,NULL),(39464,1,2140,0,0,23.10,3653,93,'2009-08-17',NULL,NULL),(39465,1,2094,0,0,23.10,3655,93,'2009-10-02',NULL,NULL);
/*!40000 ALTER TABLE `dairy_control` ENABLE KEYS */;
UNLOCK TABLES;

--
-- Table structure for table `erogaciones`
--

DROP TABLE IF EXISTS `erogaciones`;
/*!40101 SET @saved_cs_client     = @@character_set_client */;
/*!40101 SET character_set_client = utf8 */;
CREATE TABLE `erogaciones` (
  `id` int(11) NOT NULL AUTO_INCREMENT,
  `schema_id` int(11) NOT NULL,
  `name` varchar(250) NOT NULL,
  `description` varchar(250) DEFAULT NULL,
  `price` decimal(8,2) NOT NULL,
  `days` decimal(6,2) DEFAULT NULL,
  `apply_to` int(11) DEFAULT NULL,
  PRIMARY KEY (`id`),
  KEY `fk_erogaciones_1_idx` (`schema_id`),
  CONSTRAINT `fk_erogaciones_1` FOREIGN KEY (`schema_id`) REFERENCES `schema_controls` (`id`) ON DELETE NO ACTION ON UPDATE NO ACTION
) ENGINE=InnoDB AUTO_INCREMENT=7 DEFAULT CHARSET=latin1;
/*!40101 SET character_set_client = @saved_cs_client */;

--
-- Dumping data for table `erogaciones`
--

LOCK TABLES `erogaciones` WRITE;
/*!40000 ALTER TABLE `erogaciones` DISABLE KEYS */;
INSERT INTO `erogaciones` VALUES (1,91,'Creama','Crema para curar algo',125.00,33.00,NULL),(2,91,'Crema','Usar numeric en lugar de int',12.00,331.00,NULL),(3,92,'Creama','Crema para curar algo',125.00,33.00,NULL),(4,92,'Crema','Usar numeric en lugar de int',12.00,331.00,NULL),(5,93,'Creama','Crema para curar algo',125.00,33.00,0),(6,93,'Crema','Usar numeric en lugar de int',12.00,331.00,0);
/*!40000 ALTER TABLE `erogaciones` ENABLE KEYS */;
UNLOCK TABLES;

--
-- Table structure for table `people`
--

DROP TABLE IF EXISTS `people`;
/*!40101 SET @saved_cs_client     = @@character_set_client */;
/*!40101 SET character_set_client = utf8 */;
CREATE TABLE `people` (
  `id` int(11) NOT NULL AUTO_INCREMENT,
  `type` varchar(250) DEFAULT NULL,
  `first_name` varchar(250) DEFAULT NULL,
  `last_name` varchar(250) DEFAULT NULL,
  `email` varchar(250) DEFAULT NULL,
  `phone` varchar(250) DEFAULT NULL,
  `created_by` int(11) DEFAULT NULL,
  PRIMARY KEY (`id`)
) ENGINE=InnoDB AUTO_INCREMENT=13 DEFAULT CHARSET=latin1;
/*!40101 SET character_set_client = @saved_cs_client */;

--
-- Dumping data for table `people`
--

LOCK TABLES `people` WRITE;
/*!40000 ALTER TABLE `people` DISABLE KEYS */;
INSERT INTO `people` VALUES (12,'veterinary','Veterinario','Demo','vet@vet.com','',5);
/*!40000 ALTER TABLE `people` ENABLE KEYS */;
UNLOCK TABLES;

--
-- Table structure for table `schema_controls`
--

DROP TABLE IF EXISTS `schema_controls`;
/*!40101 SET @saved_cs_client     = @@character_set_client */;
/*!40101 SET character_set_client = utf8 */;
CREATE TABLE `schema_controls` (
  `id` int(11) NOT NULL AUTO_INCREMENT,
  `maquina_control_precio` decimal(10,2) DEFAULT '0.00',
  `maquina_control_dias` int(11) DEFAULT '0',
  `liters_milk` int(11) DEFAULT NULL,
  `dairy_id` int(11) NOT NULL,
  `date` date NOT NULL,
  `milk_price` decimal(10,2) DEFAULT '0.00',
  `desinf_pre_o_producto` varchar(245) DEFAULT NULL,
  `desinf_pre_o_precio` decimal(10,2) DEFAULT NULL,
  `desinf_pre_o_dias` decimal(6,2) DEFAULT NULL,
  `desinf_post_o_producto` varchar(245) DEFAULT NULL,
  `desinf_post_o_precio` decimal(10,2) DEFAULT NULL,
  `desinf_post_o_dias` decimal(6,2) DEFAULT NULL,
  `tmc_ab_pomo_cantidad` decimal(6,2) DEFAULT NULL,
  `tmc_ab_pomo_precio` decimal(10,2) DEFAULT NULL,
  `tmc_ab_inyect_cantidad` decimal(6,2) DEFAULT NULL,
  `tmc_ab_inyect_precio` decimal(10,2) DEFAULT NULL,
  `tmc_ai_inyect_cantidad` decimal(6,2) DEFAULT NULL,
  `tmc_ai_inyect_precio` varchar(100) DEFAULT NULL,
  `ts_pomo_precio` decimal(10,2) DEFAULT NULL,
  `in_ordenio` int(11) NOT NULL,
  `filename` varchar(250) DEFAULT NULL,
  `filetype` varchar(250) DEFAULT NULL,
  PRIMARY KEY (`id`),
  KEY `fk_schema_dairies1_idx` (`dairy_id`),
  CONSTRAINT `fk_schema_dairies1` FOREIGN KEY (`dairy_id`) REFERENCES `dairies` (`id`) ON DELETE NO ACTION ON UPDATE NO ACTION
) ENGINE=InnoDB AUTO_INCREMENT=94 DEFAULT CHARSET=latin1;
/*!40101 SET character_set_client = @saved_cs_client */;

--
-- Dumping data for table `schema_controls`
--

LOCK TABLES `schema_controls` WRITE;
/*!40000 ALTER TABLE `schema_controls` DISABLE KEYS */;
INSERT INTO `schema_controls` VALUES (87,0.00,0,12000,15,'2015-05-26',3.30,'',0.00,0.00,'',0.00,0.00,0.00,0.00,0.00,0.00,0.00,'',0.00,238,'tambo_1_19-12-2014.xls','application/vnd.ms-excel'),(88,0.00,0,15000,15,'2015-05-12',3.00,'',0.00,0.00,'',0.00,0.00,0.00,0.00,0.00,0.00,0.00,'',0.00,155,'tambo_1_esquema_2.csv','text/csv'),(89,0.00,0,15000,16,'2015-05-28',45.00,'',0.00,0.00,'',0.00,0.00,0.00,0.00,0.00,0.00,0.00,'',0.00,3233,'example1.csv','text/csv'),(91,0.00,0,12000,15,'2015-05-26',3.30,'',0.00,0.00,'',0.00,0.00,0.00,0.00,0.00,0.00,0.00,'',0.00,238,'tambo_1_esquema_3.csv','text/csv'),(92,0.00,0,12000,15,'2015-06-26',3.30,'',0.00,0.00,'',0.00,0.00,0.00,0.00,0.00,0.00,0.00,'',0.00,238,'tambo_1_esquema_2.csv','text/csv'),(93,0.00,0,12000,15,'2015-06-27',3.30,'',0.00,0.00,'',0.00,0.00,0.00,0.00,0.00,0.00,0.00,'',0.00,238,'tambo_1_esquema_2.csv','text/csv');
/*!40000 ALTER TABLE `schema_controls` ENABLE KEYS */;
UNLOCK TABLES;

--
-- Table structure for table `users`
--

DROP TABLE IF EXISTS `users`;
/*!40101 SET @saved_cs_client     = @@character_set_client */;
/*!40101 SET character_set_client = utf8 */;
CREATE TABLE `users` (
  `id` int(11) NOT NULL AUTO_INCREMENT,
  `username` varchar(255) NOT NULL,
  `email` varchar(255) DEFAULT NULL,
  `password` varchar(255) NOT NULL,
  `disable` tinyint(1) DEFAULT '0',
  `role` int(11) DEFAULT '1',
  `person_id` int(11) DEFAULT NULL,
  PRIMARY KEY (`id`),
  UNIQUE KEY `username_UNIQUE` (`username`),
  KEY `fk_users_1_idx` (`person_id`),
  CONSTRAINT `fk_users_1` FOREIGN KEY (`person_id`) REFERENCES `people` (`id`) ON DELETE NO ACTION ON UPDATE NO ACTION
) ENGINE=InnoDB AUTO_INCREMENT=15 DEFAULT CHARSET=latin1;
/*!40101 SET character_set_client = @saved_cs_client */;

--
-- Dumping data for table `users`
--

LOCK TABLES `users` WRITE;
/*!40000 ALTER TABLE `users` DISABLE KEYS */;
INSERT INTO `users` VALUES (5,'mmarozzi',NULL,'2bTHm3i5rgfYo',0,1,NULL),(14,'vet@vet.com','vet@vet.com','2bNNs9lNRVBnA',0,3,12);
/*!40000 ALTER TABLE `users` ENABLE KEYS */;
UNLOCK TABLES;
/*!40103 SET TIME_ZONE=@OLD_TIME_ZONE */;

/*!40101 SET SQL_MODE=@OLD_SQL_MODE */;
/*!40014 SET FOREIGN_KEY_CHECKS=@OLD_FOREIGN_KEY_CHECKS */;
/*!40014 SET UNIQUE_CHECKS=@OLD_UNIQUE_CHECKS */;
/*!40101 SET CHARACTER_SET_CLIENT=@OLD_CHARACTER_SET_CLIENT */;
/*!40101 SET CHARACTER_SET_RESULTS=@OLD_CHARACTER_SET_RESULTS */;
/*!40101 SET COLLATION_CONNECTION=@OLD_COLLATION_CONNECTION */;
/*!40111 SET SQL_NOTES=@OLD_SQL_NOTES */;

-- Dump completed on 2015-06-08 18:55:54
